"","exp_id","cmap_score","p","q","subset_comparison_id","analysis_id","name","concentration","duration","cell_line","array_platform","vehicle","vendor","vendor_catalog_id","vendor_catalog_name","drug_concept_id","cas_number","DrugBank.ID","valid"
"1",1,0.0887255038333762,0.1744,0.369512313562261,"preeclampsia_vs_PretermControls","cmap","metformin",1e-05,6,"MCF7","HG-U133A","medium","Sigma-Aldrich","D5035","1,1-dimethylbiguanide hydrochloride","C0025598","NULL","DB00331",1
"2",2,0.139794780487918,0.00261,0.0144473684210526,"preeclampsia_vs_PretermControls","cmap","metformin",1e-05,6,"MCF7","HG-U133A","medium","Sigma-Aldrich","D5035","1,1-dimethylbiguanide hydrochloride","C0025598","NULL","DB00331",1
"3",3,0.124649309581602,0.01203,0.0465332910589727,"preeclampsia_vs_PretermControls","cmap","metformin",1e-07,6,"MCF7","HG-U133A","medium","Sigma-Aldrich","D5035","1,1-dimethylbiguanide hydrochloride","C0025598","NULL","DB00331",1
"4",4,0,1,1,"preeclampsia_vs_PretermControls","cmap","metformin",0.001,6,"MCF7","HG-U133A","medium","Sigma-Aldrich","D5035","1,1-dimethylbiguanide hydrochloride","C0025598","NULL","DB00331",1
"5",7,0,1,1,"preeclampsia_vs_PretermControls","cmap","valproic acid",0.001,6,"MCF7","HG-U133A","medium","Sigma-Aldrich","P4543","2-propylpentanoic acid","NULL","NULL","DB00313",1
"6",12,0.123277928304323,0.01385,0.0517995095033722,"preeclampsia_vs_PretermControls","cmap","mesalazine",1e-04,6,"MCF7","HG-U133A","DMSO","Sigma-Aldrich","A3537","5-aminosalicylic acid","NULL","NULL","DB00244",1
"7",43,0,1,1,"preeclampsia_vs_PretermControls","cmap","ciclosporin",1e-06,6,"MCF7","HG-U133A","ethanol","Calbiochem","239835","cyclosporine A","NULL","NULL","DB00091",1
"8",49,0.101933669956392,0.07629,0.189711491442543,"preeclampsia_vs_PretermControls","cmap","genistein",1e-06,6,"MCF7","HG-U133A","DMSO","Calbiochem","345834","genistein","NULL","NULL","DB01645",1
"9",50,0,1,1,"preeclampsia_vs_PretermControls","cmap","genistein",1e-06,6,"MCF7","HG-U133A","DMSO","Calbiochem","345834","genistein","NULL","NULL","DB01645",1
"10",51,-0.121585332653728,0.01599,0.0575791027154664,"preeclampsia_vs_PretermControls","cmap","fludrocortisone",1e-06,6,"MCF7","HG-U133A","DMSO","Sigma-Aldrich","F6127","fludrocortisone acetate","C0616274","NULL","DB00687",1
"11",52,0,1,1,"preeclampsia_vs_PretermControls","cmap","fludrocortisone",1e-06,6,"MCF7","HG-U133A","DMSO","Sigma-Aldrich","F6127","fludrocortisone acetate","C0616274","NULL","DB00687",1
"12",60,-0.170484890877363,7e-05,0.000807183364839319,"preeclampsia_vs_PretermControls","cmap","staurosporine",1e-06,6,"MCF7","HG-U133A","DMSO","Calbiochem","569397","staurosporine","EXPT02970","NULL","DB02010",1
"13",63,0,1,1,"preeclampsia_vs_PretermControls","cmap","acetylsalicylic acid",1e-04,6,"MCF7","HG-U133A","DMSO","Sigma-Aldrich","A2093","aspirin, USP","EXPT00475","NULL","DB00945",1
"14",68,-0.115651912415741,0.02641,0.0836019719771666,"preeclampsia_vs_PretermControls","cmap","sirolimus",1e-07,6,"MCF7","HG-U133A","DMSO","Calbiochem","553210","rapamycin","C0072980","NULL","DB00877",1
"15",83,-0.0850382658679651,0.21056,0.427284098469727,"preeclampsia_vs_PretermControls","cmap","valproic acid",0.01,6,"MCF7","HG-U133A","medium","Sigma-Aldrich","P4543","2-propylpentanoic acid","NULL","NULL","DB00313",1
"16",84,0,1,1,"preeclampsia_vs_PretermControls","cmap","valproic acid",0.002,6,"MCF7","HG-U133A","medium","Sigma-Aldrich","P4543","2-propylpentanoic acid","NULL","NULL","DB00313",1
"17",85,-0.087995392132413,0.1811,0.380017199862401,"preeclampsia_vs_PretermControls","cmap","valproic acid",5e-04,6,"MCF7","HG-U133A","medium","Sigma-Aldrich","P4543","2-propylpentanoic acid","NULL","NULL","DB00313",1
"18",86,-0.13331791636818,0.0051,0.0239123750960799,"preeclampsia_vs_PretermControls","cmap","valproic acid",5e-05,6,"MCF7","HG-U133A","medium","Sigma-Aldrich","P4543","2-propylpentanoic acid","NULL","NULL","DB00313",1
"19",88,0.142367476198094,0.00193,0.0114858536585366,"preeclampsia_vs_PretermControls","cmap","sirolimus",1e-07,6,"HL60","HG-U133A","DMSO","Calbiochem","553210","rapamycin","C0072980","NULL","DB00877",1
"20",93,0,1,1,"preeclampsia_vs_PretermControls","cmap","fulvestrant",1e-06,6,"MCF7","HG-U133A","DMSO","Tocris","1047","ICI 182,780","C0935916","NULL","DB00947",1
"21",98,0.110912892987715,0.03833,0.111552003816794,"preeclampsia_vs_PretermControls","cmap","estradiol",1e-08,6,"ssMCF7","HG-U133A","DMSO","Sigma-Aldrich","E1024","estradiol, USP","C1330622","NULL","DB00783",1
"22",101,0,1,1,"preeclampsia_vs_PretermControls","cmap","raloxifene",1e-07,6,"ssMCF7","HG-U133A","DMSO","Sigma-Aldrich","R1402","raloxifene hydrochloride","C0618111","NULL","DB00481",1
"23",107,0,1,1,"preeclampsia_vs_PretermControls","cmap","genistein",1e-05,6,"MCF7","HG-U133A","DMSO","Calbiochem","345834","genistein","NULL","NULL","DB01645",1
"24",109,-0.121847305144298,0.01557,0.0564331550802139,"preeclampsia_vs_PretermControls","cmap","tretinoin",1e-06,6,"MCF7","HG-U133A","DMSO","Sigma-Aldrich","R2625","retinoic acid","C0040845","NULL","DB00755",1
"25",113,0.116046237316607,0.02552,0.0815890985324948,"preeclampsia_vs_PretermControls","cmap","tretinoin",1e-06,6,"HL60","HG-U133A","DMSO","Sigma-Aldrich","R2625","retinoic acid","C0040845","NULL","DB00755",1
"26",115,0.137095072830671,0.00344,0.0178739352640545,"preeclampsia_vs_PretermControls","cmap","sirolimus",1e-07,6,"ssMCF7","HG-U133A","DMSO","Calbiochem","553210","rapamycin","C0072980","NULL","DB00877",1
"27",120,0,1,1,"preeclampsia_vs_PretermControls","cmap","sodium phenylbutyrate",0.001,6,"MCF7","HG-U133A","medium","Calbiochem","567616","sodium 4-phenylbutyrate","NULL","NULL","DB06819",1
"28",121,0,1,1,"preeclampsia_vs_PretermControls","cmap","sodium phenylbutyrate",0.001,6,"MCF7","HG-U133A","medium","Calbiochem","567616","sodium 4-phenylbutyrate","NULL","NULL","DB06819",1
"29",122,0,1,1,"preeclampsia_vs_PretermControls","cmap","valproic acid",0.001,6,"HL60","HG-U133A","medium","Sigma-Aldrich","P4543","2-propylpentanoic acid","NULL","NULL","DB00313",1
"30",123,0.140262091719517,0.0025,0.0140552995391705,"preeclampsia_vs_PretermControls","cmap","valproic acid",0.01,6,"HL60","HG-U133A","medium","Sigma-Aldrich","P4543","2-propylpentanoic acid","NULL","NULL","DB00313",1
"31",130,0.124857504849472,0.01183,0.0459052162849873,"preeclampsia_vs_PretermControls","cmap","thioridazine",1e-05,6,"MCF7","HG-U133A","DMSO","Sigma-Aldrich","T9025","thioridazine hydrochloride","C0039943","NULL","DB00679",1
"32",131,0,1,1,"preeclampsia_vs_PretermControls","cmap","haloperidol",1e-05,6,"MCF7","HG-U133A","DMSO","Sigma-Aldrich","H1512","haloperidol","C0720809","NULL","DB00502",1
"33",132,0.109782412140686,0.04206,0.120284106891702,"preeclampsia_vs_PretermControls","cmap","chlorpromazine",1e-05,6,"MCF7","HG-U133A","DMSO","Sigma-Aldrich","C0982","chlorpromazine hydrochloride","C0008286","NULL","DB00477",1
"34",135,0,1,1,"preeclampsia_vs_PretermControls","cmap","staurosporine",1e-07,6,"MCF7","HG-U133A","DMSO","Calbiochem","569397","staurosporine","EXPT02970","NULL","DB02010",1
"35",142,-0.125829510555239,0.01074,0.04265234375,"preeclampsia_vs_PretermControls","cmap","rosiglitazone",1e-05,6,"PC3","HG-U133A","DMSO","LKT Laboratories","R5772","rosiglitazone maleate","C0289313","NULL","DB00412",1
"36",145,-0.118011155192702,0.02149,0.0713603701687534,"preeclampsia_vs_PretermControls","cmap","valproic acid",0.001,6,"PC3","HG-U133A","medium","Sigma-Aldrich","P4543","2-propylpentanoic acid","NULL","NULL","DB00313",1
"37",153,0,1,1,"preeclampsia_vs_PretermControls","cmap","arachidonic acid",1e-05,6,"MCF7","HG-U133A","ethanol","Sigma-Aldrich","A8798","arachidonic acid sodium salt","EXPT00409","NULL","DB04557",1
"38",155,0,1,1,"preeclampsia_vs_PretermControls","cmap","arachidonic acid",1e-05,6,"MCF7","HG-U133A","ethanol","Sigma-Aldrich","A8798","arachidonic acid sodium salt","EXPT00409","NULL","DB04557",1
"39",159,0,1,1,"preeclampsia_vs_PretermControls","cmap","tretinoin",1e-06,6,"PC3","HG-U133A","DMSO","Sigma-Aldrich","R2625","retinoic acid","C0040845","NULL","DB00755",1
"40",167,0,1,1,"preeclampsia_vs_PretermControls","cmap","prochlorperazine",1e-05,6,"MCF7","HG-U133A","DMSO","Sigma-Aldrich","P9178","prochlorperazine dimaleate salt","C0770888","NULL","DB00433",1
"41",170,0,1,1,"preeclampsia_vs_PretermControls","cmap","valproic acid",0.001,6,"PC3","HG-U133A","medium","Sigma-Aldrich","P4543","2-propylpentanoic acid","NULL","NULL","DB00313",1
"42",172,0.144282052963485,0.00155,0.0096974358974359,"preeclampsia_vs_PretermControls","cmap","deferoxamine",1e-04,6,"PC3","HG-U133A","medium","Sigma-Aldrich","D-9533","deferoxamine mesylate salt","C0011145","NULL","DB00746",1
"43",181,0,1,1,"preeclampsia_vs_PretermControls","cmap","deferoxamine",1e-04,6,"MCF7","HG-U133A","DMSO","Sigma-Aldrich","D-9533","deferoxamine mesylate salt","C0011145","NULL","DB00746",1
"44",186,0.102263619505988,0.07468,0.186929831760361,"preeclampsia_vs_PretermControls","cmap","fluphenazine",1e-05,6,"MCF7","HG-U133A","DMSO","Sigma-Aldrich","F8548","fluphenazine dihydrochloride","C0700567","NULL","DB00623",1
"45",193,0.0950174802883088,0.1206,0.272972170686456,"preeclampsia_vs_PretermControls","cmap","valproic acid",0.001,6,"ssMCF7","HG-U133A","medium","Sigma-Aldrich","P4543","2-propylpentanoic acid","NULL","NULL","DB00313",1
"46",206,-0.19836604180763,0,0,"preeclampsia_vs_PretermControls","cmap","fulvestrant",1e-06,6,"ssMCF7","HG-U133A","DMSO","Tocris","1047","ICI 182,780","C0935916","NULL","DB00947",1
"47",213,0.168776149640276,9e-05,0.000968253968253968,"preeclampsia_vs_PretermControls","cmap","deferoxamine",1e-04,12,"MCF7","HG-U133A","medium","Sigma-Aldrich","D-9533","deferoxamine mesylate salt","C0011145","NULL","DB00746",1
"48",225,0,1,1,"preeclampsia_vs_PretermControls","cmap","geldanamycin",1e-06,6,"MCF7","HG-U133A","DMSO","Calbiochem","345805","geldanamycin","EXPT01571","NULL","DB02424",1
"49",227,0,1,1,"preeclampsia_vs_PretermControls","cmap","resveratrol",5e-05,6,"MCF7","HG-U133A","DMSO","Sigma-Aldrich","R5010","resveratrol","EXPT02968","NULL","DB02709",1
"50",239,0,1,1,"preeclampsia_vs_PretermControls","cmap","geldanamycin",1e-06,6,"MCF7","HG-U133A","DMSO","Calbiochem","345805","geldanamycin","EXPT01571","NULL","DB02424",1
"51",243,0.0960205765978086,0.11324,0.259484791588434,"preeclampsia_vs_PretermControls","cmap","resveratrol",5e-05,6,"MCF7","HG-U133A","DMSO","Sigma-Aldrich","R5010","resveratrol","EXPT02968","NULL","DB02709",1
"52",246,0.149162739563245,0.00096,0.0065503355704698,"preeclampsia_vs_PretermControls","cmap","valproic acid",0.001,6,"SKMEL5","HG-U133A","DMSO","Sigma-Aldrich","P4543","2-propylpentanoic acid","NULL","NULL","DB00313",1
"53",258,-0.160657403571106,0.00025,0.00222627737226277,"preeclampsia_vs_PretermControls","cmap","resveratrol",5e-05,6,"PC3","HG-U133A","DMSO","Sigma-Aldrich","R5010","resveratrol","EXPT02968","NULL","DB02709",1
"54",261,0,1,1,"preeclampsia_vs_PretermControls","cmap","estradiol",1e-08,6,"PC3","HG-U133A","DMSO","Sigma-Aldrich","E1024","estradiol, USP","C1330622","NULL","DB00783",1
"55",273,0.119642935800843,0.01867,0.0642340665538635,"preeclampsia_vs_PretermControls","cmap","prazosin",1e-05,6,"MCF7","HT_HG-U133A_EA","DMSO","Sigma-Aldrich","P7791","prazosin hydrochloride","C0700578","NULL","DB00457",1
"56",279,0.0750350814615216,0.32265,0.620480769230769,"preeclampsia_vs_PretermControls","cmap","carbamazepine",1e-07,6,"MCF7","HT_HG-U133A_EA","DMSO","Sigma-Aldrich","C4024","carbamazepine","C0006949","NULL","DB00564",1
"57",284,0,1,1,"preeclampsia_vs_PretermControls","cmap","resveratrol",1e-05,6,"MCF7","HT_HG-U133A_EA","DMSO","Sigma-Aldrich","R 5010","resveratrol","EXPT02968","NULL","DB02709",1
"58",288,0,1,1,"preeclampsia_vs_PretermControls","cmap","felodipine",1e-05,6,"MCF7","HT_HG-U133A_EA","DMSO","Sigma-Aldrich","F9677","felodipine","C0015772","NULL","DB01023",1
"59",289,0,1,1,"preeclampsia_vs_PretermControls","cmap","tretinoin",1e-06,6,"MCF7","HT_HG-U133A_EA","DMSO","Sigma-Aldrich","R2625","retinoic acid","C0040845","NULL","DB00755",1
"60",291,0,1,1,"preeclampsia_vs_PretermControls","cmap","oxaprozin",3e-04,6,"MCF7","HT_HG-U133A_EA","DMSO","Sigma-Aldrich","O9637","oxaprozin","C0069739","NULL","DB00991",1
"61",292,-0.128378650268712,0.00855,0.035625,"preeclampsia_vs_PretermControls","cmap","geldanamycin",1e-06,6,"MCF7","HT_HG-U133A_EA","DMSO","Calbiochem","345805","geldanamycin","EXPT01571","NULL","DB02424",1
"62",297,0.0921903052956531,0.14247,0.312164870689655,"preeclampsia_vs_PretermControls","cmap","pyrvinium",1.25e-06,6,"MCF7","HT_HG-U133A_EA","DMSO","MP Biomedicals","2156475","pyrvinium pamoate","C0072804","NULL","DB06816",1
"63",315,0.170110603063323,7e-05,0.000807183364839319,"preeclampsia_vs_PretermControls","cmap","clotrimazole",5e-05,6,"MCF7","HT_HG-U133A_EA","DMSO","Calbiochem","233230","clotrimazole","C0009074","NULL","DB00257",1
"64",319,0.155410005163276,0.00049,0.00394327176781003,"preeclampsia_vs_PretermControls","cmap","trifluoperazine",1e-05,6,"MCF7","HT_HG-U133A_EA","DMSO","Sigma-Aldrich","T6062","trifluoperazine dihydrochloride","C0304381","NULL","DB00831",1
"65",329,0.157018105577894,0.00037,0.0030875512995896,"preeclampsia_vs_PretermControls","cmap","sirolimus",1e-07,6,"MCF7","HT_HG-U133A_EA","DMSO","Calbiochem","553210","rapamycin","C0072980","NULL","DB00877",1
"66",338,0.126623707814894,0.00992,0.0398892551087673,"preeclampsia_vs_PretermControls","cmap","carbamazepine",1e-07,6,"MCF7","HT_HG-U133A_EA","DMSO","Sigma-Aldrich","C4024","carbamazepine","C0006949","NULL","DB00564",1
"67",343,0.0946051468486631,0.1236,0.278214022140221,"preeclampsia_vs_PretermControls","cmap","resveratrol",1e-05,6,"MCF7","HT_HG-U133A_EA","DMSO","Sigma-Aldrich","R 5010","resveratrol","EXPT02968","NULL","DB02709",1
"68",348,0,1,1,"preeclampsia_vs_PretermControls","cmap","tretinoin",1e-06,6,"MCF7","HT_HG-U133A_EA","DMSO","Sigma-Aldrich","R2625","retinoic acid","C0040845","NULL","DB00755",1
"69",350,0.109424352711018,0.04324,0.122509986065954,"preeclampsia_vs_PretermControls","cmap","oxaprozin",3e-04,6,"MCF7","HT_HG-U133A_EA","DMSO","Sigma-Aldrich","O9637","oxaprozin","C0069739","NULL","DB00991",1
"70",351,0,1,1,"preeclampsia_vs_PretermControls","cmap","geldanamycin",1e-06,6,"MCF7","HT_HG-U133A_EA","DMSO","Calbiochem","345805","geldanamycin","EXPT01571","NULL","DB02424",1
"71",356,0.12567372634506,0.01096,0.0433962386511025,"preeclampsia_vs_PretermControls","cmap","pyrvinium",1.25e-06,6,"MCF7","HT_HG-U133A_EA","DMSO","MP Biomedicals","2156475","pyrvinium pamoate","C0072804","NULL","DB06816",1
"72",361,0,1,1,"preeclampsia_vs_PretermControls","cmap","acetylsalicylic acid",1e-04,6,"MCF7","HT_HG-U133A_EA","DMSO","Sigma-Aldrich","A2093","aspirin, USP","EXPT00475","NULL","DB00945",1
"73",362,0,1,1,"preeclampsia_vs_PretermControls","cmap","fulvestrant",1e-06,6,"MCF7","HT_HG-U133A_EA","DMSO","Tocris","1047","ICI 182,780","C0935916","NULL","DB00947",1
"74",364,0.111742196548256,0.03618,0.106720502901354,"preeclampsia_vs_PretermControls","cmap","sirolimus",1e-07,6,"MCF7","HT_HG-U133A_EA","DMSO","Sigma-Aldrich","R0395","Rapamycin","C0072980","NULL","DB00877",1
"75",366,0.126338220726561,0.01021,0.04084,"preeclampsia_vs_PretermControls","cmap","valproic acid",0.001,6,"MCF7","HT_HG-U133A_EA","DMSO","Sigma-Aldrich","P4543","2-propylpentanoic acid","NULL","NULL","DB00313",1
"76",368,0,1,1,"preeclampsia_vs_PretermControls","cmap","tretinoin",1e-06,6,"MCF7","HT_HG-U133A_EA","DMSO","Sigma-Aldrich","R2625","retinoic acid","C0040845","NULL","DB00755",1
"77",371,-0.0997094705208086,0.08884,0.214030015797788,"preeclampsia_vs_PretermControls","cmap","valproic acid",2e-04,6,"MCF7","HT_HG-U133A_EA","DMSO","Sigma-Aldrich","P4543","2-propylpentanoic acid","NULL","NULL","DB00313",1
"78",372,0.194249952225624,1e-05,0.000204697986577181,"preeclampsia_vs_PretermControls","cmap","prochlorperazine",1e-05,6,"MCF7","HT_HG-U133A_EA","DMSO","Sigma-Aldrich","P9178","prochlorperazine dimaleate salt","C0770888","NULL","DB00433",1
"79",374,0,1,1,"preeclampsia_vs_PretermControls","cmap","chlorpromazine",1e-06,6,"MCF7","HT_HG-U133A_EA","DMSO","Sigma-Aldrich","C0982","chlorpromazine hydrochloride","C0008286","NULL","DB00477",1
"80",377,0,1,1,"preeclampsia_vs_PretermControls","cmap","vorinostat",1e-05,6,"MCF7","HT_HG-U133A_EA","DMSO","BioVision","1604-1","SAHA","MMS_422","NULL","DB02546",1
"81",378,0.120874554257616,0.01684,0.0596538908246225,"preeclampsia_vs_PretermControls","cmap","sirolimus",1e-07,6,"MCF7","HT_HG-U133A_EA","DMSO","Sigma-Aldrich","R0395","Rapamycin","C0072980","NULL","DB00877",1
"82",379,0,1,1,"preeclampsia_vs_PretermControls","cmap","valproic acid",5e-05,6,"MCF7","HT_HG-U133A_EA","DMSO","Sigma-Aldrich","P4543","2-propylpentanoic acid","NULL","NULL","DB00313",1
"83",381,0.172661274537566,6e-05,0.000742393509127789,"preeclampsia_vs_PretermControls","cmap","trifluoperazine",1e-05,6,"MCF7","HT_HG-U133A_EA","DMSO","Sigma-Aldrich","T6062","trifluoperazine dihydrochloride","C0304381","NULL","DB00831",1
"84",385,0,1,1,"preeclampsia_vs_PretermControls","cmap","geldanamycin",1e-06,6,"MCF7","HT_HG-U133A_EA","DMSO","MP Biomedicals","195994","geldanamycin","EXPT01571","NULL","DB02424",1
"85",387,0.205797524078451,0,0,"preeclampsia_vs_PretermControls","cmap","thioridazine",1e-05,6,"MCF7","HT_HG-U133A_EA","DMSO","Sigma-Aldrich","T9025","thioridazine hydrochloride","C0039943","NULL","DB00679",1
"86",390,0.0797926476145434,0.26759,0.526397936149629,"preeclampsia_vs_PretermControls","cmap","rosiglitazone",1e-05,6,"MCF7","HT_HG-U133A_EA","DMSO","LKT Laboratories","R5772","rosiglitazone","C0289313","NULL","DB00412",1
"87",392,0,1,1,"preeclampsia_vs_PretermControls","cmap","genistein",1e-05,6,"MCF7","HT_HG-U133A_EA","DMSO","Calbiochem","345834","genistein","NULL","NULL","DB01645",1
"88",394,0.194119131576097,1e-05,0.000204697986577181,"preeclampsia_vs_PretermControls","cmap","fluphenazine",1e-05,6,"MCF7","HT_HG-U133A_EA","DMSO","Sigma-Aldrich","F8548","fluphenazine dihydrochloride","C0700567","NULL","DB00623",1
"89",396,0,1,1,"preeclampsia_vs_PretermControls","cmap","valproic acid",5e-04,6,"MCF7","HT_HG-U133A_EA","DMSO","Sigma-Aldrich","P4543","2-propylpentanoic acid","NULL","NULL","DB00313",1
"90",397,0,1,1,"preeclampsia_vs_PretermControls","cmap","estradiol",1e-08,6,"MCF7","HT_HG-U133A_EA","DMSO","Sigma-Aldrich","E1024","estradiol, USP","C1330622","NULL","DB00783",1
"91",398,0.0954148687107144,0.11753,0.266914743112435,"preeclampsia_vs_PretermControls","cmap","sirolimus",1e-07,6,"MCF7","HT_HG-U133A_EA","DMSO","Sigma-Aldrich","R0395","Rapamycin","C0072980","NULL","DB00877",1
"92",400,0.0912029405832482,0.15121,0.328132692991818,"preeclampsia_vs_PretermControls","cmap","haloperidol",1e-05,6,"MCF7","HT_HG-U133A_EA","DMSO","Sigma-Aldrich","H1512","haloperidol","C0720809","NULL","DB00502",1
"93",401,0.147269814443328,0.00118,0.00779848320693391,"preeclampsia_vs_PretermControls","cmap","haloperidol",1e-05,6,"MCF7","HT_HG-U133A_EA","DMSO","Sigma-Aldrich","H1512","haloperidol","C0720809","NULL","DB00502",1
"94",402,0.11872114700896,0.0202,0.0681903707802988,"preeclampsia_vs_PretermControls","cmap","acetylsalicylic acid",1e-04,6,"MCF7","HT_HG-U133A_EA","DMSO","Sigma-Aldrich","A2093","aspirin, USP","EXPT00475","NULL","DB00945",1
"95",403,0.121056750991339,0.01661,0.0592174167153711,"preeclampsia_vs_PretermControls","cmap","fulvestrant",1e-06,6,"MCF7","HT_HG-U133A_EA","DMSO","Tocris","1047","ICI 182,780","C0935916","NULL","DB00947",1
"96",405,0.152120114221331,0.00068,0.00503398058252427,"preeclampsia_vs_PretermControls","cmap","sirolimus",1e-07,6,"MCF7","HT_HG-U133A_EA","DMSO","Sigma-Aldrich","R0395","Rapamycin","C0072980","NULL","DB00877",1
"97",406,0,1,1,"preeclampsia_vs_PretermControls","cmap","valproic acid",0.001,6,"MCF7","HT_HG-U133A_EA","DMSO","Sigma-Aldrich","P4543","2-propylpentanoic acid","NULL","NULL","DB00313",1
"98",408,0.109810149430301,0.04186,0.119768292682927,"preeclampsia_vs_PretermControls","cmap","tretinoin",1e-06,6,"MCF7","HT_HG-U133A_EA","DMSO","Sigma-Aldrich","R2625","retinoic acid","C0040845","NULL","DB00755",1
"99",411,0.135329946237681,0.00425,0.0210089141004862,"preeclampsia_vs_PretermControls","cmap","prochlorperazine",1e-05,6,"MCF7","HT_HG-U133A_EA","DMSO","Sigma-Aldrich","P9178","prochlorperazine dimaleate salt","C0770888","NULL","DB00433",1
"100",413,0,1,1,"preeclampsia_vs_PretermControls","cmap","chlorpromazine",1e-06,6,"MCF7","HT_HG-U133A_EA","DMSO","Sigma-Aldrich","C0982","chlorpromazine hydrochloride","C0008286","NULL","DB00477",1
"101",416,0,1,1,"preeclampsia_vs_PretermControls","cmap","vorinostat",1e-05,6,"MCF7","HT_HG-U133A_EA","DMSO","BioVision","1604-1","SAHA","MMS_422","NULL","DB02546",1
"102",417,0.0929084941019758,0.13654,0.301554670528602,"preeclampsia_vs_PretermControls","cmap","sirolimus",1e-07,6,"MCF7","HT_HG-U133A_EA","DMSO","Sigma-Aldrich","R0395","Rapamycin","C0072980","NULL","DB00877",1
"103",423,0,1,1,"preeclampsia_vs_PretermControls","cmap","geldanamycin",1e-06,6,"MCF7","HT_HG-U133A_EA","DMSO","MP Biomedicals","195994","geldanamycin","EXPT01571","NULL","DB02424",1
"104",424,0.170696522257229,7e-05,0.000807183364839319,"preeclampsia_vs_PretermControls","cmap","thioridazine",1e-05,6,"MCF7","HT_HG-U133A_EA","DMSO","Sigma-Aldrich","T9025","thioridazine hydrochloride","C0039943","NULL","DB00679",1
"105",427,0,1,1,"preeclampsia_vs_PretermControls","cmap","rosiglitazone",1e-05,6,"MCF7","HT_HG-U133A_EA","DMSO","LKT Laboratories","R5772","rosiglitazone","C0289313","NULL","DB00412",1
"106",429,-0.154892228624154,0.00051,0.00406666666666667,"preeclampsia_vs_PretermControls","cmap","genistein",1e-05,6,"MCF7","HT_HG-U133A_EA","DMSO","Calbiochem","345834","genistein","NULL","NULL","DB01645",1
"107",431,0.160580691335798,0.00025,0.00222627737226277,"preeclampsia_vs_PretermControls","cmap","fluphenazine",1e-05,6,"MCF7","HT_HG-U133A_EA","DMSO","Sigma-Aldrich","F8548","fluphenazine dihydrochloride","C0700567","NULL","DB00623",1
"108",432,0,1,1,"preeclampsia_vs_PretermControls","cmap","fulvestrant",1e-08,6,"MCF7","HT_HG-U133A_EA","DMSO","Tocris","1047","ICI 182,780","C0935916","NULL","DB00947",1
"109",434,0,1,1,"preeclampsia_vs_PretermControls","cmap","valproic acid",5e-04,6,"MCF7","HT_HG-U133A_EA","DMSO","Sigma-Aldrich","P4543","2-propylpentanoic acid","NULL","NULL","DB00313",1
"110",436,0.124150742150513,0.01271,0.048578320802005,"preeclampsia_vs_PretermControls","cmap","sirolimus",1e-07,6,"MCF7","HT_HG-U133A_EA","DMSO","Sigma-Aldrich","R0395","Rapamycin","C0072980","NULL","DB00877",1
"111",438,0,1,1,"preeclampsia_vs_PretermControls","cmap","haloperidol",1e-05,6,"MCF7","HT_HG-U133A_EA","DMSO","Sigma-Aldrich","H1512","haloperidol","C0720809","NULL","DB00502",1
"112",458,0.215320315188344,0,0,"preeclampsia_vs_PretermControls","cmap","fulvestrant",1e-06,6,"HL60","HT_HG-U133A","DMSO","Tocris","1047","ICI 182,780","C0935916","NULL","DB00947",1
"113",460,0.227699798734915,0,0,"preeclampsia_vs_PretermControls","cmap","sirolimus",1e-07,6,"HL60","HT_HG-U133A","DMSO","Sigma-Aldrich","R0395","Rapamycin","C0072980","NULL","DB00877",1
"114",462,0.142933606698812,0.0018,0.0108284023668639,"preeclampsia_vs_PretermControls","cmap","valproic acid",0.001,6,"HL60","HT_HG-U133A","DMSO","Sigma-Aldrich","P4543","2-propylpentanoic acid","NULL","NULL","DB00313",1
"115",464,0.185499416937333,2e-05,0.000301980198019802,"preeclampsia_vs_PretermControls","cmap","tretinoin",1e-06,6,"HL60","HT_HG-U133A","DMSO","Sigma-Aldrich","R2625","retinoic acid","C0040845","NULL","DB00755",1
"116",467,0.189107168938475,1e-05,0.000204697986577181,"preeclampsia_vs_PretermControls","cmap","valproic acid",2e-04,6,"HL60","HT_HG-U133A","DMSO","Sigma-Aldrich","P4543","2-propylpentanoic acid","NULL","NULL","DB00313",1
"117",468,0.171515020694502,7e-05,0.000807183364839319,"preeclampsia_vs_PretermControls","cmap","prochlorperazine",1e-05,6,"HL60","HT_HG-U133A","DMSO","Sigma-Aldrich","P9178","prochlorperazine dimaleate salt","C0770888","NULL","DB00433",1
"118",470,0.242321117665391,0,0,"preeclampsia_vs_PretermControls","cmap","chlorpromazine",1e-06,6,"HL60","HT_HG-U133A","DMSO","Sigma-Aldrich","C0982","chlorpromazine hydrochloride","C0008286","NULL","DB00477",1
"119",473,0.15736155118184,0.00036,0.00302063273727648,"preeclampsia_vs_PretermControls","cmap","vorinostat",1e-05,6,"HL60","HT_HG-U133A","DMSO","BioVision","1604-1","SAHA","MMS_422","NULL","DB02546",1
"120",474,0.156918706723618,0.00037,0.0030875512995896,"preeclampsia_vs_PretermControls","cmap","sirolimus",1e-07,6,"HL60","HT_HG-U133A","DMSO","Sigma-Aldrich","R0395","Rapamycin","C0072980","NULL","DB00877",1
"121",477,0,1,1,"preeclampsia_vs_PretermControls","cmap","trifluoperazine",1e-05,6,"HL60","HT_HG-U133A","DMSO","Sigma-Aldrich","T6062","trifluoperazine dihydrochloride","C0304381","NULL","DB00831",1
"122",481,0.199334983991858,0,0,"preeclampsia_vs_PretermControls","cmap","geldanamycin",1e-06,6,"HL60","HT_HG-U133A","DMSO","MP Biomedicals","195994","geldanamycin","EXPT01571","NULL","DB02424",1
"123",482,-0.13460844551618,0.0045,0.0217684377478192,"preeclampsia_vs_PretermControls","cmap","clozapine",1e-05,6,"HL60","HT_HG-U133A","DMSO","Sigma-Aldrich","C-6305","clozapine","C0009079","NULL","DB00363",1
"124",483,0,1,1,"preeclampsia_vs_PretermControls","cmap","thioridazine",1e-05,6,"HL60","HT_HG-U133A","DMSO","Sigma-Aldrich","T9025","thioridazine hydrochloride","C0039943","NULL","DB00679",1
"125",488,-0.145265236382978,0.00141,0.00894074844074844,"preeclampsia_vs_PretermControls","cmap","genistein",1e-05,6,"HL60","HT_HG-U133A","DMSO","Calbiochem","345834","genistein","NULL","NULL","DB01645",1
"126",491,-0.219633836313891,0,0,"preeclampsia_vs_PretermControls","cmap","fulvestrant",1e-08,6,"HL60","HT_HG-U133A","DMSO","Tocris","1047","ICI 182,780","C0935916","NULL","DB00947",1
"127",493,0.153776692794366,0.00058,0.00446717171717172,"preeclampsia_vs_PretermControls","cmap","valproic acid",5e-04,6,"HL60","HT_HG-U133A","DMSO","Sigma-Aldrich","P4543","2-propylpentanoic acid","NULL","NULL","DB00313",1
"128",494,-0.17683014776772,4e-05,0.000512605042016807,"preeclampsia_vs_PretermControls","cmap","estradiol",1e-08,6,"HL60","HT_HG-U133A","DMSO","Sigma-Aldrich","E1024","estradiol, USP","C1330622","NULL","DB00783",1
"129",495,-0.199692877825767,0,0,"preeclampsia_vs_PretermControls","cmap","sirolimus",1e-07,6,"HL60","HT_HG-U133A","DMSO","Sigma-Aldrich","R0395","Rapamycin","C0072980","NULL","DB00877",1
"130",497,-0.206810887325003,0,0,"preeclampsia_vs_PretermControls","cmap","haloperidol",1e-05,6,"HL60","HT_HG-U133A","DMSO","Sigma-Aldrich","H1512","haloperidol","C0720809","NULL","DB00502",1
"131",498,0.085629194333578,0.20462,0.418011386470194,"preeclampsia_vs_PretermControls","cmap","haloperidol",1e-05,6,"PC3","HT_HG-U133A","DMSO","Sigma-Aldrich","H1512","haloperidol","C0720809","NULL","DB00502",1
"132",499,0,1,1,"preeclampsia_vs_PretermControls","cmap","acetylsalicylic acid",1e-04,6,"PC3","HT_HG-U133A","DMSO","Sigma-Aldrich","A2093","aspirin, USP","EXPT00475","NULL","DB00945",1
"133",502,0,1,1,"preeclampsia_vs_PretermControls","cmap","sirolimus",1e-07,6,"PC3","HT_HG-U133A","DMSO","Sigma-Aldrich","R0395","Rapamycin","C0072980","NULL","DB00877",1
"134",503,0,1,1,"preeclampsia_vs_PretermControls","cmap","estradiol",1e-07,6,"PC3","HT_HG-U133A","DMSO","Sigma-Aldrich","E1024","estradiol, USP","C1330622","NULL","DB00783",1
"135",504,0,1,1,"preeclampsia_vs_PretermControls","cmap","valproic acid",0.001,6,"PC3","HT_HG-U133A","DMSO","Sigma-Aldrich","P4543","2-propylpentanoic acid","NULL","NULL","DB00313",1
"136",509,0,1,1,"preeclampsia_vs_PretermControls","cmap","valproic acid",2e-04,6,"PC3","HT_HG-U133A","DMSO","Sigma-Aldrich","P4543","2-propylpentanoic acid","NULL","NULL","DB00313",1
"137",510,0.176563083207563,4e-05,0.000512605042016807,"preeclampsia_vs_PretermControls","cmap","prochlorperazine",1e-05,6,"PC3","HT_HG-U133A","DMSO","Sigma-Aldrich","P9178","prochlorperazine dimaleate salt","C0770888","NULL","DB00433",1
"138",512,0.0793039331311077,0.2734,0.536595881595882,"preeclampsia_vs_PretermControls","cmap","chlorpromazine",1e-06,6,"PC3","HT_HG-U133A","DMSO","Sigma-Aldrich","C0982","chlorpromazine hydrochloride","C0008286","NULL","DB00477",1
"139",515,0,1,1,"preeclampsia_vs_PretermControls","cmap","vorinostat",1e-05,6,"PC3","HT_HG-U133A","DMSO","BioVision","1604-1","SAHA","MMS_422","NULL","DB02546",1
"140",516,0.0972591914753954,0.10479,0.244723966309341,"preeclampsia_vs_PretermControls","cmap","sirolimus",1e-07,6,"PC3","HT_HG-U133A","DMSO","Sigma-Aldrich","R0395","Rapamycin","C0072980","NULL","DB00877",1
"141",519,0.182954458516772,2e-05,0.000301980198019802,"preeclampsia_vs_PretermControls","cmap","trifluoperazine",1e-05,6,"PC3","HT_HG-U133A","DMSO","Sigma-Aldrich","T6062","trifluoperazine dihydrochloride","C0304381","NULL","DB00831",1
"142",523,-0.170802048154584,7e-05,0.000807183364839319,"preeclampsia_vs_PretermControls","cmap","geldanamycin",1e-06,6,"PC3","HT_HG-U133A","DMSO","MP Biomedicals","195994","geldanamycin","EXPT01571","NULL","DB02424",1
"143",525,0.209438022640915,0,0,"preeclampsia_vs_PretermControls","cmap","thioridazine",1e-05,6,"PC3","HT_HG-U133A","DMSO","Sigma-Aldrich","T9025","thioridazine hydrochloride","C0039943","NULL","DB00679",1
"144",527,0,1,1,"preeclampsia_vs_PretermControls","cmap","troglitazone",1e-05,6,"PC3","HT_HG-U133A","DMSO","Sigma-Aldrich","T2573","troglitazone","C0245514","NULL","DB00197",1
"145",528,0,1,1,"preeclampsia_vs_PretermControls","cmap","rosiglitazone",1e-05,6,"PC3","HT_HG-U133A","DMSO","LKT Laboratories","R5772","rosiglitazone","C0289313","NULL","DB00412",1
"146",535,0,1,1,"preeclampsia_vs_PretermControls","cmap","valproic acid",5e-04,6,"PC3","HT_HG-U133A","DMSO","Sigma-Aldrich","P4543","2-propylpentanoic acid","NULL","NULL","DB00313",1
"147",537,0,1,1,"preeclampsia_vs_PretermControls","cmap","sirolimus",1e-07,6,"PC3","HT_HG-U133A","DMSO","Sigma-Aldrich","R0395","Rapamycin","C0072980","NULL","DB00877",1
"148",539,-0.123155428841681,0.01398,0.0521897184822521,"preeclampsia_vs_PretermControls","cmap","haloperidol",1e-05,6,"PC3","HT_HG-U133A","DMSO","Sigma-Aldrich","H1512","haloperidol","C0720809","NULL","DB00502",1
"149",558,0.174804332051291,4e-05,0.000512605042016807,"preeclampsia_vs_PretermControls","cmap","dextromethorphan",1.08e-05,6,"HL60","HT_HG-U133A","DMSO","Prestwick Chemical","359","Dextromethorphan hydrobromide monohydrate [6700-34-1]","C0872890","6700-34-1","DB00514",1
"150",565,-0.184243580100821,2e-05,0.000301980198019802,"preeclampsia_vs_PretermControls","cmap","clozapine",1.22e-05,6,"HL60","HT_HG-U133A","DMSO","Prestwick Chemical","350","Clozapine [5786-21-0]","C0009079","5786-21-0","DB00363",1
"151",577,-0.226638702510862,0,0,"preeclampsia_vs_PretermControls","cmap","domperidone",7.4e-06,6,"HL60","HT_HG-U133A","DMSO","Prestwick Chemical","461","Domperidone maleate","C0771334","NULL","DB01184",1
"152",578,0.194477604995163,1e-05,0.000204697986577181,"preeclampsia_vs_PretermControls","cmap","ouabain",5.4e-06,6,"HL60","HT_HG-U133A","DMSO","Prestwick Chemical","471","Strophantine octahydrate [11018-89-6]","C0029904","11018-89-6","DB01092",1
"153",580,0,1,1,"preeclampsia_vs_PretermControls","cmap","anisomycin",1.5e-05,6,"HL60","HT_HG-U133A","DMSO","Prestwick Chemical","412","Anisomycin [22862-76-6]","NULL","22862-76-6","DB07374",1
"154",591,0.240511156020681,0,0,"preeclampsia_vs_PretermControls","cmap","cyanocobalamin",3e-06,6,"HL60","HT_HG-U133A","DMSO","Prestwick Chemical","433","Cyanocobalamin [68-19-9]","MMS_635","68-19-9","DB00115",1
"155",600,0.254610682714883,0,0,"preeclampsia_vs_PretermControls","cmap","ginkgolide A",9.8e-06,6,"HL60","HT_HG-U133A","DMSO","Prestwick Chemical","444","Ginkgolide A [15291-75-5]","NULL","15291-75-5","DB06743",1
"156",639,0,1,1,"preeclampsia_vs_PretermControls","cmap","nalbuphine",1.02e-05,6,"HL60","HG-U133A","DMSO","Prestwick Chemical","118","Nalbuphine hydrochloride [23277-43-2]","C0600099","23277-43-2","DB00844",1
"157",676,0.237288993744123,0,0,"preeclampsia_vs_PretermControls","cmap","pargyline",2.04e-05,6,"HL60","HG-U133A","DMSO","Prestwick Chemical","183","Pargyline hydrochloride [306-07-0]","C0282289","306-07-0","DB01626",1
"158",682,0.150440186646292,0.00085,0.00604312354312354,"preeclampsia_vs_PretermControls","cmap","hyoscyamine",1.38e-05,6,"HL60","HG-U133A","DMSO","Prestwick Chemical","233","Hyoscyamine (L) [101-31-5]","C0004261","101-31-5","DB00424",1
"159",719,0,1,1,"preeclampsia_vs_PretermControls","cmap","idoxuridine",1.12e-05,6,"MCF7","HT_HG-U133A","DMSO","Prestwick Chemical","18","Idoxuridine [54-42-2]","C0020811","54-42-2","DB00249",1
"160",725,0.125972957881381,0.01055,0.0420346178967995,"preeclampsia_vs_PretermControls","cmap","thioridazine",9.8e-06,6,"MCF7","HT_HG-U133A","DMSO","Prestwick Chemical","78","Thioridazine hydrochloride [130-61-0]","C0039943","130-61-0","DB00679",1
"161",737,0.113753067247444,0.03058,0.0933928928928929,"preeclampsia_vs_PretermControls","cmap","niclosamide",1.22e-05,6,"MCF7","HT_HG-U133A","DMSO","Prestwick Chemical","40","Niclosamide [50-65-7]","C0028017","50-65-7","DB06803",1
"162",740,0,1,1,"preeclampsia_vs_PretermControls","cmap","tolnaftate",1.3e-05,6,"MCF7","HT_HG-U133A","DMSO","Prestwick Chemical","70","Tolnaftate [2398-96-1]","C0040379","2398-96-1","DB00525",1
"163",741,0,1,1,"preeclampsia_vs_PretermControls","cmap","trimethobenzamide",9.4e-06,6,"MCF7","HT_HG-U133A","DMSO","Prestwick Chemical","80","Trimethobenzamide hydrochloride [554-92-7]","C0145932","554-92-7","DB00662",1
"164",742,0.10906322975981,0.04447,0.125354436229205,"preeclampsia_vs_PretermControls","cmap","metronidazole",2.34e-05,6,"MCF7","HT_HG-U133A","DMSO","Prestwick Chemical","81","Metronidazole [443-48-1]","C0353490","443-48-1","DB00916",1
"165",756,0,1,1,"preeclampsia_vs_PretermControls","cmap","dipyridamole",8e-06,6,"MCF7","HT_HG-U133A","DMSO","Prestwick Chemical","142","Dipyridamole [58-32-2]","C0012582","58-32-2","DB00975",1
"166",767,0,1,1,"preeclampsia_vs_PretermControls","cmap","azathioprine",1.44e-05,6,"MCF7","HT_HG-U133A","DMSO","Prestwick Chemical","94","Azathioprine [446-86-6]","C0887732","446-86-6","DB00993",1
"167",772,0.140114670095161,0.00254,0.0141368613138686,"preeclampsia_vs_PretermControls","cmap","loperamide",7.8e-06,6,"MCF7","HT_HG-U133A","DMSO","Prestwick Chemical","144","Loperamide hydrochloride [34552-83-5]","C0023992","34552-83-5","DB00836",1
"168",784,0,1,1,"preeclampsia_vs_PretermControls","cmap","lisuride",1.18e-05,6,"MCF7","HT_HG-U133A","DMSO","Prestwick Chemical","106","Lisuride (S)(-) [18016-80-3]","C0023863","18016-80-3","DB00589",1
"169",787,0.16805841622229,9e-05,0.000968253968253968,"preeclampsia_vs_PretermControls","cmap","tretinoin",1.34e-05,6,"HL60","HG-U133A","DMSO","Prestwick Chemical","257","Retinoic acid [302-79-4]","C0040845","302-79-4","DB00755",1
"170",789,0.248500737397914,0,0,"preeclampsia_vs_PretermControls","cmap","labetalol",1.1e-05,6,"HL60","HG-U133A","DMSO","Prestwick Chemical","277","Labetalol hydrochloride [32780-64-6]","C0699440","32780-64-6","DB00598",1
"171",823,0.204162762746651,0,0,"preeclampsia_vs_PretermControls","cmap","terbutaline",7.2e-06,6,"HL60","HG-U133A","DMSO","Prestwick Chemical","391","Terbutaline hemisulfate [23031-32-5]","C0039542","23031-32-5","DB00871",1
"172",837,-0.205549296035869,0,0,"preeclampsia_vs_PretermControls","cmap","methotrexate",8.8e-06,6,"HL60","HG-U133A","DMSO","Prestwick Chemical","373","Amethopterin (R,S) [59-05-2]","C0025677","59-05-2","DB00563",1
"173",856,0.202136864232343,0,0,"preeclampsia_vs_PretermControls","cmap","methyldopa",1.9e-05,6,"HL60","HG-U133A","DMSO","Prestwick Chemical","326","Methyldopa (L,-) [555-30-6]","C0304527","555-30-6","DB00968",1
"174",865,0,1,1,"preeclampsia_vs_PretermControls","cmap","haloperidol",1e-05,6,"MCF7","HT_HG-U133A","DMSO","Sigma-Aldrich","H1512","haloperidol","C0720809","NULL","DB00502",1
"175",867,0.114869845045425,0.02827,0.0880280755487494,"preeclampsia_vs_PretermControls","cmap","fulvestrant",1e-06,6,"MCF7","HT_HG-U133A","DMSO","Tocris","1047","ICI 182,780","C0935916","NULL","DB00947",1
"176",869,0.113690389252703,0.03069,0.0936513256628314,"preeclampsia_vs_PretermControls","cmap","sirolimus",1e-07,6,"MCF7","HT_HG-U133A","DMSO","Sigma-Aldrich","R0395","Rapamycin","C0072980","NULL","DB00877",1
"177",870,0,1,1,"preeclampsia_vs_PretermControls","cmap","estradiol",1e-07,6,"MCF7","HT_HG-U133A","DMSO","Sigma-Aldrich","E1024","estradiol, USP","C1330622","NULL","DB00783",1
"178",871,0.119935667703627,0.0181,0.0626617480136209,"preeclampsia_vs_PretermControls","cmap","valproic acid",0.001,6,"MCF7","HT_HG-U133A","DMSO","Sigma-Aldrich","P4543","2-propylpentanoic acid","NULL","NULL","DB00313",1
"179",873,0,1,1,"preeclampsia_vs_PretermControls","cmap","tretinoin",1e-06,6,"MCF7","HT_HG-U133A","DMSO","Sigma-Aldrich","R2625","retinoic acid","C0040845","NULL","DB00755",1
"180",876,0.081461977061013,0.24861,0.49414173998045,"preeclampsia_vs_PretermControls","cmap","valproic acid",2e-04,6,"MCF7","HT_HG-U133A","DMSO","Sigma-Aldrich","P4543","2-propylpentanoic acid","NULL","NULL","DB00313",1
"181",879,0,1,1,"preeclampsia_vs_PretermControls","cmap","chlorpromazine",1e-06,6,"MCF7","HT_HG-U133A","DMSO","Sigma-Aldrich","C0982","chlorpromazine hydrochloride","C0008286","NULL","DB00477",1
"182",882,0.126702407199309,0.00986,0.039752808988764,"preeclampsia_vs_PretermControls","cmap","vorinostat",1e-05,6,"MCF7","HT_HG-U133A","DMSO","BioVision","1604-1","SAHA","MMS_422","NULL","DB02546",1
"183",883,0,1,1,"preeclampsia_vs_PretermControls","cmap","sirolimus",1e-07,6,"MCF7","HT_HG-U133A","DMSO","Sigma-Aldrich","R0395","Rapamycin","C0072980","NULL","DB00877",1
"184",884,0,1,1,"preeclampsia_vs_PretermControls","cmap","valproic acid",5e-05,6,"MCF7","HT_HG-U133A","DMSO","Sigma-Aldrich","P4543","2-propylpentanoic acid","NULL","NULL","DB00313",1
"185",886,0.122485304204377,0.01478,0.0542793497892836,"preeclampsia_vs_PretermControls","cmap","trifluoperazine",1e-05,6,"MCF7","HT_HG-U133A","DMSO","Sigma-Aldrich","T6062","trifluoperazine dihydrochloride","C0304381","NULL","DB00831",1
"186",890,0,1,1,"preeclampsia_vs_PretermControls","cmap","geldanamycin",1e-06,6,"MCF7","HT_HG-U133A","DMSO","MP Biomedicals","195994","geldanamycin","EXPT01571","NULL","DB02424",1
"187",891,0,1,1,"preeclampsia_vs_PretermControls","cmap","clozapine",1e-05,6,"MCF7","HT_HG-U133A","DMSO","Sigma-Aldrich","C-6305","clozapine","C0009079","NULL","DB00363",1
"188",892,0.181865335210527,2e-05,0.000301980198019802,"preeclampsia_vs_PretermControls","cmap","thioridazine",1e-05,6,"MCF7","HT_HG-U133A","DMSO","Sigma-Aldrich","T9025","thioridazine hydrochloride","C0039943","NULL","DB00679",1
"189",895,0,1,1,"preeclampsia_vs_PretermControls","cmap","rosiglitazone",1e-05,6,"MCF7","HT_HG-U133A","DMSO","LKT Laboratories","R5772","rosiglitazone","C0289313","NULL","DB00412",1
"190",897,0,1,1,"preeclampsia_vs_PretermControls","cmap","genistein",1e-05,6,"MCF7","HT_HG-U133A","DMSO","Calbiochem","345834","genistein","NULL","NULL","DB01645",1
"191",899,0.145646603415711,0.00139,0.00888784067085954,"preeclampsia_vs_PretermControls","cmap","fluphenazine",1e-05,6,"MCF7","HT_HG-U133A","DMSO","Sigma-Aldrich","F8548","fluphenazine dihydrochloride","C0700567","NULL","DB00623",1
"192",900,-0.0949591905811782,0.12104,0.273764923989618,"preeclampsia_vs_PretermControls","cmap","fulvestrant",1e-08,6,"MCF7","HT_HG-U133A","DMSO","Tocris","1047","ICI 182,780","C0935916","NULL","DB00947",1
"193",902,0.130313015727292,0.00698,0.0305437589670014,"preeclampsia_vs_PretermControls","cmap","valproic acid",5e-04,6,"MCF7","HT_HG-U133A","DMSO","Sigma-Aldrich","P4543","2-propylpentanoic acid","NULL","NULL","DB00313",1
"194",903,0,1,1,"preeclampsia_vs_PretermControls","cmap","estradiol",1e-08,6,"MCF7","HT_HG-U133A","DMSO","Sigma-Aldrich","E1024","estradiol, USP","C1330622","NULL","DB00783",1
"195",904,-0.088602921572855,0.17545,0.370711811569103,"preeclampsia_vs_PretermControls","cmap","sirolimus",1e-07,6,"MCF7","HT_HG-U133A","DMSO","Sigma-Aldrich","R0395","Rapamycin","C0072980","NULL","DB00877",1
"196",907,0,1,1,"preeclampsia_vs_PretermControls","cmap","8-azaguanine",2.62e-05,6,"MCF7","HT_HG-U133A","DMSO","Prestwick Chemical","1","Azaguanine-8 [134-58-7]","EXPT00603","134-58-7","DB01667",1
"197",911,0.0932040825316016,0.1341,0.296857816467175,"preeclampsia_vs_PretermControls","cmap","procaine",1.46e-05,6,"MCF7","HT_HG-U133A","DMSO","Prestwick Chemical","41","Procaine hydrochloride [51-05-8]","C0033218","51-05-8","DB00721",1
"198",917,0,1,1,"preeclampsia_vs_PretermControls","cmap","dexpanthenol",1.94e-05,6,"MCF7","HT_HG-U133A","DMSO","Prestwick Chemical","22","Panthenol (D) [81-13-0]","C0057610","81-13-0","DB09357",1
"199",918,0,1,1,"preeclampsia_vs_PretermControls","cmap","epirizole",1.7e-05,6,"MCF7","HT_HG-U133A","DMSO","Prestwick Chemical","32","Epirizole [18694-40-1]","NULL","18694-40-1","DB08991",1
"200",919,-0.139452038665947,0.00275,0.0150718778077269,"preeclampsia_vs_PretermControls","cmap","moxisylyte",1.26e-05,6,"MCF7","HT_HG-U133A","DMSO","Prestwick Chemical","42","Moxisylyte hydrochoride [964-52-3]","C0040108","964-52-3","DB09205",1
"201",920,0,1,1,"preeclampsia_vs_PretermControls","cmap","carbamazepine",1.7e-05,6,"MCF7","HT_HG-U133A","DMSO","Prestwick Chemical","52","Carbamazepine [298-46-4]","C0006949","298-46-4","DB00564",1
"202",922,0,1,1,"preeclampsia_vs_PretermControls","cmap","imipramine",1.26e-05,6,"MCF7","HT_HG-U133A","DMSO","Prestwick Chemical","72","Imipramine hydrochloride [113-52-0]","C0020934","113-52-0","DB00458",1
"203",923,0,1,1,"preeclampsia_vs_PretermControls","cmap","acetazolamide",1.8e-05,6,"MCF7","HT_HG-U133A","DMSO","Prestwick Chemical","3","Acetazolamide [59-66-5]","C0000981","59-66-5","DB00819",1
"204",924,0,1,1,"preeclampsia_vs_PretermControls","cmap","hydroflumethiazide",1.2e-05,6,"MCF7","HT_HG-U133A","DMSO","Prestwick Chemical","13","Hydroflumethiazide [135-09-1]","C0020273","135-09-1","DB00774",1
"205",929,0,1,1,"preeclampsia_vs_PretermControls","cmap","nifedipine",1.16e-05,6,"MCF7","HT_HG-U133A","DMSO","Prestwick Chemical","63","Nifedipine [21829-25-4]","C0028066","21829-25-4","DB01115",1
"206",936,0,1,1,"preeclampsia_vs_PretermControls","cmap","mefenamic acid",1.66e-05,6,"MCF7","HT_HG-U133A","DMSO","Prestwick Chemical","54","Mefenamic acid [61-68-7]","C0025152","61-68-7","DB00784",1
"207",938,-0.104381092474964,0.06354,0.164897108843537,"preeclampsia_vs_PretermControls","cmap","amitriptyline",1.28e-05,6,"MCF7","HT_HG-U133A","DMSO","Prestwick Chemical","74","Amitryptiline hydrochloride [549-18-8]","C0002600","549-18-8","DB00321",1
"208",942,0,1,1,"preeclampsia_vs_PretermControls","cmap","dapsone",1.62e-05,6,"MCF7","HT_HG-U133A","DMSO","Prestwick Chemical","35","Dapsone [80-08-0]","C0010980","80-08-0","DB00250",1
"209",943,0,1,1,"preeclampsia_vs_PretermControls","cmap","naproxen",1.74e-05,6,"MCF7","HT_HG-U133A","DMSO","Prestwick Chemical","45","Naproxen [22204-53-1]","C0546873","22204-53-1","DB00788",1
"210",945,-0.0976568282914393,0.10196,0.239305886879569,"preeclampsia_vs_PretermControls","cmap","diphenhydramine",1.38e-05,6,"MCF7","HT_HG-U133A","DMSO","Prestwick Chemical","65","Diphenhydramine hydrochloride [147-24-0]","C1178484","147-24-0","DB01075",1
"211",954,0.22459405027686,0,0,"preeclampsia_vs_PretermControls","cmap","triflusal",1.62e-05,6,"HL60","HG-U133A","DMSO","Prestwick Chemical","528","Triflusal [322-79-2]","C0077126","322-79-2","DB08814",1
"212",957,0.237213647673827,0,0,"preeclampsia_vs_PretermControls","cmap","gliclazide",1.24e-05,6,"HL60","HG-U133A","DMSO","Prestwick Chemical","558","Gliclazide [21187-98-4]","C0017631","21187-98-4","DB01120",1
"213",961,0.265175816329133,0,0,"preeclampsia_vs_PretermControls","cmap","imipenem",1.34e-05,6,"HL60","HG-U133A","DMSO","Prestwick Chemical","519","Imipenem [74431-23-5]","MMS_109","74431-23-5","DB01598",1
"214",992,0,1,1,"preeclampsia_vs_PretermControls","cmap","papaverine",1.06e-05,6,"HL60","HG-U133A","DMSO","Prestwick Chemical","583","Papaverine hydrochloride [61-25-6]","C0700461","61-25-6","DB01113",1
"215",998,0,1,1,"preeclampsia_vs_PretermControls","cmap","dacarbazine",2.2e-05,6,"HL60","HG-U133A","DMSO","Prestwick Chemical","574","Dacarbazine [4342-03-4]","C0010927","4342-03-4","DB00851",1
"216",1003,0.143391810163672,0.00172,0.0104606181455633,"preeclampsia_vs_PretermControls","cmap","riboflavin",1.06e-05,6,"HL60","HG-U133A","DMSO","Prestwick Chemical","634","Riboflavine [83-88-5]","EXPT02760","83-88-5","DB00140",1
"217",1005,0.215135924310815,0,0,"preeclampsia_vs_PretermControls","cmap","ipratropium bromide",9.8e-06,6,"HL60","HG-U133A","DMSO","Prestwick Chemical","575","Ipratropium bromide [22254-24-6]","C0700580","22254-24-6","DB00332",1
"218",1014,0.139084333283323,0.00286,0.0156046511627907,"preeclampsia_vs_PretermControls","cmap","berberine",1.08e-05,6,"HL60","HG-U133A","DMSO","Prestwick Chemical","586","Berberine chloride [633-65-8]","EXPT00672","633-65-8","DB04115",1
"219",1027,0,1,1,"preeclampsia_vs_PretermControls","cmap","8-azaguanine",2.62e-05,6,"PC3","HT_HG-U133A","DMSO","Prestwick Chemical","1","Azaguanine-8 [134-58-7]","EXPT00603","134-58-7","DB01667",1
"220",1030,0,1,1,"preeclampsia_vs_PretermControls","cmap","sulfaphenazole",1.28e-05,6,"PC3","HT_HG-U133A","DMSO","Prestwick Chemical","21","Sulfaphenazole [526-08-9]","NULL","526-08-9","DB06729",1
"221",1031,-0.101139721090375,0.08033,0.197267713365539,"preeclampsia_vs_PretermControls","cmap","chloramphenicol",1.24e-05,6,"PC3","HT_HG-U133A","DMSO","Prestwick Chemical","31","Chloramphenicol [56-75-7]","C0055337","56-75-7","DB00446",1
"222",1041,0,1,1,"preeclampsia_vs_PretermControls","cmap","carbamazepine",1.7e-05,6,"PC3","HT_HG-U133A","DMSO","Prestwick Chemical","52","Carbamazepine [298-46-4]","C0006949","298-46-4","DB00564",1
"223",1052,0,1,1,"preeclampsia_vs_PretermControls","cmap","metformin",2.42e-05,6,"PC3","HT_HG-U133A","DMSO","Prestwick Chemical","4","Metformin hydrochloride [1115-70-4]","C0025598","1115-70-4","DB00331",1
"224",1056,-0.0851851493061041,0.20915,0.425129956681106,"preeclampsia_vs_PretermControls","cmap","isoxicam",1.2e-05,6,"PC3","HT_HG-U133A","DMSO","Prestwick Chemical","44","Isoxicam [34552-84-6]","NULL","34552-84-6","DB08942",1
"225",1058,0.164896199610453,0.00016,0.00160526315789474,"preeclampsia_vs_PretermControls","cmap","chlorpromazine",1.12e-05,6,"PC3","HT_HG-U133A","DMSO","Prestwick Chemical","64","Chlorpromazine hydrochloride [69-09-0]","C0008286","69-09-0","DB00477",1
"226",1059,0,1,1,"preeclampsia_vs_PretermControls","cmap","amitriptyline",1.28e-05,6,"PC3","HT_HG-U133A","DMSO","Prestwick Chemical","74","Amitryptiline hydrochloride [549-18-8]","C0002600","549-18-8","DB00321",1
"227",1062,0,1,1,"preeclampsia_vs_PretermControls","cmap","thiamphenicol",1.12e-05,6,"PC3","HT_HG-U133A","DMSO","Prestwick Chemical","25","Thiamphenicol [15318-45-3]","C0039854","15318-45-3","DB08621",1
"228",1063,0,1,1,"preeclampsia_vs_PretermControls","cmap","dapsone",1.62e-05,6,"PC3","HT_HG-U133A","DMSO","Prestwick Chemical","35","Dapsone [80-08-0]","C0010980","80-08-0","DB00250",1
"229",1064,0.100564358626098,0.08346,0.203479616306954,"preeclampsia_vs_PretermControls","cmap","naproxen",1.74e-05,6,"PC3","HT_HG-U133A","DMSO","Prestwick Chemical","45","Naproxen [22204-53-1]","C0546873","22204-53-1","DB00788",1
"230",1066,0,1,1,"preeclampsia_vs_PretermControls","cmap","diphenhydramine",1.38e-05,6,"PC3","HT_HG-U133A","DMSO","Prestwick Chemical","65","Diphenhydramine hydrochloride [147-24-0]","C1178484","147-24-0","DB01075",1
"231",1069,0.21527891624862,0,0,"preeclampsia_vs_PretermControls","cmap","8-azaguanine",2.62e-05,6,"HL60","HT_HG-U133A","DMSO","Prestwick Chemical","1","Azaguanine-8 [134-58-7]","EXPT00603","134-58-7","DB01667",1
"232",1072,0.183486890280556,2e-05,0.000301980198019802,"preeclampsia_vs_PretermControls","cmap","sulfaphenazole",1.28e-05,6,"HL60","HT_HG-U133A","DMSO","Prestwick Chemical","21","Sulfaphenazole [526-08-9]","NULL","526-08-9","DB06729",1
"233",1073,0.207113844765899,0,0,"preeclampsia_vs_PretermControls","cmap","chloramphenicol",1.24e-05,6,"HL60","HT_HG-U133A","DMSO","Prestwick Chemical","31","Chloramphenicol [56-75-7]","C0055337","56-75-7","DB00446",1
"234",1074,0.223648043105238,0,0,"preeclampsia_vs_PretermControls","cmap","procaine",1.46e-05,6,"HL60","HT_HG-U133A","DMSO","Prestwick Chemical","41","Procaine hydrochloride [51-05-8]","C0033218","51-05-8","DB00721",1
"235",1079,0,1,1,"preeclampsia_vs_PretermControls","cmap","benzonatate",6.6e-06,6,"HL60","HT_HG-U133A","DMSO","Prestwick Chemical","12","Benzonatate [104-31-4]","C0053229","104-31-4","DB00868",1
"236",1081,0,1,1,"preeclampsia_vs_PretermControls","cmap","epirizole",1.7e-05,6,"HL60","HT_HG-U133A","DMSO","Prestwick Chemical","32","Epirizole [18694-40-1]","NULL","18694-40-1","DB08991",1
"237",1083,0.15589888524247,0.00045,0.00366488651535381,"preeclampsia_vs_PretermControls","cmap","carbamazepine",1.7e-05,6,"HL60","HT_HG-U133A","DMSO","Prestwick Chemical","52","Carbamazepine [298-46-4]","C0006949","298-46-4","DB00564",1
"238",1085,0.202521832972831,0,0,"preeclampsia_vs_PretermControls","cmap","imipramine",1.26e-05,6,"HL60","HT_HG-U133A","DMSO","Prestwick Chemical","72","Imipramine hydrochloride [113-52-0]","C0020934","113-52-0","DB00458",1
"239",1087,0.200938944512504,0,0,"preeclampsia_vs_PretermControls","cmap","hydroflumethiazide",1.2e-05,6,"HL60","HT_HG-U133A","DMSO","Prestwick Chemical","13","Hydroflumethiazide [135-09-1]","C0020273","135-09-1","DB00774",1
"240",1094,-0.206697205836522,0,0,"preeclampsia_vs_PretermControls","cmap","metformin",2.42e-05,6,"HL60","HT_HG-U133A","DMSO","Prestwick Chemical","4","Metformin hydrochloride [1115-70-4]","C0025598","1115-70-4","DB00331",1
"241",1101,0,1,1,"preeclampsia_vs_PretermControls","cmap","amitriptyline",1.28e-05,6,"HL60","HT_HG-U133A","DMSO","Prestwick Chemical","74","Amitryptiline hydrochloride [549-18-8]","C0002600","549-18-8","DB00321",1
"242",1104,-0.195124711821981,0,0,"preeclampsia_vs_PretermControls","cmap","dapsone",1.62e-05,6,"HL60","HT_HG-U133A","DMSO","Prestwick Chemical","35","Dapsone [80-08-0]","C0010980","80-08-0","DB00250",1
"243",1107,-0.171229906196626,7e-05,0.000807183364839319,"preeclampsia_vs_PretermControls","cmap","diphenhydramine",1.38e-05,6,"HL60","HT_HG-U133A","DMSO","Prestwick Chemical","65","Diphenhydramine hydrochloride [147-24-0]","C1178484","147-24-0","DB01075",1
"244",1115,0.125392172156001,0.01126,0.0442564432989691,"preeclampsia_vs_PretermControls","cmap","minaprine",1.08e-05,6,"PC3","HG-U133A","DMSO","Prestwick Chemical","66","Minaprine dihydrochloride [25953-17-7]","C0771667","25953-17-7","DB00805",1
"245",1116,0,1,1,"preeclampsia_vs_PretermControls","cmap","cinchocaine",1.16e-05,6,"PC3","HG-U133A","DMSO","Prestwick Chemical","76","Dibucaine [85-79-0]","NULL","85-79-0","DB00527",1
"246",1117,0,1,1,"preeclampsia_vs_PretermControls","cmap","amiloride",1.32e-05,6,"PC3","HG-U133A","DMSO","Prestwick Chemical","7","Amiloride hydrochloride dihydrate [17440-83-4]","C0002502","17440-83-4","DB00594",1
"247",1132,0.244934963921652,0,0,"preeclampsia_vs_PretermControls","cmap","thioridazine",9.8e-06,6,"PC3","HG-U133A","DMSO","Prestwick Chemical","78","Thioridazine hydrochloride [130-61-0]","C0039943","130-61-0","DB00679",1
"248",1143,0.121414976016766,0.01617,0.0579876543209877,"preeclampsia_vs_PretermControls","cmap","niclosamide",1.22e-05,6,"PC3","HG-U133A","DMSO","Prestwick Chemical","40","Niclosamide [50-65-7]","C0028017","50-65-7","DB06803",1
"249",1150,0.124900104358447,0.01178,0.0457694267515924,"preeclampsia_vs_PretermControls","cmap","apomorphine",6.4e-06,6,"PC3","HG-U133A","DMSO","Prestwick Chemical","101","Apomorphine hydrochloride hemihydrate [41372-20-7]","C0237406","41372-20-7","DB00714",1
"250",1151,0.11851146137926,0.02064,0.0692831225948323,"preeclampsia_vs_PretermControls","cmap","naloxone",1.1e-05,6,"PC3","HG-U133A","DMSO","Prestwick Chemical","111","Naloxone hydrochloride [357-08-4]","C0700549","357-08-4","DB01183",1
"251",1159,0.108278430059472,0.04763,0.132065,"preeclampsia_vs_PretermControls","cmap","metolazone",1.1e-05,6,"PC3","HG-U133A","DMSO","Prestwick Chemical","112","Metolazone [17560-51-9]","C0025854","17560-51-9","DB00524",1
"252",1175,0.136513376328616,0.00364,0.0185963149078727,"preeclampsia_vs_PretermControls","cmap","diltiazem",8.8e-06,6,"PC3","HG-U133A","DMSO","Prestwick Chemical","134","Diltiazem hydrochloride [33286-22-5]","C0700579","33286-22-5","DB00343",1
"253",1205,0,1,1,"preeclampsia_vs_PretermControls","cmap","prednisone",1.12e-05,6,"HL60","HG-U133A","DMSO","Prestwick Chemical","77","Prednisone [53-03-2]","C0032952","53-03-2","DB00635",1
"254",1213,0.169603838642168,9e-05,0.000968253968253968,"preeclampsia_vs_PretermControls","cmap","thioridazine",9.8e-06,6,"HL60","HG-U133A","DMSO","Prestwick Chemical","78","Thioridazine hydrochloride [130-61-0]","C0039943","130-61-0","DB00679",1
"255",1225,0.211115176486992,0,0,"preeclampsia_vs_PretermControls","cmap","niclosamide",1.22e-05,6,"HL60","HG-U133A","DMSO","Prestwick Chemical","40","Niclosamide [50-65-7]","C0028017","50-65-7","DB06803",1
"256",1229,-0.175439474584528,4e-05,0.000512605042016807,"preeclampsia_vs_PretermControls","cmap","trimethobenzamide",9.4e-06,6,"HL60","HG-U133A","DMSO","Prestwick Chemical","80","Trimethobenzamide hydrochloride [554-92-7]","C0145932","554-92-7","DB00662",1
"257",1232,0.126063497362556,0.01047,0.041743137254902,"preeclampsia_vs_PretermControls","cmap","apomorphine",6.4e-06,6,"HL60","HG-U133A","DMSO","Prestwick Chemical","101","Apomorphine hydrochloride hemihydrate [41372-20-7]","C0237406","41372-20-7","DB00714",1
"258",1248,0,1,1,"preeclampsia_vs_PretermControls","cmap","cyproheptadine",1.24e-05,6,"HL60","HG-U133A","DMSO","Prestwick Chemical","103","Cyproheptadine hydrochloride [969-33-5]","C0771807","969-33-5","DB00434",1
"259",1258,0.229497754687105,0,0,"preeclampsia_vs_PretermControls","cmap","hesperetin",1.32e-05,6,"HL60","HG-U133A","DMSO","Prestwick Chemical","124","Hesperetin [520-33-2]","APRD00117","520-33-2","DB01094",1
"260",1259,0.171366522697714,7e-05,0.000807183364839319,"preeclampsia_vs_PretermControls","cmap","diltiazem",8.8e-06,6,"HL60","HG-U133A","DMSO","Prestwick Chemical","134","Diltiazem hydrochloride [33286-22-5]","C0700579","33286-22-5","DB00343",1
"261",1266,-0.170542683797217,7e-05,0.000807183364839319,"preeclampsia_vs_PretermControls","cmap","haloperidol",1.06e-05,6,"HL60","HG-U133A","DMSO","Prestwick Chemical","115","Haloperidol [52-86-8]","C0720809","52-86-8","DB00502",1
"262",1268,-0.252918045665349,0,0,"preeclampsia_vs_PretermControls","cmap","methotrexate",8.8e-06,6,"HL60","HG-U133A","DMSO","Prestwick Chemical","135","Methotrexate [59-05-2]","C0025677","59-05-2","DB00563",1
"263",1272,-0.189139542909339,1e-05,0.000204697986577181,"preeclampsia_vs_PretermControls","cmap","guanabenz",1.38e-05,6,"HL60","HG-U133A","DMSO","Prestwick Chemical","96","Guanabenz acetate [23256-50-0]","C0733381","23256-50-0","DB00629",1
"264",1275,0,1,1,"preeclampsia_vs_PretermControls","cmap","mefloquine",9.6e-06,6,"PC3","HT_HG-U133A","DMSO","Prestwick Chemical","126","Mefloquine hydrochloride [51773-92-3]","C0282398","51773-92-3","DB00358",1
"265",1276,0.196319816413918,0,0,"preeclampsia_vs_PretermControls","cmap","astemizole",8.8e-06,6,"PC3","HT_HG-U133A","DMSO","Prestwick Chemical","136","Astemizole [68844-77-9]","C0085170","68844-77-9","DB00637",1
"266",1278,0.136731051953682,0.00355,0.0182434709351306,"preeclampsia_vs_PretermControls","cmap","ivermectin",4.6e-06,6,"PC3","HT_HG-U133A","DMSO","Prestwick Chemical","156","Ivermectin [70288-86-7]","C0022322","70288-86-7","DB00602",1
"267",1283,0,1,1,"preeclampsia_vs_PretermControls","cmap","isoconazole",9.6e-06,6,"PC3","HT_HG-U133A","DMSO","Prestwick Chemical","127","Isoconazole [27523-40-6]","C0700489","27523-40-6","DB08943",1
"268",1289,0,1,1,"preeclampsia_vs_PretermControls","cmap","nomifensine",1.12e-05,6,"PC3","HT_HG-U133A","DMSO","Prestwick Chemical","108","Nomifensine maleate [32795-47-4]","C0028277","32795-47-4","DB04821",1
"269",1292,0.0951233787761215,0.11986,0.271397921306607,"preeclampsia_vs_PretermControls","cmap","canrenoic acid",1e-05,6,"PC3","HT_HG-U133A","DMSO","Prestwick Chemical","148","Canrenoic acid potassium salt [2181-04-6]","C0282085","2181-04-6","DB09015",1
"270",1293,0,1,1,"preeclampsia_vs_PretermControls","cmap","neomycin",4.2e-06,6,"PC3","HT_HG-U133A","DMSO","Prestwick Chemical","158","Neomycin sulfate [1405-10-3]","C0770899","1405-10-3","DB00994",1
"271",1303,0.143428613821086,0.00171,0.0104205794205794,"preeclampsia_vs_PretermControls","cmap","nocodazole",1.32e-05,6,"PC3","HT_HG-U133A","DMSO","Prestwick Chemical","100","Nocodazole [31430-18-9]","NULL","31430-18-9","DB08313",1
"272",1310,-0.110233080998516,0.04062,0.116823196605375,"preeclampsia_vs_PretermControls","cmap","isoniazid",2.92e-05,6,"PC3","HT_HG-U133A","DMSO","Prestwick Chemical","161","Isoniazid [54-85-3]","C0022209","54-85-3","DB00951",1
"273",1314,0,1,1,"preeclampsia_vs_PretermControls","cmap","midodrine",1.38e-05,6,"PC3","HT_HG-U133A","DMSO","Prestwick Chemical","191","Midodrine hydrochloride [3092-17-9]","C0026078","3092-17-9","DB00211",1
"274",1315,0,1,1,"preeclampsia_vs_PretermControls","cmap","ranitidine",1.14e-05,6,"PC3","HT_HG-U133A","DMSO","Prestwick Chemical","201","Ranitidine hydrochloride [66357-59-3]","C0139919","66357-59-3","DB00863",1
"275",1321,0,1,1,"preeclampsia_vs_PretermControls","cmap","levamisole",1.66e-05,6,"PC3","HT_HG-U133A","DMSO","Prestwick Chemical","182","Levamisole hydrochloride [16595-80-5]","C0733383","16595-80-5","DB00848",1
"276",1322,0,1,1,"preeclampsia_vs_PretermControls","cmap","thalidomide",1.54e-05,6,"PC3","HT_HG-U133A","DMSO","Prestwick Chemical","192","Thalidomide [50-35-1]","C0039736","50-35-1","DB01041",1
"277",1327,0,1,1,"preeclampsia_vs_PretermControls","cmap","chlorzoxazone",2.36e-05,6,"PC3","HT_HG-U133A","DMSO","Prestwick Chemical","163","Chlorzoxazone [95-25-0]","C0008296","95-25-0","DB00356",1
"278",1328,0,1,1,"preeclampsia_vs_PretermControls","cmap","tranylcypromine",2.36e-05,6,"PC3","HT_HG-U133A","DMSO","Prestwick Chemical","173","Tranylcypromine hydrochloride [1986-47-6]","C0040778","1986-47-6","DB00752",1
"279",1331,-0.0863410491021232,0.19728,0.406556756756757,"preeclampsia_vs_PretermControls","cmap","flufenamic acid",1.42e-05,6,"PC3","HT_HG-U133A","DMSO","Prestwick Chemical","203","Flufenamic acid [530-78-9]","C0016282","530-78-9","DB02266",1
"280",1334,0.119029983099297,0.01972,0.0671272321428571,"preeclampsia_vs_PretermControls","cmap","xylometazoline",1.42e-05,6,"PC3","HT_HG-U133A","DMSO","Prestwick Chemical","223","Xylometazoline hydrochloride [1218-35-5]","C0078643","1218-35-5","DB06694",1
"281",1335,0.112450118417527,0.03411,0.101498048780488,"preeclampsia_vs_PretermControls","cmap","hyoscyamine",1.38e-05,6,"PC3","HT_HG-U133A","DMSO","Prestwick Chemical","233","Hyoscyamine (L) [101-31-5]","C0004261","101-31-5","DB00424",1
"282",1354,0,1,1,"preeclampsia_vs_PretermControls","cmap","pentoxifylline",1.44e-05,6,"PC3","HT_HG-U133A","DMSO","Prestwick Chemical","196","Pentoxifylline [6493-05-6]","C0030899","6493-05-6","DB00806",1
"283",1355,0.116132471308051,0.02534,0.0812691903259727,"preeclampsia_vs_PretermControls","cmap","meclofenamic acid",1.18e-05,6,"PC3","HT_HG-U133A","DMSO","Prestwick Chemical","206","Meclofenamic acid sodium salt monohydrate [6385-02-0]","C0025042","6385-02-0","DB00939",1
"284",1394,-0.168026580437643,9e-05,0.000968253968253968,"preeclampsia_vs_PretermControls","cmap","benzocaine",2.42e-05,6,"HL60","HT_HG-U133A","DMSO","Prestwick Chemical","712","Benzocaine [94-09-7]","C0005059","94-09-7","DB01086",1
"285",1400,0.184281418731729,2e-05,0.000301980198019802,"preeclampsia_vs_PretermControls","cmap","promazine",1.24e-05,6,"HL60","HT_HG-U133A","DMSO","Prestwick Chemical","693","Promazine hydrochloride [53-60-1]","C0546875","53-60-1","DB00420",1
"286",1423,0.235830923087063,0,0,"preeclampsia_vs_PretermControls","cmap","ethotoin",1.96e-05,6,"HL60","HT_HG-U133A","DMSO","Prestwick Chemical","696","Ethotoin [86-35-1]","C0015046","86-35-1","DB00754",1
"287",1437,0.152835529298692,0.00063,0.00473859432799014,"preeclampsia_vs_PretermControls","cmap","mefloquine",9.6e-06,6,"MCF7","HT_HG-U133A","DMSO","Prestwick Chemical","126","Mefloquine hydrochloride [51773-92-3]","C0282398","51773-92-3","DB00358",1
"288",1438,0.180409210303633,2e-05,0.000301980198019802,"preeclampsia_vs_PretermControls","cmap","astemizole",8.8e-06,6,"MCF7","HT_HG-U133A","DMSO","Prestwick Chemical","136","Astemizole [68844-77-9]","C0085170","68844-77-9","DB00637",1
"289",1440,0.140293886105224,0.0025,0.0140552995391705,"preeclampsia_vs_PretermControls","cmap","ivermectin",4.6e-06,6,"MCF7","HT_HG-U133A","DMSO","Prestwick Chemical","156","Ivermectin [70288-86-7]","C0022322","70288-86-7","DB00602",1
"290",1442,0,1,1,"preeclampsia_vs_PretermControls","cmap","disulfiram",1.34e-05,6,"MCF7","HT_HG-U133A","DMSO","Prestwick Chemical","97","Disulfiram [97-77-8]","C0012772","97-77-8","DB00822",1
"291",1451,0.100431923417923,0.08426,0.205347982421095,"preeclampsia_vs_PretermControls","cmap","nomifensine",1.12e-05,6,"MCF7","HT_HG-U133A","DMSO","Prestwick Chemical","108","Nomifensine maleate [32795-47-4]","C0028277","32795-47-4","DB04821",1
"292",1452,0.0983640463787354,0.09741,0.230937038476487,"preeclampsia_vs_PretermControls","cmap","nalbuphine",1.02e-05,6,"MCF7","HT_HG-U133A","DMSO","Prestwick Chemical","118","Nalbuphine hydrochloride [23277-43-2]","C0600099","23277-43-2","DB00844",1
"293",1454,0.121327748450769,0.01625,0.0581378299120235,"preeclampsia_vs_PretermControls","cmap","terfenadine",8.4e-06,6,"MCF7","HT_HG-U133A","DMSO","Prestwick Chemical","138","Terfenadine [50679-08-8]","C0085173","50679-08-8","DB00342",1
"294",1456,-0.091178556607751,0.1514,0.328428165007112,"preeclampsia_vs_PretermControls","cmap","neomycin",4.2e-06,6,"MCF7","HT_HG-U133A","DMSO","Prestwick Chemical","158","Neomycin sulfate [1405-10-3]","C0770899","1405-10-3","DB00994",1
"295",1485,0.074631400400278,0.32729,0.628413282971357,"preeclampsia_vs_PretermControls","cmap","thalidomide",1.54e-05,6,"MCF7","HT_HG-U133A","DMSO","Prestwick Chemical","192","Thalidomide [50-35-1]","C0039736","50-35-1","DB01041",1
"296",1490,0.0925318879473114,0.13957,0.306692002881844,"preeclampsia_vs_PretermControls","cmap","chlorzoxazone",2.36e-05,6,"MCF7","HT_HG-U133A","DMSO","Prestwick Chemical","163","Chlorzoxazone [95-25-0]","C0008296","95-25-0","DB00356",1
"297",1491,0,1,1,"preeclampsia_vs_PretermControls","cmap","tranylcypromine",2.36e-05,6,"MCF7","HT_HG-U133A","DMSO","Prestwick Chemical","173","Tranylcypromine hydrochloride [1986-47-6]","C0040778","1986-47-6","DB00752",1
"298",1492,0,1,1,"preeclampsia_vs_PretermControls","cmap","pargyline",2.04e-05,6,"MCF7","HT_HG-U133A","DMSO","Prestwick Chemical","183","Pargyline hydrochloride [306-07-0]","C0282289","306-07-0","DB01626",1
"299",1494,0.0697122127865759,0.38337,0.724909175449473,"preeclampsia_vs_PretermControls","cmap","flufenamic acid",1.42e-05,6,"MCF7","HT_HG-U133A","DMSO","Prestwick Chemical","203","Flufenamic acid [530-78-9]","C0016282","530-78-9","DB02266",1
"300",1497,0,1,1,"preeclampsia_vs_PretermControls","cmap","xylometazoline",1.42e-05,6,"MCF7","HT_HG-U133A","DMSO","Prestwick Chemical","223","Xylometazoline hydrochloride [1218-35-5]","C0078643","1218-35-5","DB06694",1
"301",1498,-0.109444679590422,0.04313,0.122311947931195,"preeclampsia_vs_PretermControls","cmap","hyoscyamine",1.38e-05,6,"MCF7","HT_HG-U133A","DMSO","Prestwick Chemical","233","Hyoscyamine (L) [101-31-5]","C0004261","101-31-5","DB00424",1
"302",1520,0,1,1,"preeclampsia_vs_PretermControls","cmap","griseofulvin",1.12e-05,6,"MCF7","HT_HG-U133A","DMSO","Prestwick Chemical","226","Griseofulvin [126-07-8]","C0720718","126-07-8","DB00400",1
"303",1523,0,1,1,"preeclampsia_vs_PretermControls","cmap","sulfamethoxazole",1.58e-05,6,"MCF7","HT_HG-U133A","DMSO","Prestwick Chemical","177","Sulfamethoxazole [723-46-6]","MMS_115","723-46-6","DB01015",1
"304",1524,0.118189833016549,0.02114,0.0703129770992366,"preeclampsia_vs_PretermControls","cmap","nalidixic acid",1.46e-05,6,"MCF7","HT_HG-U133A","DMSO","Prestwick Chemical","187","Nalidixic acid sodium salt hydrate","C0027353","NULL","DB00779",1
"305",1525,0,1,1,"preeclampsia_vs_PretermControls","cmap","metaraminol",8.6e-06,6,"MCF7","HT_HG-U133A","DMSO","Prestwick Chemical","197","Metaraminol bitartrate [33402-03-8]","C0025575","33402-03-8","DB00610",1
"306",1527,0,1,1,"preeclampsia_vs_PretermControls","cmap","mebendazole",1.36e-05,6,"MCF7","HT_HG-U133A","DMSO","Prestwick Chemical","217","Mebendazole [31431-39-7]","C0025023","31431-39-7","DB00643",1
"307",1532,0,1,1,"preeclampsia_vs_PretermControls","cmap","pentolonium",7.4e-06,6,"MCF7","HT_HG-U133A","DMSO","Prestwick Chemical","188","Pentolinium bitartrate [52-62-0]","NULL","52-62-0","DB01090",1
"308",1533,0,1,1,"preeclampsia_vs_PretermControls","cmap","salbutamol",1.68e-05,6,"MCF7","HT_HG-U133A","DMSO","Prestwick Chemical","198","Salbutamol [18559-94-9]","NULL","18559-94-9","DB01001",1
"309",1536,0.119761460965271,0.01843,0.0636221719457014,"preeclampsia_vs_PretermControls","cmap","tropicamide",1.4e-05,6,"MCF7","HT_HG-U133A","DMSO","Prestwick Chemical","228","Tropicamide [1508-75-4]","C0041190","1508-75-4","DB00809",1
"310",1537,0.0975455893404023,0.10283,0.24106956187548,"preeclampsia_vs_PretermControls","cmap","lomefloxacin",1.04e-05,6,"MCF7","HT_HG-U133A","DMSO","Prestwick Chemical","238","Lomefloxacin hydrochloride [98079-52-8]","C0770927","98079-52-8","DB00978",1
"311",1538,-0.0935748100368252,0.13136,0.291849235251275,"preeclampsia_vs_PretermControls","cmap","hydralazine",2.04e-05,6,"MCF7","HT_HG-U133A","DMSO","Prestwick Chemical","169","Hydralazine hydrochloride [304-20-1]","C0020223","304-20-1","DB01275",1
"312",1539,0,1,1,"preeclampsia_vs_PretermControls","cmap","phenformin",1.66e-05,6,"MCF7","HT_HG-U133A","DMSO","Prestwick Chemical","179","Phenformin hydrochloride [834-28-6]","C0770237","834-28-6","DB00914",1
"313",1547,0,1,1,"preeclampsia_vs_PretermControls","cmap","tolbutamide",1.48e-05,6,"MCF7","HT_HG-U133A","DMSO","Prestwick Chemical","190","Tolbutamide [64-77-7]","C0040374","64-77-7","DB01124",1
"314",1548,-0.181625593950588,2e-05,0.000301980198019802,"preeclampsia_vs_PretermControls","cmap","camptothecin",1.14e-05,6,"MCF7","HT_HG-U133A","DMSO","Prestwick Chemical","200","Camptothecine (S,+) [7689-03-4]","NULL","7689-03-4","DB04690",1
"315",1549,-0.122692298902994,0.0145,0.0537037037037037,"preeclampsia_vs_PretermControls","cmap","indapamide",1.06e-05,6,"MCF7","HT_HG-U133A","DMSO","Prestwick Chemical","220","Indapamide [26807-65-8]","C0021186","26807-65-8","DB00808",1
"316",1554,0,1,1,"preeclampsia_vs_PretermControls","cmap","fludrocortisone",9.4e-06,6,"MCF7","HT_HG-U133A","DMSO","Prestwick Chemical","281","Fludrocortisone acetate [514-36-3]","C0616274","514-36-3","DB00687",1
"317",1573,0.244099119328635,0,0,"preeclampsia_vs_PretermControls","cmap","tropicamide",1.4e-05,6,"HL60","HT_HG-U133A","DMSO","Prestwick Chemical","228","Tropicamide [1508-75-4]","C0041190","1508-75-4","DB00809",1
"318",1585,0.221966914960948,0,0,"preeclampsia_vs_PretermControls","cmap","tolbutamide",1.48e-05,6,"HL60","HT_HG-U133A","DMSO","Prestwick Chemical","190","Tolbutamide [64-77-7]","C0040374","64-77-7","DB01124",1
"319",1588,0.225452664286725,0,0,"preeclampsia_vs_PretermControls","cmap","phentolamine",1.26e-05,6,"HL60","HT_HG-U133A","DMSO","Prestwick Chemical","230","Phentolamine hydrochloride [73-05-2]","C0733398","73-05-2","DB00692",1
"320",1593,-0.196233872215052,0,0,"preeclampsia_vs_PretermControls","cmap","fludrocortisone",9.4e-06,6,"HL60","HT_HG-U133A","DMSO","Prestwick Chemical","281","Fludrocortisone acetate [514-36-3]","C0616274","514-36-3","DB00687",1
"321",1596,0.137712952006044,0.00321,0.0168947368421053,"preeclampsia_vs_PretermControls","cmap","lisinopril",9e-06,6,"HL60","HT_HG-U133A","DMSO","Prestwick Chemical","301","Lisinopril [83915-83-7]","C0065374","83915-83-7","DB00722",1
"322",1601,0.129855847235925,0.00734,0.031777146912704,"preeclampsia_vs_PretermControls","cmap","triprolidine",1.28e-05,6,"HL60","HT_HG-U133A","DMSO","Prestwick Chemical","262","Triprolidine hydrochloride [550-70-9]","C0242525","550-70-9","DB00427",1
"323",1604,0.223103274457417,0,0,"preeclampsia_vs_PretermControls","cmap","trazodone",9.8e-06,6,"HL60","HT_HG-U133A","DMSO","Prestwick Chemical","292","Trazodone hydrochloride [25332-39-2]","C0040805","25332-39-2","DB00656",1
"324",1614,0.200839007472012,0,0,"preeclampsia_vs_PretermControls","cmap","trifluoperazine",8.4e-06,6,"HL60","HT_HG-U133A","DMSO","Prestwick Chemical","313","Trifluoperazine dihydrochloride [440-17-5]","C0304381","440-17-5","DB00831",1
"325",1619,0.175924752955967,4e-05,0.000512605042016807,"preeclampsia_vs_PretermControls","cmap","diethylcarbamazine",1.02e-05,6,"HL60","HT_HG-U133A","DMSO","Prestwick Chemical","284","Diethylcarbamazine citrate [1642-54-2]","C0012191","1642-54-2","DB00711",1
"326",1635,0.211050552742084,0,0,"preeclampsia_vs_PretermControls","cmap","perhexiline",1.02e-05,6,"HL60","HT_HG-U133A","DMSO","Prestwick Chemical","286","Perhexiline maleate [6724-53-4]","C0070413","6724-53-4","DB01074",1
"327",1638,0.16577547169124,0.00013,0.00134634974533107,"preeclampsia_vs_PretermControls","cmap","digoxin",5.2e-06,6,"HL60","HT_HG-U133A","DMSO","Prestwick Chemical","437","Digoxin [20830-75-5]","BIOD00046","20830-75-5","DB00390",1
"328",1639,0.131878351037176,0.0059,0.0268782673637043,"preeclampsia_vs_PretermControls","cmap","meclozine",8.6e-06,6,"HL60","HT_HG-U133A","DMSO","Prestwick Chemical","457","Meclozine dihydrochloride [1104-22-9]","NULL","1104-22-9","DB00737",1
"329",1648,0.155663449472263,0.00046,0.0037313829787234,"preeclampsia_vs_PretermControls","cmap","felodipine",1.04e-05,6,"HL60","HT_HG-U133A","DMSO","Prestwick Chemical","478","Felodipine [72509-76-3]","C0015772","72509-76-3","DB01023",1
"330",1650,0,1,1,"preeclampsia_vs_PretermControls","cmap","bisacodyl",1.1e-05,6,"HL60","HT_HG-U133A","DMSO","Prestwick Chemical","419","Bisacodyl [603-50-9]","C0005632","603-50-9","DB09020",1
"331",1654,0.139537527476476,0.00271,0.0148793879387939,"preeclampsia_vs_PretermControls","cmap","menadione",2.32e-05,6,"HL60","HT_HG-U133A","DMSO","Prestwick Chemical","459","Menadione [58-27-5]","C0025270","58-27-5","DB00170",1
"332",1663,0,1,1,"preeclampsia_vs_PretermControls","cmap","puromycin",7.4e-06,6,"HL60","HT_HG-U133A","DMSO","Prestwick Chemical","480","Puromycin dihydrochloride [58-58-2]","NULL","58-58-2","DB08437",1
"333",1673,-0.187491740911525,2e-05,0.000301980198019802,"preeclampsia_vs_PretermControls","cmap","cefotiam",7.2e-06,6,"HL60","HT_HG-U133A","DMSO","Prestwick Chemical","482","Cefotiam hydrochloride","C0007556","NULL","DB00229",1
"334",1675,-0.180232768022532,2e-05,0.000301980198019802,"preeclampsia_vs_PretermControls","cmap","biperiden",1.14e-05,6,"HL60","HT_HG-U133A","DMSO","Prestwick Chemical","502","Biperiden hydrochloride [1235-82-1]","C0304411","1235-82-1","DB00810",1
"335",1682,0.189391869446953,1e-05,0.000204697986577181,"preeclampsia_vs_PretermControls","cmap","omeprazole",1.16e-05,6,"HL60","HT_HG-U133A","DMSO","Prestwick Chemical","493","Omeprazole [73590-58-6]","C0771765","73590-58-6","DB00338",1
"336",1683,0.194842578047765,1e-05,0.000204697986577181,"preeclampsia_vs_PretermControls","cmap","cetirizine",8.6e-06,6,"HL60","HT_HG-U133A","DMSO","Prestwick Chemical","503","Cetirizine dihydrochloride [83881-52-1]","C0055147","83881-52-1","DB00341",1
"337",1687,0.165307373879786,0.00014,0.00143771043771044,"preeclampsia_vs_PretermControls","cmap","betahistine",1.72e-05,6,"HL60","HT_HG-U133A","DMSO","Prestwick Chemical","543","Betahistine mesylate [54856-23-4]","C0005301","54856-23-4","DB06698",1
"338",1688,0.185346323658236,2e-05,0.000301980198019802,"preeclampsia_vs_PretermControls","cmap","pentamidine",6.8e-06,6,"HL60","HT_HG-U133A","DMSO","Prestwick Chemical","553","Pentamidine isethionate [140-64-7]","C0030863","140-64-7","DB00738",1
"339",1691,0.233138584441086,0,0,"preeclampsia_vs_PretermControls","cmap","propylthiouracil",2.34e-05,6,"HL60","HT_HG-U133A","DMSO","Prestwick Chemical","494","Propylthiouracil [51-52-5]","C0033511","51-52-5","DB00550",1
"340",1693,0.192819163469841,1e-05,0.000204697986577181,"preeclampsia_vs_PretermControls","cmap","pyrazinamide",3.24e-05,6,"HL60","HT_HG-U133A","DMSO","Prestwick Chemical","514","Pyrazinamide [ 98-96-4]","C0034239"," 98-96-4","DB00339",1
"341",1696,0.188542321804888,1e-05,0.000204697986577181,"preeclampsia_vs_PretermControls","cmap","tobramycin",8.6e-06,6,"HL60","HT_HG-U133A","DMSO","Prestwick Chemical","544","Tobramycin [32986-56-4]","C0027519","32986-56-4","DB00684",1
"342",1699,0.177995527920935,3e-05,0.000434679334916865,"preeclampsia_vs_PretermControls","cmap","terconazole",7.6e-06,6,"HL60","HT_HG-U133A","DMSO","Prestwick Chemical","495","Terconazole [67915-31-5]","C0076115","67915-31-5","DB00251",1
"343",1716,-0.158984927805217,0.00032,0.00280057388809182,"preeclampsia_vs_PretermControls","cmap","tenoxicam",1.18e-05,6,"HL60","HT_HG-U133A","DMSO","Prestwick Chemical","527","Tenoxicam [59804-37-4]","C0076096","59804-37-4","DB00469",1
"344",1721,0,1,1,"preeclampsia_vs_PretermControls","cmap","tetryzoline",1.68e-05,6,"HL60","HT_HG-U133A","DMSO","Prestwick Chemical","698","Tetrahydrozoline hydrochloride [522-48-5]","NULL","522-48-5","DB06764",1
"345",1723,0.127460463184585,0.00921,0.037629604822505,"preeclampsia_vs_PretermControls","cmap","fluorometholone",1.06e-05,6,"HL60","HT_HG-U133A","DMSO","Prestwick Chemical","718","Fluorometholone [426-13-1]","C0016351","426-13-1","DB00324",1
"346",1729,0,1,1,"preeclampsia_vs_PretermControls","cmap","hexestrol",1.48e-05,6,"HL60","HT_HG-U133A","DMSO","Prestwick Chemical","699","Hexestrol [84-16-2]","NULL","84-16-2","DB07931",1
"347",1730,0,1,1,"preeclampsia_vs_PretermControls","cmap","trioxysalen",1.76e-05,6,"HL60","HT_HG-U133A","DMSO","Prestwick Chemical","709","Trioxsalen [3902-71-4]","NULL","3902-71-4","DB04571",1
"348",1731,0.212843913411965,0,0,"preeclampsia_vs_PretermControls","cmap","cefalotin",9.6e-06,6,"HL60","HT_HG-U133A","DMSO","Prestwick Chemical","719","Cephalothin sodium salt [58-71-9]","NULL","58-71-9","DB00456",1
"349",1749,-0.22756723932992,0,0,"preeclampsia_vs_PretermControls","cmap","streptozocin",1.5e-05,6,"HL60","HT_HG-U133A","DMSO","Prestwick Chemical","732","Streptozotocin [18883-66-4]","C0038432","18883-66-4","DB00428",1
"350",1754,-0.111123034005751,0.03775,0.110050645007167,"preeclampsia_vs_PretermControls","cmap","podophyllotoxin",9.6e-06,6,"HL60","HT_HG-U133A","DMSO","Prestwick Chemical","782","Podophyllotoxin [518-28-5]","NULL","518-28-5","DB01179",1
"351",1758,0.241886552995114,0,0,"preeclampsia_vs_PretermControls","cmap","medrysone",1.16e-05,6,"HL60","HT_HG-U133A","DMSO","Prestwick Chemical","743","Medrysone [2668-66-8]","C0065865","2668-66-8","DB00253",1
"352",1759,0.186008127108655,2e-05,0.000301980198019802,"preeclampsia_vs_PretermControls","cmap","demeclocycline",8e-06,6,"HL60","HT_HG-U133A","DMSO","Prestwick Chemical","753","Demeclocycline hydrochloride [64-73-3]","C0011276","64-73-3","DB00618",1
"353",1761,0.24915707618829,0,0,"preeclampsia_vs_PretermControls","cmap","levonorgestrel",1.28e-05,6,"HL60","HT_HG-U133A","DMSO","Prestwick Chemical","773","Norgestrel-(-)-D [797-63-7]","C0023566","797-63-7","DB00367",1
"354",1762,0.199619311909879,0,0,"preeclampsia_vs_PretermControls","cmap","cloperastine",1.1e-05,6,"HL60","HT_HG-U133A","DMSO","Prestwick Chemical","793","Cloperastine hydrochloride [14984-68-0]","MMS_608","14984-68-0","DB09002",1
"355",1764,0,1,1,"preeclampsia_vs_PretermControls","cmap","flumetasone",9.8e-06,6,"HL60","HT_HG-U133A","DMSO","Prestwick Chemical","734","Flumethasone [2135-17-3]","NULL","2135-17-3","DB00663",1
"356",1766,0.159522865627984,0.00028,0.00247536231884058,"preeclampsia_vs_PretermControls","cmap","fenoprofen",7.2e-06,6,"HL60","HT_HG-U133A","DMSO","Prestwick Chemical","754","Fenoprofen calcium salt dihydrate [53746-45-5]","C0015837","53746-45-5","DB00573",1
"357",1773,0.238279214983369,0,0,"preeclampsia_vs_PretermControls","cmap","sulfadimidine",1.34e-05,6,"HL60","HT_HG-U133A","DMSO","Prestwick Chemical","775","Sulfamethazine sodium salt [1981-58-4]","NULL","1981-58-4","DB01582",1
"358",1774,0.152547682470795,0.00065,0.00485906862745098,"preeclampsia_vs_PretermControls","cmap","dicoumarol",1.18e-05,6,"HL60","HT_HG-U133A","DMSO","Prestwick Chemical","785","Dicumarol [66-76-2]","NULL","66-76-2","DB00266",1
"359",1783,-0.156317718315653,0.00041,0.00338430311231394,"preeclampsia_vs_PretermControls","cmap","thiamazole",3.5e-05,6,"HL60","HT_HG-U133A","DMSO","Prestwick Chemical","786","Methimazole [60-56-0]","NULL","60-56-0","DB00763",1
"360",1790,-0.15604717624456,0.00044,0.0036221322537112,"preeclampsia_vs_PretermControls","cmap","sulfadimethoxine",1.28e-05,6,"HL60","HT_HG-U133A","DMSO","Prestwick Chemical","728","Sulfadimethoxine [122-11-2]","C0038676","122-11-2","DB06150",1
"361",1793,0,1,1,"preeclampsia_vs_PretermControls","cmap","procainamide",1.48e-05,6,"MCF7","HT_HG-U133A","DMSO","Prestwick Chemical","337","Procainamide hydrochloride [614-39-1]","C0033216","614-39-1","DB01035",1
"362",1795,0.085915757794344,0.20175,0.413672268907563,"preeclampsia_vs_PretermControls","cmap","amoxicillin",1.1e-05,6,"MCF7","HT_HG-U133A","DMSO","Prestwick Chemical","357","Amoxicillin [26787-78-0]","MMS_106","26787-78-0","DB01060",1
"363",1799,0.170563507463898,7e-05,0.000807183364839319,"preeclampsia_vs_PretermControls","cmap","clomifene",6.6e-06,6,"MCF7","HT_HG-U133A","DMSO","Prestwick Chemical","397","Clomiphene citrate (Z,E) [50-41-9]","APRD00880","50-41-9","DB00882",1
"364",1802,0.104659914334002,0.06212,0.162005985463873,"preeclampsia_vs_PretermControls","cmap","chlorprothixene",1.14e-05,6,"MCF7","HT_HG-U133A","DMSO","Prestwick Chemical","348","Chlorprothixene hydrochloride [6469-93-8]","C0304384","6469-93-8","DB01239",1
"365",1804,0.134848435169757,0.00438,0.0212892430278884,"preeclampsia_vs_PretermControls","cmap","bepridil",1e-05,6,"MCF7","HT_HG-U133A","DMSO","Prestwick Chemical","368","Bepridil hydrochloride [74764-40-2]","C0005116","74764-40-2","DB01244",1
"366",1805,-0.0895372128445344,0.16607,0.35432913606156,"preeclampsia_vs_PretermControls","cmap","bezafibrate",1.1e-05,6,"MCF7","HT_HG-U133A","DMSO","Prestwick Chemical","378","Bezafibrate [41859-67-0]","C0005330","41859-67-0","DB01393",1
"367",1809,0.0954690185238728,0.11716,0.266272727272727,"preeclampsia_vs_PretermControls","cmap","guanfacine",1.42e-05,6,"MCF7","HT_HG-U133A","DMSO","Prestwick Chemical","339","Guanfacine hydrochloride [29110-48-3]","C0700472","29110-48-3","DB01018",1
"368",1810,0,1,1,"preeclampsia_vs_PretermControls","cmap","ritodrine",1.24e-05,6,"MCF7","HT_HG-U133A","DMSO","Prestwick Chemical","349","Ritodrine hydrochloride [23239-51-2]","C0035661","23239-51-2","DB00867",1
"369",1811,0,1,1,"preeclampsia_vs_PretermControls","cmap","dextromethorphan",1.08e-05,6,"MCF7","HT_HG-U133A","DMSO","Prestwick Chemical","359","Dextromethorphan hydrobromide monohydrate [6700-34-1]","C0872890","6700-34-1","DB00514",1
"370",1819,0,1,1,"preeclampsia_vs_PretermControls","cmap","clozapine",1.22e-05,6,"MCF7","HT_HG-U133A","DMSO","Prestwick Chemical","350","Clozapine [5786-21-0]","C0009079","5786-21-0","DB00363",1
"371",1824,0,1,1,"preeclampsia_vs_PretermControls","cmap","testosterone",1.16e-05,6,"MCF7","HT_HG-U133A","DMSO","Prestwick Chemical","401","Testosterone propionate [57-85-2]","C0076195","57-85-2","DB00624",1
"372",1828,0,1,1,"preeclampsia_vs_PretermControls","cmap","estradiol",1.46e-05,6,"MCF7","HT_HG-U133A","DMSO","Prestwick Chemical","441","Estradiol-17 beta [50-28-2]","C1330622","50-28-2","DB00783",1
"373",1831,0,1,1,"preeclampsia_vs_PretermControls","cmap","ouabain",5.4e-06,6,"MCF7","HT_HG-U133A","DMSO","Prestwick Chemical","471","Strophantine octahydrate [11018-89-6]","C0029904","11018-89-6","DB01092",1
"374",1833,0,1,1,"preeclampsia_vs_PretermControls","cmap","anisomycin",1.5e-05,6,"MCF7","HT_HG-U133A","DMSO","Prestwick Chemical","412","Anisomycin [22862-76-6]","NULL","22862-76-6","DB07374",1
"375",1834,-0.140526672343289,0.00245,0.0138765088207985,"preeclampsia_vs_PretermControls","cmap","haloperidol",1e-05,6,"HL60","HT_HG-U133A","DMSO","Sigma-Aldrich","H1512","haloperidol","C0720809","NULL","DB00502",1
"376",1838,0,1,1,"preeclampsia_vs_PretermControls","cmap","sirolimus",1e-07,6,"HL60","HT_HG-U133A","DMSO","Sigma-Aldrich","R0395","Rapamycin","C0072980","NULL","DB00877",1
"377",1839,-0.133909714211527,0.00483,0.0229820592823713,"preeclampsia_vs_PretermControls","cmap","estradiol",1e-07,6,"HL60","HT_HG-U133A","DMSO","Sigma-Aldrich","E1024","estradiol, USP","C1330622","NULL","DB00783",1
"378",1840,0.0932283837092193,0.13387,0.296624409734835,"preeclampsia_vs_PretermControls","cmap","valproic acid",0.001,6,"HL60","HT_HG-U133A","DMSO","Sigma-Aldrich","P4543","2-propylpentanoic acid","NULL","NULL","DB00313",1
"379",1842,0.155446684623871,0.00048,0.00387301587301587,"preeclampsia_vs_PretermControls","cmap","tretinoin",1e-06,6,"HL60","HT_HG-U133A","DMSO","Sigma-Aldrich","R2625","retinoic acid","C0040845","NULL","DB00755",1
"380",1845,0,1,1,"preeclampsia_vs_PretermControls","cmap","valproic acid",2e-04,6,"HL60","HT_HG-U133A","DMSO","Sigma-Aldrich","P4543","2-propylpentanoic acid","NULL","NULL","DB00313",1
"381",1846,0.151445145908079,0.00073,0.00533293413173653,"preeclampsia_vs_PretermControls","cmap","prochlorperazine",1e-05,6,"HL60","HT_HG-U133A","DMSO","Sigma-Aldrich","P9178","prochlorperazine dimaleate salt","C0770888","NULL","DB00433",1
"382",1848,0.149046491340501,0.00098,0.006671875,"preeclampsia_vs_PretermControls","cmap","chlorpromazine",1e-06,6,"HL60","HT_HG-U133A","DMSO","Sigma-Aldrich","C0982","chlorpromazine hydrochloride","C0008286","NULL","DB00477",1
"383",1851,0,1,1,"preeclampsia_vs_PretermControls","cmap","vorinostat",1e-05,6,"HL60","HT_HG-U133A","DMSO","BioVision","1604-1","SAHA","MMS_422","NULL","DB02546",1
"384",1852,0,1,1,"preeclampsia_vs_PretermControls","cmap","sirolimus",1e-07,6,"HL60","HT_HG-U133A","DMSO","Sigma-Aldrich","R0395","Rapamycin","C0072980","NULL","DB00877",1
"385",1853,0,1,1,"preeclampsia_vs_PretermControls","cmap","valproic acid",5e-05,6,"HL60","HT_HG-U133A","DMSO","Sigma-Aldrich","P4543","2-propylpentanoic acid","NULL","NULL","DB00313",1
"386",1855,0.110273817555204,0.0405,0.116643059490085,"preeclampsia_vs_PretermControls","cmap","trifluoperazine",1e-05,6,"HL60","HT_HG-U133A","DMSO","Sigma-Aldrich","T6062","trifluoperazine dihydrochloride","C0304381","NULL","DB00831",1
"387",1859,0,1,1,"preeclampsia_vs_PretermControls","cmap","geldanamycin",1e-06,6,"HL60","HT_HG-U133A","DMSO","MP Biomedicals","195994","geldanamycin","EXPT01571","NULL","DB02424",1
"388",1861,0.17226541787593,7e-05,0.000807183364839319,"preeclampsia_vs_PretermControls","cmap","thioridazine",1e-05,6,"HL60","HT_HG-U133A","DMSO","Sigma-Aldrich","T9025","thioridazine hydrochloride","C0039943","NULL","DB00679",1
"389",1864,-0.193425782133609,1e-05,0.000204697986577181,"preeclampsia_vs_PretermControls","cmap","rosiglitazone",1e-05,6,"HL60","HT_HG-U133A","DMSO","LKT Laboratories","R5772","rosiglitazone","C0289313","NULL","DB00412",1
"390",1866,0,1,1,"preeclampsia_vs_PretermControls","cmap","genistein",1e-05,6,"HL60","HT_HG-U133A","DMSO","Calbiochem","345834","genistein","NULL","NULL","DB01645",1
"391",1871,0,1,1,"preeclampsia_vs_PretermControls","cmap","valproic acid",5e-04,6,"HL60","HT_HG-U133A","DMSO","Sigma-Aldrich","P4543","2-propylpentanoic acid","NULL","NULL","DB00313",1
"392",1872,0,1,1,"preeclampsia_vs_PretermControls","cmap","estradiol",1e-08,6,"HL60","HT_HG-U133A","DMSO","Sigma-Aldrich","E1024","estradiol, USP","C1330622","NULL","DB00783",1
"393",1873,0,1,1,"preeclampsia_vs_PretermControls","cmap","sirolimus",1e-07,6,"HL60","HT_HG-U133A","DMSO","Sigma-Aldrich","R0395","Rapamycin","C0072980","NULL","DB00877",1
"394",1875,-0.105610516787932,0.05804,0.153731654363873,"preeclampsia_vs_PretermControls","cmap","haloperidol",1e-05,6,"HL60","HT_HG-U133A","DMSO","Sigma-Aldrich","H1512","haloperidol","C0720809","NULL","DB00502",1
"395",1876,0.155624368873164,0.00046,0.0037313829787234,"preeclampsia_vs_PretermControls","cmap","ribostamycin",7.2e-06,6,"HL60","HT_HG-U133A","DMSO","Prestwick Chemical","758","Ribostamycin sulfate salt [53797-35-6]","NULL","53797-35-6","DB03615",1
"396",1884,0.178705850928711,3e-05,0.000434679334916865,"preeclampsia_vs_PretermControls","cmap","zomepirac",1.28e-05,6,"HL60","HT_HG-U133A","DMSO","Prestwick Chemical","779","Zomepirac sodium salt [64092-48-4]","C0149477","64092-48-4","DB04828",1
"397",1893,0.18293972049423,2e-05,0.000301980198019802,"preeclampsia_vs_PretermControls","cmap","cinoxacin",1.52e-05,6,"HL60","HT_HG-U133A","DMSO","Prestwick Chemical","780","Cinoxacin [28657-80-9]","C0008806","28657-80-9","DB00827",1
"398",1904,0.193620895336525,1e-05,0.000204697986577181,"preeclampsia_vs_PretermControls","cmap","methazolamide",1.7e-05,6,"HL60","HT_HG-U133A","DMSO","Prestwick Chemical","802","Methazolamide [554-57-4]","C0025631","554-57-4","DB00703",1
"399",1918,0.106750974779435,0.05353,0.144868234250222,"preeclampsia_vs_PretermControls","cmap","papaverine",1.06e-05,6,"MCF7","HT_HG-U133A","DMSO","Prestwick Chemical","583","Papaverine hydrochloride [61-25-6]","C0700461","61-25-6","DB01113",1
"400",1922,0.10703907000097,0.05238,0.142514719000892,"preeclampsia_vs_PretermControls","cmap","pyridoxine",1.94e-05,6,"MCF7","HT_HG-U133A","DMSO","Prestwick Chemical","623","Pyridoxine hydrochloride [58-56-0]","C0772119","58-56-0","DB00165",1
"401",1925,0.14691626749809,0.00123,0.00808512931034483,"preeclampsia_vs_PretermControls","cmap","dacarbazine",2.2e-05,6,"MCF7","HT_HG-U133A","DMSO","Prestwick Chemical","574","Dacarbazine [4342-03-4]","C0010927","4342-03-4","DB00851",1
"402",1931,0.0625771469241747,0.45022,0.841811216671774,"preeclampsia_vs_PretermControls","cmap","riboflavin",1.06e-05,6,"MCF7","HT_HG-U133A","DMSO","Prestwick Chemical","634","Riboflavine [83-88-5]","EXPT02760","83-88-5","DB00140",1
"403",1932,0.107486509741502,0.05063,0.138868255395683,"preeclampsia_vs_PretermControls","cmap","atropine",5.8e-06,6,"MCF7","HT_HG-U133A","DMSO","Prestwick Chemical","565","Atropine sulfate monohydrate [5908-99-6]","C0004259","5908-99-6","DB00572",1
"404",1933,0.131483405152214,0.00617,0.0278174427198817,"preeclampsia_vs_PretermControls","cmap","ipratropium bromide",9.8e-06,6,"MCF7","HT_HG-U133A","DMSO","Prestwick Chemical","575","Ipratropium bromide [22254-24-6]","C0700580","22254-24-6","DB00332",1
"405",1940,0.122313043216188,0.01503,0.05503181272509,"preeclampsia_vs_PretermControls","cmap","acepromazine",9e-06,6,"MCF7","HT_HG-U133A","DMSO","Prestwick Chemical","576","Acetopromazine maleate salt [3598-37-6]","C0000959","3598-37-6","DB01614",1
"406",1956,0.0607486385544682,0.46305,0.864586776859504,"preeclampsia_vs_PretermControls","cmap","rescinnamine",6.4e-06,6,"MCF7","HT_HG-U133A","DMSO","Prestwick Chemical","568","Rescinnamin [24815-24-5]","C0035167","24815-24-5","DB01180",1
"407",1958,0,1,1,"preeclampsia_vs_PretermControls","cmap","galantamine",1.08e-05,6,"MCF7","HT_HG-U133A","DMSO","Prestwick Chemical","588","Galanthamine hydrobromide [1953-04-4]","C0949312","1953-04-4","DB00674",1
"408",1964,0,1,1,"preeclampsia_vs_PretermControls","cmap","co-dergocrine mesilate",6.4e-06,6,"MCF7","HT_HG-U133A","DMSO","Prestwick Chemical","569","Dihydroergotoxine mesylate [8067-24-1]","NULL","8067-24-1","DB01049",1
"409",1967,0,1,1,"preeclampsia_vs_PretermControls","cmap","bicuculline",1.08e-05,6,"MCF7","HT_HG-U133A","DMSO","Prestwick Chemical","589","Bicuculline (+) [485-49-4]","NULL","485-49-4","DB11562",1
"410",1969,0,1,1,"preeclampsia_vs_PretermControls","cmap","diflorasone",8e-06,6,"MCF7","HT_HG-U133A","DMSO","Prestwick Chemical","619","Diflorasone Diacetate [33564-31-7]","C0304612","33564-31-7","DB00223",1
"411",1993,0.120183274762113,0.01778,0.0619406053683609,"preeclampsia_vs_PretermControls","cmap","benzocaine",2.42e-05,6,"MCF7","HT_HG-U133A","DMSO","Prestwick Chemical","712","Benzocaine [94-09-7]","C0005059","94-09-7","DB01086",1
"412",1999,0.125526718710102,0.0111,0.0437403100775194,"preeclampsia_vs_PretermControls","cmap","omeprazole",1.16e-05,6,"MCF7","HT_HG-U133A","DMSO","Prestwick Chemical","493","Omeprazole [73590-58-6]","C0771765","73590-58-6","DB00338",1
"413",2000,0.0946775949931791,0.12304,0.277260435906908,"preeclampsia_vs_PretermControls","cmap","cetirizine",8.6e-06,6,"MCF7","HT_HG-U133A","DMSO","Prestwick Chemical","503","Cetirizine dihydrochloride [83881-52-1]","C0055147","83881-52-1","DB00341",1
"414",2004,0,1,1,"preeclampsia_vs_PretermControls","cmap","betahistine",1.72e-05,6,"MCF7","HT_HG-U133A","DMSO","Prestwick Chemical","543","Betahistine mesylate [54856-23-4]","C0005301","54856-23-4","DB06698",1
"415",2008,0,1,1,"preeclampsia_vs_PretermControls","cmap","propylthiouracil",2.34e-05,6,"MCF7","HT_HG-U133A","DMSO","Prestwick Chemical","494","Propylthiouracil [51-52-5]","C0033511","51-52-5","DB00550",1
"416",2012,0.0886464732574441,0.17506,0.370015939015939,"preeclampsia_vs_PretermControls","cmap","tobramycin",8.6e-06,6,"MCF7","HT_HG-U133A","DMSO","Prestwick Chemical","544","Tobramycin [32986-56-4]","C0027519","32986-56-4","DB00684",1
"417",2014,0.0797649517238684,0.26797,0.526786013535288,"preeclampsia_vs_PretermControls","cmap","cefaclor",1.04e-05,6,"MCF7","HT_HG-U133A","DMSO","Prestwick Chemical","485","Cefaclor [70356-03-5]","C0007537","70356-03-5","DB00833",1
"418",2015,0,1,1,"preeclampsia_vs_PretermControls","cmap","terconazole",7.6e-06,6,"MCF7","HT_HG-U133A","DMSO","Prestwick Chemical","495","Terconazole [67915-31-5]","C0076115","67915-31-5","DB00251",1
"419",2019,0,1,1,"preeclampsia_vs_PretermControls","cmap","methoxamine",1.62e-05,6,"MCF7","HT_HG-U133A","DMSO","Prestwick Chemical","535","Methoxamine hydrochloride [61-16-5]","C0025681","61-16-5","DB00723",1
"420",2028,-0.136556679619567,0.00362,0.0185251677852349,"preeclampsia_vs_PretermControls","cmap","mycophenolic acid",1.24e-05,6,"MCF7","HT_HG-U133A","DMSO","Prestwick Chemical","556","Mycophenolic acid [24280-93-1]","C0026933","24280-93-1","DB01024",1
"421",2032,0,1,1,"preeclampsia_vs_PretermControls","cmap","piracetam",2.82e-05,6,"MCF7","HT_HG-U133A","DMSO","Prestwick Chemical","537","Piracetam [7491-74-9]","C0031977","7491-74-9","DB09210",1
"422",2036,0,1,1,"preeclampsia_vs_PretermControls","cmap","resveratrol",1.76e-05,6,"MCF7","HT_HG-U133A","DMSO","Prestwick Chemical","508","Resveratrol [501-36-0]","EXPT02968","501-36-0","DB02709",1
"423",2037,0.117315984196866,0.02275,0.0744900697799249,"preeclampsia_vs_PretermControls","cmap","budesonide",9.2e-06,6,"MCF7","HT_HG-U133A","DMSO","Prestwick Chemical","518","Budesonide [51333-22-3]","C0054201","51333-22-3","DB01222",1
"424",2038,0,1,1,"preeclampsia_vs_PretermControls","cmap","triflusal",1.62e-05,6,"MCF7","HT_HG-U133A","DMSO","Prestwick Chemical","528","Triflusal [322-79-2]","C0077126","322-79-2","DB08814",1
"425",2039,0,1,1,"preeclampsia_vs_PretermControls","cmap","phenindione",1.8e-05,6,"MCF7","HT_HG-U133A","DMSO","Prestwick Chemical","538","Phenindione [83-12-5]","C0031406","83-12-5","DB00498",1
"426",2041,-0.122217370266487,0.01521,0.0556241007194245,"preeclampsia_vs_PretermControls","cmap","gliclazide",1.24e-05,6,"MCF7","HT_HG-U133A","DMSO","Prestwick Chemical","558","Gliclazide [21187-98-4]","C0017631","21187-98-4","DB01120",1
"427",2042,0.0997052478289568,0.0889,0.214090011843664,"preeclampsia_vs_PretermControls","cmap","propafenone",1.06e-05,6,"MCF7","HT_HG-U133A","DMSO","Prestwick Chemical","499","Propafenone hydrochloride [34183-22-7]","C0033429","34183-22-7","DB01182",1
"428",2044,0,1,1,"preeclampsia_vs_PretermControls","cmap","imipenem",1.34e-05,6,"MCF7","HT_HG-U133A","DMSO","Prestwick Chemical","519","Imipenem [74431-23-5]","MMS_109","74431-23-5","DB01598",1
"429",2046,0,1,1,"preeclampsia_vs_PretermControls","cmap","thiocolchicoside",7e-06,6,"MCF7","HT_HG-U133A","DMSO","Prestwick Chemical","539","Thiocolchicoside [602-41-5]","C0076456","602-41-5","DB11582",1
"430",2047,0,1,1,"preeclampsia_vs_PretermControls","cmap","trimetazidine",1.18e-05,6,"MCF7","HT_HG-U133A","DMSO","Prestwick Chemical","549","Trimetazidine dihydrochloride [13171-25-0]","C0041037","13171-25-0","DB09069",1
"431",2057,0.169165672264135,9e-05,0.000968253968253968,"preeclampsia_vs_PretermControls","cmap","prenylamine",9.6e-06,6,"MCF7","HT_HG-U133A","DMSO","Prestwick Chemical","560","Prenylamine lactate [69-43-2]","C0033059","69-43-2","DB04825",1
"432",2070,0.11699936510586,0.0234,0.0761686232657417,"preeclampsia_vs_PretermControls","cmap","ajmaline",1.22e-05,6,"MCF7","HT_HG-U133A","DMSO","Prestwick Chemical","602","Ajmaline [4360-12-7]","C0001888","4360-12-7","DB01426",1
"433",2078,0.180420056825841,2e-05,0.000301980198019802,"preeclampsia_vs_PretermControls","cmap","etofenamate",1.08e-05,6,"HL60","HT_HG-U133A","DMSO","Prestwick Chemical","1014","Etofenamate [30544-47-9]","C0059868","30544-47-9","DB08984",1
"434",2084,0.211585013053914,0,0,"preeclampsia_vs_PretermControls","cmap","fluvoxamine",9.2e-06,6,"HL60","HT_HG-U133A","DMSO","Prestwick Chemical","995","Fluvoxamine maleate [61718-82-9]","C0085228","61718-82-9","DB00176",1
"435",2085,0,1,1,"preeclampsia_vs_PretermControls","cmap","apramycin",7.4e-06,6,"HL60","HT_HG-U133A","DMSO","Prestwick Chemical","1005","Apramycin [37321-09-8]","NULL","37321-09-8","DB04626",1
"436",2087,0.245038958058237,0,0,"preeclampsia_vs_PretermControls","cmap","letrozole",1.4e-05,6,"HL60","HT_HG-U133A","DMSO","Prestwick Chemical","1025","Letrozole [112809-51-5]","C0246421","112809-51-5","DB01006",1
"437",2089,0.190692085946848,1e-05,0.000204697986577181,"preeclampsia_vs_PretermControls","cmap","sotalol",1.3e-05,6,"HL60","HT_HG-U133A","DMSO","Prestwick Chemical","966","Sotalol hydrochloride [959-24-0]","C0037707","959-24-0","DB00489",1
"438",2107,0.241571341468059,0,0,"preeclampsia_vs_PretermControls","cmap","zuclopenthixol",9.2e-06,6,"HL60","HT_HG-U133A","DMSO","Prestwick Chemical","998","Zuclopenthixol hydrochloride [633-59-0]","C0350505","633-59-0","DB01624",1
"439",2116,0.26457747745331,0,0,"preeclampsia_vs_PretermControls","cmap","pivampicillin",8.6e-06,6,"HL60","HT_HG-U133A","DMSO","Prestwick Chemical","1009","Pivampicillin [33817-20-8]","C0085884","33817-20-8","DB01604",1
"440",2118,0,1,1,"preeclampsia_vs_PretermControls","cmap","risperidone",9.8e-06,6,"HL60","HT_HG-U133A","DMSO","Prestwick Chemical","1029","Risperidone [106266-06-2]","C0073393","106266-06-2","DB00734",1
"441",2119,0.224879247572615,0,0,"preeclampsia_vs_PretermControls","cmap","levocabastine",8.8e-06,6,"HL60","HT_HG-U133A","DMSO","Prestwick Chemical","1039","Levocabastine hydrochloride [79547-78-7]","C0064870","79547-78-7","DB01106",1
"442",2124,0.208024662838755,0,0,"preeclampsia_vs_PretermControls","cmap","lymecycline",6.6e-06,6,"HL60","HT_HG-U133A","DMSO","Prestwick Chemical","1000","Lymecycline [992-21-2]","C0024200","992-21-2","DB00256",1
"443",2126,0.195795043453983,0,0,"preeclampsia_vs_PretermControls","cmap","rimexolone",1.08e-05,6,"HL60","HT_HG-U133A","DMSO","Prestwick Chemical","1020","Rimexolone [49697-38-3]","C0140594","49697-38-3","DB00896",1
"444",2127,0,1,1,"preeclampsia_vs_PretermControls","cmap","torasemide",1.14e-05,6,"HL60","HT_HG-U133A","DMSO","Prestwick Chemical","1030","Torsemide [56211-40-6]","APRD00217","56211-40-6","DB00214",1
"445",2128,0.218167941257223,0,0,"preeclampsia_vs_PretermControls","cmap","pyrvinium",3.4e-06,6,"HL60","HT_HG-U133A","DMSO","Prestwick Chemical","1040","Pyrvinium pamoate [3546-41-6]","C0072804","3546-41-6","DB06816",1
"446",2129,0,1,1,"preeclampsia_vs_PretermControls","cmap","etomidate",1.64e-05,6,"HL60","HT_HG-U133A","DMSO","Prestwick Chemical","1041","Etomidate [33125-97-2]","C0015131","33125-97-2","DB00292",1
"447",2136,0.267466585259792,0,0,"preeclampsia_vs_PretermControls","cmap","iopanoic acid",7e-06,6,"HL60","HT_HG-U133A","DMSO","Prestwick Chemical","1052","Iopanoic acid [96-83-3]","C0022028","96-83-3","DB08946",1
"448",2138,-0.273105203648008,0,0,"preeclampsia_vs_PretermControls","cmap","lansoprazole",1.08e-05,6,"HL60","HT_HG-U133A","DMSO","Prestwick Chemical","1072","Lansoprazole [103577-45-3]","MMS_95","103577-45-3","DB00448",1
"449",2149,0,1,1,"preeclampsia_vs_PretermControls","cmap","viomycin",5.2e-06,6,"HL60","HT_HG-U133A","DMSO","Prestwick Chemical","1113","Viomycin sulfate [37883-00-4]","NULL","37883-00-4","DB06827",1
"450",2150,-0.227550555557212,0,0,"preeclampsia_vs_PretermControls","cmap","levopropoxyphene",7.4e-06,6,"HL60","HT_HG-U133A","DMSO","Prestwick Chemical","1054","Levopropoxyphene napsylate [5714-90-9]","C1321938","5714-90-9","DB06793",1
"451",2152,0.182205510298235,2e-05,0.000301980198019802,"preeclampsia_vs_PretermControls","cmap","liothyronine",6.2e-06,6,"HL60","HT_HG-U133A","DMSO","Prestwick Chemical","853","Liothyronine [6893-02-3]","C0041014","6893-02-3","DB00279",1
"452",2160,0.156706412960716,0.00038,0.00316666666666667,"preeclampsia_vs_PretermControls","cmap","roxithromycin",4.8e-06,6,"HL60","HT_HG-U133A","DMSO","Prestwick Chemical","854","Roxithromycin [80214-83-1]","C0035891","80214-83-1","DB00778",1
"453",2169,0.162630311442568,0.00022,0.00206779661016949,"preeclampsia_vs_PretermControls","cmap","beclometasone",7.6e-06,6,"HL60","HT_HG-U133A","DMSO","Prestwick Chemical","855","Beclomethasone dipropionate [5534-09-8]","NULL","5534-09-8","DB00394",1
"454",2171,0.219017323303529,0,0,"preeclampsia_vs_PretermControls","cmap","reserpine",6.6e-06,6,"HL60","HT_HG-U133A","DMSO","Prestwick Chemical","875","Reserpine [50-55-5]","C0035179","50-55-5","DB00206",1
"455",2188,-0.184936060165576,2e-05,0.000301980198019802,"preeclampsia_vs_PretermControls","cmap","nadolol",1.3e-05,6,"HL60","HT_HG-U133A","DMSO","Prestwick Chemical","818","Nadolol [42200-33-9]","C0027302","42200-33-9","DB01203",1
"456",2191,-0.167753471632287,9e-05,0.000968253968253968,"preeclampsia_vs_PretermControls","cmap","iodixanol",2.6e-06,6,"HL60","HT_HG-U133A","DMSO","Prestwick Chemical","848","Iodixanol [92339-11-2]","C0063757","92339-11-2","DB01249",1
"457",2192,0.249022819426767,0,0,"preeclampsia_vs_PretermControls","cmap","doxazosin",7.4e-06,6,"HL60","HT_HG-U133A","DMSO","Prestwick Chemical","858","Doxazosin mesylate [77883-43-3]","C0077770","77883-43-3","DB00590",1
"458",2193,0.13601725143497,0.00389,0.0195783828382838,"preeclampsia_vs_PretermControls","cmap","paracetamol",2.64e-05,6,"HL60","HT_HG-U133A","DMSO","Prestwick Chemical","868","Acetaminophen [103-90-2]","NULL","103-90-2","DB00316",1
"459",2194,0.176800671722636,4e-05,0.000512605042016807,"preeclampsia_vs_PretermControls","cmap","ioversol",5e-06,6,"HL60","HT_HG-U133A","DMSO","Prestwick Chemical","878","Ioversol [87771-40-2]","C0063828","87771-40-2","DB09134",1
"460",2196,0.284161784075716,0,0,"preeclampsia_vs_PretermControls","cmap","latamoxef",7e-06,6,"HL60","HT_HG-U133A","DMSO","Prestwick Chemical","819","Moxalactam disodium salt [64953-12-4]","NULL","64953-12-4","DB04570",1
"461",2198,0.174616877652223,4e-05,0.000512605042016807,"preeclampsia_vs_PretermControls","cmap","ganciclovir",1.56e-05,6,"HL60","HT_HG-U133A","DMSO","Prestwick Chemical","839","Ganciclovir [82410-32-0]","C0017066","82410-32-0","DB01004",1
"462",2199,0.141094210407958,0.00225,0.0129725897920605,"preeclampsia_vs_PretermControls","cmap","rolitetracycline",7.6e-06,6,"HL60","HT_HG-U133A","DMSO","Prestwick Chemical","849","Rolitetracycline [751-97-3]","C0035823","751-97-3","DB01301",1
"463",2200,0.16148173925888,0.00024,0.0021981981981982,"preeclampsia_vs_PretermControls","cmap","fluvastatin",9.2e-06,6,"HL60","HT_HG-U133A","DMSO","Prestwick Chemical","859","Fluvastatin sodium salt [93957-55-2]","C0082608","93957-55-2","DB01095",1
"464",2202,0.144254067280232,0.00156,0.00974002047082907,"preeclampsia_vs_PretermControls","cmap","capsaicin",1.3e-05,6,"HL60","HT_HG-U133A","DMSO","Prestwick Chemical","879","Capsaicin [404-86-4]","C0006931","404-86-4","DB06774",1
"465",2203,0,1,1,"preeclampsia_vs_PretermControls","cmap","sulconazole",8.6e-06,6,"HL60","HT_HG-U133A","DMSO","Prestwick Chemical","810","Sulconazole nitrate [61318-91-0]","C0144004","61318-91-0","DB06820",1
"466",2204,0,1,1,"preeclampsia_vs_PretermControls","cmap","aminophylline",9.6e-06,6,"HL60","HT_HG-U133A","DMSO","Prestwick Chemical","820","Aminophylline [317-34-0]","C1271551","317-34-0","DB01223",1
"467",2210,0.168897075943209,9e-05,0.000968253968253968,"preeclampsia_vs_PretermControls","cmap","carbachol",2.18e-05,6,"HL60","HT_HG-U133A","DMSO","Prestwick Chemical","880","Carbachol [51-83-2]","C0006945","51-83-2","DB00411",1
"468",2211,0.17232822006749,6e-05,0.000742393509127789,"preeclampsia_vs_PretermControls","cmap","nicotinic acid",3.24e-05,6,"HL60","HT_HG-U133A","DMSO","Prestwick Chemical","881","Niacin [59-67-6]","C0772043","59-67-6","DB00627",1
"469",2238,0.221368700281943,0,0,"preeclampsia_vs_PretermControls","cmap","metyrapone",1.76e-05,6,"HL60","HT_HG-U133A","DMSO","Prestwick Chemical","904","Metyrapone [54-36-4]","C0025876","54-36-4","DB01011",1
"470",2242,0.192309004335628,1e-05,0.000204697986577181,"preeclampsia_vs_PretermControls","cmap","tyloxapol",4e-06,6,"HL60","HT_HG-U133A","DMSO","Prestwick Chemical","954","Tyloxapol [25301-02-4]","C0077539","25301-02-4","DB06439",1
"471",2244,0.182047697540009,2e-05,0.000301980198019802,"preeclampsia_vs_PretermControls","cmap","aminohippuric acid",2.06e-05,6,"HL60","HT_HG-U133A","DMSO","Prestwick Chemical","895","Aminohippuric acid [61-78-9]","MMS_753","61-78-9","DB00345",1
"472",2254,0.187327511317642,2e-05,0.000301980198019802,"preeclampsia_vs_PretermControls","cmap","fluspirilene",8.4e-06,6,"HL60","HT_HG-U133A","DMSO","Prestwick Chemical","906","Fluspirilen [1841-19-6]","C0016383","1841-19-6","DB04842",1
"473",2255,0.269593414389145,0,0,"preeclampsia_vs_PretermControls","cmap","nitrendipine",1.1e-05,6,"HL60","HT_HG-U133A","DMSO","Prestwick Chemical","916","Nitrendipine [39562-70-4]","C0028127","39562-70-4","DB01054",1
"474",2266,0.248475111454226,0,0,"preeclampsia_vs_PretermControls","cmap","prazosin",9.6e-06,6,"HL60","HT_HG-U133A","DMSO","Prestwick Chemical","947","Prazosin hydrochloride [19237-84-4]","C0700578","19237-84-4","DB00457",1
"475",2268,0.190208504931939,1e-05,0.000204697986577181,"preeclampsia_vs_PretermControls","cmap","promethazine",1.24e-05,6,"HL60","HT_HG-U133A","DMSO","Prestwick Chemical","888","Promethazine hydrochloride [58-33-3]","C0772132","58-33-3","DB01069",1
"476",2273,0.189882405483737,1e-05,0.000204697986577181,"preeclampsia_vs_PretermControls","cmap","ursodeoxycholic acid",1.02e-05,6,"HL60","HT_HG-U133A","DMSO","Prestwick Chemical","958","Urosiol [128-13-2]","NULL","128-13-2","DB01586",1
"477",2281,0.240391761478518,0,0,"preeclampsia_vs_PretermControls","cmap","proxymetacaine",1.2e-05,6,"HL60","HT_HG-U133A","DMSO","Prestwick Chemical","959","Proparacaine hydrochloride [5875-06-9]","NULL","5875-06-9","DB00807",1
"478",2287,0.249620744313193,0,0,"preeclampsia_vs_PretermControls","cmap","protriptyline",1.34e-05,6,"HL60","HT_HG-U133A","DMSO","Prestwick Chemical","930","Protriptyline hydrochloride [1225-55-4]","C0700557","1225-55-4","DB00344",1
"479",2292,0.253381382598734,0,0,"preeclampsia_vs_PretermControls","cmap","remoxipride",9.8e-06,6,"HL60","HT_HG-U133A","DMSO","Prestwick Chemical","971","Remoxipride Hydrochloride [73220-03-8]","C0771022","73220-03-8","DB00409",1
"480",2298,-0.247929639024429,0,0,"preeclampsia_vs_PretermControls","cmap","halofantrine",7.4e-06,6,"HL60","HT_HG-U133A","DMSO","Prestwick Chemical","1031","Halofantrine hydrochloride [36167-63-2]","C0148859","36167-63-2","DB01218",1
"481",2313,-0.162031724173106,0.00022,0.00206779661016949,"preeclampsia_vs_PretermControls","cmap","isometheptene",8.2e-06,6,"HL60","HT_HG-U133A","DMSO","Prestwick Chemical","1023","Isometheptene mucate","C0355634","NULL","DB06706",1
"482",2314,0,1,1,"preeclampsia_vs_PretermControls","cmap","glibenclamide",8e-06,6,"MCF7","HT_HG-U133A","DMSO","Prestwick Chemical","316","Glibenclamide [10238-21-8]","NULL","10238-21-8","DB01016",1
"483",2315,0.108883765356109,0.04513,0.126863133640553,"preeclampsia_vs_PretermControls","cmap","albendazole",1.5e-05,6,"MCF7","HT_HG-U133A","DMSO","Prestwick Chemical","247","Albendazole [54965-21-8]","C0001911","54965-21-8","DB00518",1
"484",2316,-0.121259233205527,0.01632,0.0582516091281451,"preeclampsia_vs_PretermControls","cmap","tretinoin",1.34e-05,6,"MCF7","HT_HG-U133A","DMSO","Prestwick Chemical","257","Retinoic acid [302-79-4]","C0040845","302-79-4","DB00755",1
"485",2317,0.121989634699068,0.01544,0.0561345238095238,"preeclampsia_vs_PretermControls","cmap","clotrimazole",1.16e-05,6,"MCF7","HT_HG-U133A","DMSO","Prestwick Chemical","267","Clotrimazole [23593-75-1]","C0009074","23593-75-1","DB00257",1
"486",2318,0.0767009333970546,0.30339,0.58695813510942,"preeclampsia_vs_PretermControls","cmap","labetalol",1.1e-05,6,"MCF7","HT_HG-U133A","DMSO","Prestwick Chemical","277","Labetalol hydrochloride [32780-64-6]","C0699440","32780-64-6","DB00598",1
"487",2319,0.126618864138947,0.00992,0.0398892551087673,"preeclampsia_vs_PretermControls","cmap","oxybutynin",1.02e-05,6,"MCF7","HT_HG-U133A","DMSO","Prestwick Chemical","287","Oxybutynin chloride [1508-65-2]","C0069805","1508-65-2","DB01062",1
"488",2321,0.0939974518124622,0.12813,0.285759137426901,"preeclampsia_vs_PretermControls","cmap","oxytetracycline",8e-06,6,"MCF7","HT_HG-U133A","DMSO","Prestwick Chemical","307","Oxytetracycline dihydrate [6153-64-6]","C0030092","6153-64-6","DB00595",1
"489",2329,0.157293035936598,0.00036,0.00302063273727648,"preeclampsia_vs_PretermControls","cmap","pimozide",8.6e-06,6,"MCF7","HT_HG-U133A","DMSO","Prestwick Chemical","308","Pimozide [2062-78-4]","C0031935","2062-78-4","DB01100",1
"490",2333,0,1,1,"preeclampsia_vs_PretermControls","cmap","clomipramine",1.14e-05,6,"MCF7","HT_HG-U133A","DMSO","Prestwick Chemical","269","Clomipramine hydrochloride [17321-77-6]","C0282107","17321-77-6","DB01242",1
"491",2335,0.115645785372662,0.02643,0.0836101607050285,"preeclampsia_vs_PretermControls","cmap","mepyramine",1e-05,6,"MCF7","HT_HG-U133A","DMSO","Prestwick Chemical","289","Pyrilamine maleate [59-33-6]","NULL","59-33-6","DB06691",1
"492",2341,0.179049379330536,3e-05,0.000434679334916865,"preeclampsia_vs_PretermControls","cmap","fendiline",1.14e-05,6,"MCF7","HT_HG-U133A","DMSO","Prestwick Chemical","270","Fendiline hydrochloride [13636-18-5]","C0015824","13636-18-5","DB08980",1
"493",2349,0,1,1,"preeclampsia_vs_PretermControls","cmap","chlortalidone",1.18e-05,6,"MCF7","HT_HG-U133A","DMSO","Prestwick Chemical","351","Chlorthalidone [77-36-1]","NULL","77-36-1","DB00310",1
"494",2351,0,1,1,"preeclampsia_vs_PretermControls","cmap","ketotifen",9.4e-06,6,"MCF7","HT_HG-U133A","DMSO","Prestwick Chemical","371","Ketotifen fumarate [34580-14-8]","C0022642","34580-14-8","DB00920",1
"495",2359,0,1,1,"preeclampsia_vs_PretermControls","cmap","betaxolol",1.16e-05,6,"MCF7","HT_HG-U133A","DMSO","Prestwick Chemical","382","Betaxolol hydrochloride [63659-19-8]","C0543470","63659-19-8","DB00195",1
"496",2361,0.111885602475458,0.03581,0.105782566585956,"preeclampsia_vs_PretermControls","cmap","chlorpropamide",1.44e-05,6,"MCF7","HT_HG-U133A","DMSO","Prestwick Chemical","323","Chlorpropamide [94-20-2]","C0008287","94-20-2","DB00672",1
"497",2364,0.161746112887954,0.00023,0.00214525993883792,"preeclampsia_vs_PretermControls","cmap","colchicine",1e-05,6,"MCF7","HT_HG-U133A","DMSO","Prestwick Chemical","363","Colchicine [64-86-8]","C0009262","64-86-8","DB01394",1
"498",2365,0,1,1,"preeclampsia_vs_PretermControls","cmap","methotrexate",8.8e-06,6,"MCF7","HT_HG-U133A","DMSO","Prestwick Chemical","373","Amethopterin (R,S) [59-05-2]","C0025677","59-05-2","DB00563",1
"499",2369,0,1,1,"preeclampsia_vs_PretermControls","cmap","sulfafurazole",1.5e-05,6,"MCF7","HT_HG-U133A","DMSO","Prestwick Chemical","334","Sulfisoxazole [127-69-5]","NULL","127-69-5","DB00263",1
"500",2383,-0.157266457817296,0.00036,0.00302063273727648,"preeclampsia_vs_PretermControls","cmap","mitoxantrone",7.8e-06,6,"MCF7","HT_HG-U133A","DMSO","Prestwick Chemical","385","Mitoxantrone dihydrochloride [70476-82-3]","C0700458","70476-82-3","DB01204",1
"501",2385,0,1,1,"preeclampsia_vs_PretermControls","cmap","methyldopa",1.9e-05,6,"MCF7","HT_HG-U133A","DMSO","Prestwick Chemical","326","Methyldopa (L,-) [555-30-6]","C0304527","555-30-6","DB00968",1
"502",2387,0.162894809268461,2e-04,0.00193037974683544,"preeclampsia_vs_PretermControls","cmap","maprotiline",1.28e-05,6,"MCF7","HT_HG-U133A","DMSO","Prestwick Chemical","346","Maprotiline hydrochloride [10347-81-6]","C0771589","10347-81-6","DB00934",1
"503",2388,-0.0982868787550908,0.09797,0.231904152114862,"preeclampsia_vs_PretermControls","cmap","adenosine phosphate",1.1e-05,6,"MCF7","HT_HG-U133A","DMSO","Prestwick Chemical","356","Adenosine 5'-monophosphate monohydrate [18422-05-4]","C0981812","18422-05-4","DB00131",1
"504",2389,0,1,1,"preeclampsia_vs_PretermControls","cmap","ambroxol",9.6e-06,6,"MCF7","HT_HG-U133A","DMSO","Prestwick Chemical","366","Ambroxol hydrochloride [23828-92-4]","C0002421","23828-92-4","DB06742",1
"505",2390,0.151284518021952,0.00074,0.00534834123222749,"preeclampsia_vs_PretermControls","cmap","clofazimine",8.4e-06,6,"MCF7","HT_HG-U133A","DMSO","Prestwick Chemical","376","Clofazimine [2030-63-9]","C0008996","2030-63-9","DB00845",1
"506",2392,0.0818563433608189,0.24393,0.486583714846305,"preeclampsia_vs_PretermControls","cmap","etoposide",6.8e-06,6,"MCF7","HT_HG-U133A","DMSO","Prestwick Chemical","396","Etoposide [33419-42-0]","C0015133","33419-42-0","DB00773",1
"507",2411,0,1,1,"preeclampsia_vs_PretermControls","cmap","ginkgolide A",9.8e-06,6,"MCF7","HT_HG-U133A","DMSO","Prestwick Chemical","444","Ginkgolide A [15291-75-5]","NULL","15291-75-5","DB06743",1
"508",2418,0,1,1,"preeclampsia_vs_PretermControls","cmap","ciclosporin",3.4e-06,6,"MCF7","HT_HG-U133A","DMSO","Prestwick Chemical","435","Cyclosporin A [59865-13-3]","NULL","59865-13-3","DB00091",1
"509",2421,-0.086241815843606,0.19853,0.408856515867657,"preeclampsia_vs_PretermControls","cmap","myricetin",1.26e-05,6,"MCF7","HT_HG-U133A","DMSO","Prestwick Chemical","465","Myricetin [529-44-2]","NULL","529-44-2","DB02375",1
"510",2424,0,1,1,"preeclampsia_vs_PretermControls","cmap","bacampicillin",8e-06,6,"MCF7","HT_HG-U133A","DMSO","Prestwick Chemical","416","Bacampicillin hydrochloride [37661-08-8]","C0052865","37661-08-8","DB01602",1
"511",2429,0,1,1,"preeclampsia_vs_PretermControls","cmap","naringenin",1.46e-05,6,"MCF7","HT_HG-U133A","DMSO","Prestwick Chemical","466","Naringenine [480-41-1]","EXPT02295","480-41-1","DB03467",1
"512",2430,0,1,1,"preeclampsia_vs_PretermControls","cmap","primaquine",8.8e-06,6,"MCF7","HT_HG-U133A","DMSO","Prestwick Chemical","476","Primaquine diphosphate [63-45-6]","C0033126","63-45-6","DB01087",1
"513",2434,0.106768900520335,0.05347,0.144770084332002,"preeclampsia_vs_PretermControls","cmap","digoxin",5.2e-06,6,"MCF7","HT_HG-U133A","DMSO","Prestwick Chemical","437","Digoxin [20830-75-5]","BIOD00046","20830-75-5","DB00390",1
"514",2442,-0.178758924369436,3e-05,0.000434679334916865,"preeclampsia_vs_PretermControls","cmap","doxorubicin",6.8e-06,6,"MCF7","HT_HG-U133A","DMSO","Prestwick Chemical","438","Doxorubicin hydrochloride [25316-40-9]","C1445757","25316-40-9","DB00997",1
"515",2446,0.137226307469594,0.00337,0.0176001712328767,"preeclampsia_vs_PretermControls","cmap","felodipine",1.04e-05,6,"MCF7","HT_HG-U133A","DMSO","Prestwick Chemical","478","Felodipine [72509-76-3]","C0015772","72509-76-3","DB01023",1
"516",2447,0.0849717377718295,0.21117,0.428094715852443,"preeclampsia_vs_PretermControls","cmap","amiodarone",5.8e-06,6,"MCF7","HT_HG-U133A","DMSO","Prestwick Chemical","409","Amiodarone hydrochloride [19774-82-4]","C0700442","19774-82-4","DB01118",1
"517",2448,0.121284279564059,0.01629,0.058246776084408,"preeclampsia_vs_PretermControls","cmap","bisacodyl",1.1e-05,6,"MCF7","HT_HG-U133A","DMSO","Prestwick Chemical","419","Bisacodyl [603-50-9]","C0005632","603-50-9","DB09020",1
"518",2460,-0.110954747315775,0.0382,0.111279847182426,"preeclampsia_vs_PretermControls","cmap","ceforanide",7.6e-06,6,"MCF7","HT_HG-U133A","DMSO","Prestwick Chemical","470","Ceforanide [60925-61-3]","C0055008","60925-61-3","DB00923",1
"519",2461,0.134784929196221,0.00442,0.0214494828957836,"preeclampsia_vs_PretermControls","cmap","puromycin",7.4e-06,6,"MCF7","HT_HG-U133A","DMSO","Prestwick Chemical","480","Puromycin dihydrochloride [58-58-2]","NULL","58-58-2","DB08437",1
"520",2468,0.20677536703472,0,0,"preeclampsia_vs_PretermControls","cmap","ciclopirox",1.5e-05,6,"MCF7","HT_HG-U133A","DMSO","Prestwick Chemical","541","Ciclopirox ethanolamine [41621-49-2]","C0126169","41621-49-2","DB01188",1
"521",2469,0,1,1,"preeclampsia_vs_PretermControls","cmap","hexetidine",1.18e-05,6,"MCF7","HT_HG-U133A","DMSO","Prestwick Chemical","551","Hexetidine [141-94-6]","C0019468","141-94-6","DB08958",1
"522",2473,0.130551804811617,0.0068,0.0299494584837545,"preeclampsia_vs_PretermControls","cmap","iohexol",4.8e-06,6,"MCF7","HT_HG-U133A","DMSO","Prestwick Chemical","512","Iohexol [66108-95-0]","C0022005","66108-95-0","DB01362",1
"523",2475,0,1,1,"preeclampsia_vs_PretermControls","cmap","liothyronine",6.2e-06,6,"MCF7","HT_HG-U133A","DMSO","Prestwick Chemical","853","Liothyronine [6893-02-3]","C0041014","6893-02-3","DB00279",1
"524",2476,-0.0925724589082404,0.13918,0.306055515501081,"preeclampsia_vs_PretermControls","cmap","etidronic acid",1.6e-05,6,"MCF7","HT_HG-U133A","DMSO","Prestwick Chemical","863","Etidronic acid, disodium salt [7414-83-7]","NULL","7414-83-7","DB01077",1
"525",2480,0.0975176864550287,0.10306,0.241515943142528,"preeclampsia_vs_PretermControls","cmap","benzthiazide",9.2e-06,6,"MCF7","HT_HG-U133A","DMSO","Prestwick Chemical","824","Benzthiazide [91-33-8]","C0053245","91-33-8","DB00562",1
"526",2481,-0.0937803143736125,0.12969,0.288725912408759,"preeclampsia_vs_PretermControls","cmap","procyclidine",1.24e-05,6,"MCF7","HT_HG-U133A","DMSO","Prestwick Chemical","844","Procyclidine hydrochloride [1508-76-5]","C0033254","1508-76-5","DB00387",1
"527",2482,0.107815382918665,0.04938,0.13599006772009,"preeclampsia_vs_PretermControls","cmap","roxithromycin",4.8e-06,6,"MCF7","HT_HG-U133A","DMSO","Prestwick Chemical","854","Roxithromycin [80214-83-1]","C0035891","80214-83-1","DB00778",1
"528",2485,0,1,1,"preeclampsia_vs_PretermControls","cmap","theobromine",2.22e-05,6,"MCF7","HT_HG-U133A","DMSO","Prestwick Chemical","874","Theobromine [83-67-0]","C0039763","83-67-0","DB01412",1
"529",2491,0.0973846716616972,0.10398,0.243484836852207,"preeclampsia_vs_PretermControls","cmap","simvastatin",9.6e-06,6,"MCF7","HT_HG-U133A","DMSO","Prestwick Chemical","865","Simvastatin [79902-63-9]","C0074554","79902-63-9","DB00641",1
"530",2492,-0.0739238097225245,0.33599,0.642690185010975,"preeclampsia_vs_PretermControls","cmap","reserpine",6.6e-06,6,"MCF7","HT_HG-U133A","DMSO","Prestwick Chemical","875","Reserpine [50-55-5]","C0035179","50-55-5","DB00206",1
"531",2493,0.0957040403046829,0.11543,0.263125186846039,"preeclampsia_vs_PretermControls","cmap","trimipramine",9.8e-06,6,"MCF7","HT_HG-U133A","DMSO","Prestwick Chemical","806","Trimipramine maleate salt [521-78-8]","C0041056","521-78-8","DB00726",1
"532",2498,0,1,1,"preeclampsia_vs_PretermControls","cmap","tolmetin",1.26e-05,6,"MCF7","HT_HG-U133A","DMSO","Prestwick Chemical","856","Tolmetin sodium salt dihydrate [64490-92-2]","C0040377","64490-92-2","DB00500",1
"533",2499,-0.185606764388036,2e-05,0.000301980198019802,"preeclampsia_vs_PretermControls","cmap","azacitidine",1.64e-05,6,"MCF7","HT_HG-U133A","DMSO","Prestwick Chemical","866","Azacytidine-5 [320-67-2]","C0004475","320-67-2","DB00928",1
"534",2508,0,1,1,"preeclampsia_vs_PretermControls","cmap","scopolamine",1.18e-05,6,"MCF7","HT_HG-U133A","DMSO","Prestwick Chemical","877","Scopolamine hydrochloride [55-16-3]","C0036442","55-16-3","DB00747",1
"535",2510,0,1,1,"preeclampsia_vs_PretermControls","cmap","nadolol",1.3e-05,6,"MCF7","HT_HG-U133A","DMSO","Prestwick Chemical","818","Nadolol [42200-33-9]","C0027302","42200-33-9","DB01203",1
"536",2514,-0.124343909603262,0.01253,0.0480408548082967,"preeclampsia_vs_PretermControls","cmap","doxazosin",7.4e-06,6,"MCF7","HT_HG-U133A","DMSO","Prestwick Chemical","858","Doxazosin mesylate [77883-43-3]","C0077770","77883-43-3","DB00590",1
"537",2519,0,1,1,"preeclampsia_vs_PretermControls","cmap","ganciclovir",1.56e-05,6,"MCF7","HT_HG-U133A","DMSO","Prestwick Chemical","839","Ganciclovir [82410-32-0]","C0017066","82410-32-0","DB01004",1
"538",2520,-0.110716744811305,0.03914,0.113530194959582,"preeclampsia_vs_PretermControls","cmap","rolitetracycline",7.6e-06,6,"MCF7","HT_HG-U133A","DMSO","Prestwick Chemical","849","Rolitetracycline [751-97-3]","C0035823","751-97-3","DB01301",1
"539",2521,0,1,1,"preeclampsia_vs_PretermControls","cmap","fluvastatin",9.2e-06,6,"MCF7","HT_HG-U133A","DMSO","Prestwick Chemical","859","Fluvastatin sodium salt [93957-55-2]","C0082608","93957-55-2","DB01095",1
"540",2524,-0.0745560543299814,0.32824,0.630039018250472,"preeclampsia_vs_PretermControls","cmap","sulconazole",8.6e-06,6,"MCF7","HT_HG-U133A","DMSO","Prestwick Chemical","810","Sulconazole nitrate [61318-91-0]","C0144004","61318-91-0","DB06820",1
"541",2531,0,1,1,"preeclampsia_vs_PretermControls","cmap","carbachol",2.18e-05,6,"MCF7","HT_HG-U133A","DMSO","Prestwick Chemical","880","Carbachol [51-83-2]","C0006945","51-83-2","DB00411",1
"542",2532,0,1,1,"preeclampsia_vs_PretermControls","cmap","nicotinic acid",3.24e-05,6,"MCF7","HT_HG-U133A","DMSO","Prestwick Chemical","881","Niacin [59-67-6]","C0772043","59-67-6","DB00627",1
"543",2539,0,1,1,"preeclampsia_vs_PretermControls","cmap","crotamiton",1.96e-05,6,"MCF7","HT_HG-U133A","DMSO","Prestwick Chemical","951","Crotamiton [483-63-6]","C0056519","483-63-6","DB00265",1
"544",2542,0,1,1,"preeclampsia_vs_PretermControls","cmap","monobenzone",2e-05,6,"MCF7","HT_HG-U133A","DMSO","Prestwick Chemical","912","Monobenzone [103-16-2]","C0050962","103-16-2","DB00600",1
"545",2550,0.0924784419161284,0.14001,0.307548073460569,"preeclampsia_vs_PretermControls","cmap","diloxanide",1.22e-05,6,"MCF7","HT_HG-U133A","DMSO","Prestwick Chemical","903","Diloxanide furoate [3736-81-0]","C0206816","3736-81-0","DB08792",1
"546",2554,0,1,1,"preeclampsia_vs_PretermControls","cmap","medrysone",1.16e-05,6,"MCF7","HT_HG-U133A","DMSO","Prestwick Chemical","743","Medrysone [2668-66-8]","C0065865","2668-66-8","DB00253",1
"547",2557,0,1,1,"preeclampsia_vs_PretermControls","cmap","levonorgestrel",1.28e-05,6,"MCF7","HT_HG-U133A","DMSO","Prestwick Chemical","773","Norgestrel-(-)-D [797-63-7]","C0023566","797-63-7","DB00367",1
"548",2560,0,1,1,"preeclampsia_vs_PretermControls","cmap","flumetasone",9.8e-06,6,"MCF7","HT_HG-U133A","DMSO","Prestwick Chemical","734","Flumethasone [2135-17-3]","NULL","2135-17-3","DB00663",1
"549",2562,0,1,1,"preeclampsia_vs_PretermControls","cmap","fenoprofen",7.2e-06,6,"MCF7","HT_HG-U133A","DMSO","Prestwick Chemical","754","Fenoprofen calcium salt dihydrate [53746-45-5]","C0015837","53746-45-5","DB00573",1
"550",2564,0,1,1,"preeclampsia_vs_PretermControls","cmap","fluocinonide",8e-06,6,"MCF7","HT_HG-U133A","DMSO","Prestwick Chemical","774","Fluocinonide [356-12-7]","C0016299","356-12-7","DB01047",1
"551",2567,0.0869443144517737,0.19164,0.397080163043478,"preeclampsia_vs_PretermControls","cmap","deferoxamine",6e-06,6,"MCF7","HT_HG-U133A","DMSO","Prestwick Chemical","725","Deferoxamine mesylate [138-14-7]","C0011145","138-14-7","DB00746",1
"552",2568,0,1,1,"preeclampsia_vs_PretermControls","cmap","flecainide",8.4e-06,6,"MCF7","HT_HG-U133A","DMSO","Prestwick Chemical","735","Flecainide acetate [54143-56-5]","C0086303","54143-56-5","DB01195",1
"553",2572,0,1,1,"preeclampsia_vs_PretermControls","cmap","sulfadimidine",1.34e-05,6,"MCF7","HT_HG-U133A","DMSO","Prestwick Chemical","775","Sulfamethazine sodium salt [1981-58-4]","NULL","1981-58-4","DB01582",1
"554",2573,0,1,1,"preeclampsia_vs_PretermControls","cmap","dicoumarol",1.18e-05,6,"MCF7","HT_HG-U133A","DMSO","Prestwick Chemical","785","Dicumarol [66-76-2]","NULL","66-76-2","DB00266",1
"555",2589,0,1,1,"preeclampsia_vs_PretermControls","cmap","levomepromazine",9e-06,6,"MCF7","HT_HG-U133A","DMSO","Prestwick Chemical","797","Methotrimeprazine maleat salt [7104-38-3]","C0607673","7104-38-3","DB01403",1
"556",2590,0.08699875405751,0.19102,0.396064581917063,"preeclampsia_vs_PretermControls","cmap","sulfadimethoxine",1.28e-05,6,"MCF7","HT_HG-U133A","DMSO","Prestwick Chemical","728","Sulfadimethoxine [122-11-2]","C0038676","122-11-2","DB06150",1
"557",2594,0,1,1,"preeclampsia_vs_PretermControls","cmap","vidarabine",1.5e-05,6,"MCF7","HT_HG-U133A","DMSO","Prestwick Chemical","768","Vidarabine [5536-17-4]","C0042646","5536-17-4","DB00194",1
"558",2599,0.0664124274980369,0.417,0.784124537607891,"preeclampsia_vs_PretermControls","cmap","corbadrine",2.18e-05,6,"MCF7","HT_HG-U133A","DMSO","Prestwick Chemical","739","Levonordefrin [829-74-3]","NULL","829-74-3","DB06707",1
"559",2603,-0.10896594225146,0.04486,0.126278726349792,"preeclampsia_vs_PretermControls","cmap","zomepirac",1.28e-05,6,"MCF7","HT_HG-U133A","DMSO","Prestwick Chemical","779","Zomepirac sodium salt [64092-48-4]","C0149477","64092-48-4","DB04828",1
"560",2612,0,1,1,"preeclampsia_vs_PretermControls","cmap","cinoxacin",1.52e-05,6,"MCF7","HT_HG-U133A","DMSO","Prestwick Chemical","780","Cinoxacin [28657-80-9]","C0008806","28657-80-9","DB00827",1
"561",2622,-0.109744118121442,0.04221,0.120487131492747,"preeclampsia_vs_PretermControls","cmap","iopamidol",5.2e-06,6,"MCF7","HT_HG-U133A","DMSO","Prestwick Chemical","871","Iopamidol [60166-93-0]","C0022026","60166-93-0","DB08947",1
"562",2629,0.084870020576929,0.2124,0.430158313972785,"preeclampsia_vs_PretermControls","cmap","raloxifene",7.8e-06,6,"MCF7","HT_HG-U133A","DMSO","Prestwick Chemical","862","Raloxifene hydrochloride [82640-04-8]","C0618111","82640-04-8","DB00481",1
"563",2641,0,1,1,"preeclampsia_vs_PretermControls","cmap","levocabastine",8.8e-06,6,"MCF7","HT_HG-U133A","DMSO","Prestwick Chemical","1039","Levocabastine hydrochloride [79547-78-7]","C0064870","79547-78-7","DB01106",1
"564",2648,0.102584626884604,0.07292,0.183882596114097,"preeclampsia_vs_PretermControls","cmap","rimexolone",1.08e-05,6,"MCF7","HT_HG-U133A","DMSO","Prestwick Chemical","1020","Rimexolone [49697-38-3]","C0140594","49697-38-3","DB00896",1
"565",2649,-0.0804007566401415,0.26052,0.514295145631068,"preeclampsia_vs_PretermControls","cmap","torasemide",1.14e-05,6,"MCF7","HT_HG-U133A","DMSO","Prestwick Chemical","1030","Torsemide [56211-40-6]","APRD00217","56211-40-6","DB00214",1
"566",2650,0,1,1,"preeclampsia_vs_PretermControls","cmap","pyrvinium",3.4e-06,6,"MCF7","HT_HG-U133A","DMSO","Prestwick Chemical","1040","Pyrvinium pamoate [3546-41-6]","C0072804","3546-41-6","DB06816",1
"567",2651,0,1,1,"preeclampsia_vs_PretermControls","cmap","etomidate",1.64e-05,6,"MCF7","HT_HG-U133A","DMSO","Prestwick Chemical","1041","Etomidate [33125-97-2]","C0015131","33125-97-2","DB00292",1
"568",2673,0.0854097799530436,0.20703,0.421945539592382,"preeclampsia_vs_PretermControls","cmap","viomycin",5.2e-06,6,"MCF7","HT_HG-U133A","DMSO","Prestwick Chemical","1113","Viomycin sulfate [37883-00-4]","NULL","37883-00-4","DB06827",1
"569",2675,0,1,1,"preeclampsia_vs_PretermControls","cmap","levopropoxyphene",7.4e-06,6,"MCF7","HT_HG-U133A","DMSO","Prestwick Chemical","1054","Levopropoxyphene napsylate [5714-90-9]","C1321938","5714-90-9","DB06793",1
"570",2680,0,1,1,"preeclampsia_vs_PretermControls","cmap","natamycin",6e-06,6,"MCF7","HT_HG-U133A","DMSO","Prestwick Chemical","1104","Natamycin [7681-93-8]","C0027444","7681-93-8","DB00826",1
"571",2681,0.0899676376208394,0.16234,0.348075219683656,"preeclampsia_vs_PretermControls","cmap","saquinavir",5.2e-06,6,"MCF7","HT_HG-U133A","DMSO","Prestwick Chemical","1114","Saquinavir mesylate [149845-06-7]","C0286737","149845-06-7","DB01232",1
"572",2682,0,1,1,"preeclampsia_vs_PretermControls","cmap","sertaconazole",8e-06,6,"MCF7","HT_HG-U133A","DMSO","Prestwick Chemical","1045","Sertaconazole nitrate [99592-39-9]","C0074391","99592-39-9","DB01153",1
"573",2684,0.131929271733036,0.00586,0.0267559880239521,"preeclampsia_vs_PretermControls","cmap","milrinone",1.9e-05,6,"MCF7","HT_HG-U133A","DMSO","Prestwick Chemical","1065","Milrinone [78415-72-2]","C0600487","78415-72-2","DB00235",1
"574",2688,-0.134913307308304,0.00437,0.0212575757575758,"preeclampsia_vs_PretermControls","cmap","verteporfin",2.8e-06,6,"MCF7","HT_HG-U133A","DMSO","Prestwick Chemical","1105","Verteporfin [129497-78-5]","C0387288","129497-78-5","DB00460",1
"575",2690,0,1,1,"preeclampsia_vs_PretermControls","cmap","repaglinide",8.8e-06,6,"MCF7","HT_HG-U133A","DMSO","Prestwick Chemical","1046","Repaglinide [135062-02-1]","C0246689","135062-02-1","DB00912",1
"576",2694,0,1,1,"preeclampsia_vs_PretermControls","cmap","cycloserine",3.92e-05,6,"MCF7","HT_HG-U133A","DMSO","Prestwick Chemical","1086","D-cycloserine [68-41-7]","C0010590","68-41-7","DB00260",1
"577",2695,0.122620140551056,0.0146,0.053910411622276,"preeclampsia_vs_PretermControls","cmap","estriol",1.38e-05,6,"MCF7","HT_HG-U133A","DMSO","Prestwick Chemical","1096","Estriol [50-27-1]","C0059648","50-27-1","DB04573",1
"578",2700,0,1,1,"preeclampsia_vs_PretermControls","cmap","oxprenolol",1.32e-05,6,"MCF7","HT_HG-U133A","DMSO","Prestwick Chemical","1057","Oxprenolol hydrochloride [6452-73-9]","C0030040","6452-73-9","DB01580",1
"579",2714,0,1,1,"preeclampsia_vs_PretermControls","cmap","oxyphenbutazone",1.24e-05,6,"MCF7","HT_HG-U133A","DMSO","Prestwick Chemical","1049","Oxyphenbutazone [129-20-4]","C0030078","129-20-4","DB03585",1
"580",2717,0,1,1,"preeclampsia_vs_PretermControls","cmap","medrysone",1.16e-05,6,"MCF7","HT_HG-U133A","DMSO","Prestwick Chemical","743","Medrysone [2668-66-8]","C0065865","2668-66-8","DB00253",1
"581",2718,-0.124851543402152,0.01184,0.045914812460267,"preeclampsia_vs_PretermControls","cmap","demeclocycline",8e-06,6,"MCF7","HT_HG-U133A","DMSO","Prestwick Chemical","753","Demeclocycline hydrochloride [64-73-3]","C0011276","64-73-3","DB00618",1
"582",2720,0,1,1,"preeclampsia_vs_PretermControls","cmap","levonorgestrel",1.28e-05,6,"MCF7","HT_HG-U133A","DMSO","Prestwick Chemical","773","Norgestrel-(-)-D [797-63-7]","C0023566","797-63-7","DB00367",1
"583",2721,0.135637498960887,0.00405,0.0201838235294118,"preeclampsia_vs_PretermControls","cmap","cloperastine",1.1e-05,6,"MCF7","HT_HG-U133A","DMSO","Prestwick Chemical","793","Cloperastine hydrochloride [14984-68-0]","MMS_608","14984-68-0","DB09002",1
"584",2736,0,1,1,"preeclampsia_vs_PretermControls","cmap","prilocaine",1.56e-05,6,"MCF7","HT_HG-U133A","DMSO","Prestwick Chemical","199","Prilocaine hydrochloride [1786-81-8]","C0008846","1786-81-8","DB00750",1
"585",2750,0.164260767284637,0.00017,0.00166720257234727,"preeclampsia_vs_PretermControls","cmap","diphenylpyraline",1.26e-05,6,"MCF7","HT_HG-U133A","DMSO","Prestwick Chemical","707","Diphenylpyraline hydrochloride [132-18-3]","C0700485","132-18-3","DB01146",1
"586",2751,0,1,1,"preeclampsia_vs_PretermControls","cmap","finasteride",1.08e-05,6,"MCF7","HT_HG-U133A","DMSO","Prestwick Chemical","717","Finasteride [98319-26-7]","C0060389","98319-26-7","DB01216",1
"587",2758,0,1,1,"preeclampsia_vs_PretermControls","cmap","sulfamethoxazole",1.58e-05,6,"PC3","HT_HG-U133A","DMSO","Prestwick Chemical","177","Sulfamethoxazole [723-46-6]","MMS_115","723-46-6","DB01015",1
"588",2759,0,1,1,"preeclampsia_vs_PretermControls","cmap","nalidixic acid",1.46e-05,6,"PC3","HT_HG-U133A","DMSO","Prestwick Chemical","187","Nalidixic acid sodium salt hydrate","C0027353","NULL","DB00779",1
"589",2760,-0.135043258580096,0.00435,0.0212575757575758,"preeclampsia_vs_PretermControls","cmap","metaraminol",8.6e-06,6,"PC3","HT_HG-U133A","DMSO","Prestwick Chemical","197","Metaraminol bitartrate [33402-03-8]","C0025575","33402-03-8","DB00610",1
"590",2762,0.13824939946698,0.00307,0.0164271929824561,"preeclampsia_vs_PretermControls","cmap","mebendazole",1.36e-05,6,"PC3","HT_HG-U133A","DMSO","Prestwick Chemical","217","Mebendazole [31431-39-7]","C0025023","31431-39-7","DB00643",1
"591",2767,-0.0741672768870382,0.33323,0.638010985561833,"preeclampsia_vs_PretermControls","cmap","pentolonium",7.4e-06,6,"PC3","HT_HG-U133A","DMSO","Prestwick Chemical","188","Pentolinium bitartrate [52-62-0]","NULL","52-62-0","DB01090",1
"592",2768,0.102717351885357,0.07213,0.182418325041459,"preeclampsia_vs_PretermControls","cmap","salbutamol",1.68e-05,6,"PC3","HT_HG-U133A","DMSO","Prestwick Chemical","198","Salbutamol [18559-94-9]","NULL","18559-94-9","DB01001",1
"593",2777,0,1,1,"preeclampsia_vs_PretermControls","cmap","cefazolin",8.4e-06,6,"PC3","HT_HG-U133A","DMSO","Prestwick Chemical","736","Cefazolin sodium salt [27164-46-1]","C0007546","27164-46-1","DB01327",1
"594",2791,0,1,1,"preeclampsia_vs_PretermControls","cmap","levomepromazine",9e-06,6,"PC3","HT_HG-U133A","DMSO","Prestwick Chemical","797","Methotrimeprazine maleat salt [7104-38-3]","C0607673","7104-38-3","DB01403",1
"595",2795,0,1,1,"preeclampsia_vs_PretermControls","cmap","medrysone",1.16e-05,6,"PC3","HT_HG-U133A","DMSO","Prestwick Chemical","743","Medrysone [2668-66-8]","C0065865","2668-66-8","DB00253",1
"596",2798,-0.13375214984694,0.00486,0.0230170807453416,"preeclampsia_vs_PretermControls","cmap","levonorgestrel",1.28e-05,6,"PC3","HT_HG-U133A","DMSO","Prestwick Chemical","773","Norgestrel-(-)-D [797-63-7]","C0023566","797-63-7","DB00367",1
"597",2799,0.142893325530461,0.0018,0.0108284023668639,"preeclampsia_vs_PretermControls","cmap","cloperastine",1.1e-05,6,"PC3","HT_HG-U133A","DMSO","Prestwick Chemical","793","Cloperastine hydrochloride [14984-68-0]","MMS_608","14984-68-0","DB09002",1
"598",2801,0,1,1,"preeclampsia_vs_PretermControls","cmap","flumetasone",9.8e-06,6,"PC3","HT_HG-U133A","DMSO","Prestwick Chemical","734","Flumethasone [2135-17-3]","NULL","2135-17-3","DB00663",1
"599",2803,0.113587678483249,0.03104,0.0944496510468594,"preeclampsia_vs_PretermControls","cmap","fenoprofen",7.2e-06,6,"PC3","HT_HG-U133A","DMSO","Prestwick Chemical","754","Fenoprofen calcium salt dihydrate [53746-45-5]","C0015837","53746-45-5","DB00573",1
"600",2810,0,1,1,"preeclampsia_vs_PretermControls","cmap","fenbufen",1.58e-05,6,"PC3","HT_HG-U133A","DMSO","Prestwick Chemical","218","Fenbufen [36330-85-5]","C0060156","36330-85-5","DB08981",1
"601",2830,0.178916530132963,3e-05,0.000434679334916865,"preeclampsia_vs_PretermControls","cmap","diphenylpyraline",1.26e-05,6,"PC3","HT_HG-U133A","DMSO","Prestwick Chemical","707","Diphenylpyraline hydrochloride [132-18-3]","C0700485","132-18-3","DB01146",1
"602",2834,0,1,1,"preeclampsia_vs_PretermControls","cmap","flunisolide",9.2e-06,6,"PC3","HT_HG-U133A","DMSO","Prestwick Chemical","643","Flunisolide [3385-03-3]","C0060501","3385-03-3","DB00180",1
"603",2838,0.187396274956523,2e-05,0.000301980198019802,"preeclampsia_vs_PretermControls","cmap","promazine",1.24e-05,6,"PC3","HT_HG-U133A","DMSO","Prestwick Chemical","693","Promazine hydrochloride [53-60-1]","C0546875","53-60-1","DB00420",1
"604",2843,0,1,1,"preeclampsia_vs_PretermControls","cmap","fluocinonide",8e-06,6,"PC3","HT_HG-U133A","DMSO","Prestwick Chemical","774","Fluocinonide [356-12-7]","C0016299","356-12-7","DB01047",1
"605",2846,0,1,1,"preeclampsia_vs_PretermControls","cmap","deferoxamine",6e-06,6,"PC3","HT_HG-U133A","DMSO","Prestwick Chemical","725","Deferoxamine mesylate [138-14-7]","C0011145","138-14-7","DB00746",1
"606",2847,0,1,1,"preeclampsia_vs_PretermControls","cmap","flecainide",8.4e-06,6,"PC3","HT_HG-U133A","DMSO","Prestwick Chemical","735","Flecainide acetate [54143-56-5]","C0086303","54143-56-5","DB01195",1
"607",2852,0,1,1,"preeclampsia_vs_PretermControls","cmap","dicoumarol",1.18e-05,6,"PC3","HT_HG-U133A","DMSO","Prestwick Chemical","785","Dicumarol [66-76-2]","NULL","66-76-2","DB00266",1
"608",2862,0,1,1,"preeclampsia_vs_PretermControls","cmap","indapamide",1.06e-05,6,"PC3","HT_HG-U133A","DMSO","Prestwick Chemical","220","Indapamide [26807-65-8]","C0021186","26807-65-8","DB00808",1
"609",2863,0.118752196213752,0.02015,0.0681307479224377,"preeclampsia_vs_PretermControls","cmap","phentolamine",1.26e-05,6,"PC3","HT_HG-U133A","DMSO","Prestwick Chemical","230","Phentolamine hydrochloride [73-05-2]","C0733398","73-05-2","DB00692",1
"610",2868,0,1,1,"preeclampsia_vs_PretermControls","cmap","fludrocortisone",9.4e-06,6,"PC3","HT_HG-U133A","DMSO","Prestwick Chemical","281","Fludrocortisone acetate [514-36-3]","C0616274","514-36-3","DB00687",1
"611",2869,-0.0778544320545698,0.2903,0.565399106002554,"preeclampsia_vs_PretermControls","cmap","dantrolene",1.18e-05,6,"PC3","HT_HG-U133A","DMSO","Prestwick Chemical","291","Dantrolene sodium salt [14663-23-1]","C0010976","14663-23-1","DB01219",1
"612",2873,0,1,1,"preeclampsia_vs_PretermControls","cmap","nialamide",1.34e-05,6,"PC3","HT_HG-U133A","DMSO","Prestwick Chemical","1099","Nialamide [51-12-7]","C0027999","51-12-7","DB04820",1
"613",2875,-0.122443201482678,0.01487,0.0545770156438026,"preeclampsia_vs_PretermControls","cmap","quinethazone",1.38e-05,6,"PC3","HT_HG-U133A","DMSO","Prestwick Chemical","1050","Quinethazone [73-49-4]","C0164608","73-49-4","DB01325",1
"614",2876,0,1,1,"preeclampsia_vs_PretermControls","cmap","oxaprozin",1.36e-05,6,"PC3","HT_HG-U133A","DMSO","Prestwick Chemical","1060","Oxaprozin [21256-18-8]","C0069739","21256-18-8","DB00991",1
"615",2886,0.1432797018349,0.00174,0.0105402184707051,"preeclampsia_vs_PretermControls","cmap","tolbutamide",1.48e-05,6,"PC3","HT_HG-U133A","DMSO","Prestwick Chemical","190","Tolbutamide [64-77-7]","C0040374","64-77-7","DB01124",1
"616",2952,0,1,1,"preeclampsia_vs_PretermControls","cmap","rifabutin",4.8e-06,6,"MCF7","HT_HG-U133A","DMSO","Prestwick Chemical","1109","Rifabutin [72559-06-9]","C0140575","72559-06-9","DB00615",1
"617",2965,-0.182000999536001,2e-05,0.000301980198019802,"preeclampsia_vs_PretermControls","cmap","camptothecin",1.14e-05,6,"MCF7","HT_HG-U133A","DMSO","Prestwick Chemical","200","Camptothecine (S,+) [7689-03-4]","NULL","7689-03-4","DB04690",1
"618",2970,0,1,1,"preeclampsia_vs_PretermControls","cmap","ethotoin",1.96e-05,6,"MCF7","HT_HG-U133A","DMSO","Prestwick Chemical","696","Ethotoin [86-35-1]","C0015046","86-35-1","DB00754",1
"619",2971,0.123948549728903,0.01299,0.0494625468164794,"preeclampsia_vs_PretermControls","cmap","chlorcyclizine",1.18e-05,6,"MCF7","HT_HG-U133A","DMSO","Prestwick Chemical","706","(1-[(4-Chlorophenyl)phenyl-methyl]-4-methylpiperazine) [1620-21-9]","C0770863","(4-Chlorophenyl)phenyl-me","DB08936",1
"620",2973,0.127393396902233,0.00931,0.037936539746159,"preeclampsia_vs_PretermControls","cmap","diethylstilbestrol",1.5e-05,6,"MCF7","HT_HG-U133A","DMSO","Prestwick Chemical","756","Diethylstilbestrol [56-53-1]","C0060692","56-53-1","DB00255",1
"621",2976,-0.105425836117826,0.05878,0.155219913419913,"preeclampsia_vs_PretermControls","cmap","thiamazole",3.5e-05,6,"MCF7","HT_HG-U133A","DMSO","Prestwick Chemical","786","Methimazole [60-56-0]","NULL","60-56-0","DB00763",1
"622",2982,0,1,1,"preeclampsia_vs_PretermControls","cmap","paroxetine",1e-06,6,"MCF7","HT_HG-U133A","DMSO","Sigma-Aldrich","P1372","Paroxetine maleate [64006-44-6]","C0771019","64006-44-6","DB00715",1
"623",2989,0,1,1,"preeclampsia_vs_PretermControls","cmap","flunisolide",9.2e-06,6,"MCF7","HT_HG-U133A","DMSO","Prestwick Chemical","643","Flunisolide [3385-03-3]","C0060501","3385-03-3","DB00180",1
"624",2993,0.166972066645007,0.00012,0.00124914675767918,"preeclampsia_vs_PretermControls","cmap","promazine",1.24e-05,6,"MCF7","HT_HG-U133A","DMSO","Prestwick Chemical","693","Promazine hydrochloride [53-60-1]","C0546875","53-60-1","DB00420",1
"625",2999,0,1,1,"preeclampsia_vs_PretermControls","cmap","fluocinonide",8e-06,6,"MCF7","HT_HG-U133A","DMSO","Prestwick Chemical","774","Fluocinonide [356-12-7]","C0016299","356-12-7","DB01047",1
"626",3002,0,1,1,"preeclampsia_vs_PretermControls","cmap","deferoxamine",6e-06,6,"MCF7","HT_HG-U133A","DMSO","Prestwick Chemical","725","Deferoxamine mesylate [138-14-7]","C0011145","138-14-7","DB00746",1
"627",3006,0,1,1,"preeclampsia_vs_PretermControls","cmap","sulfadimidine",1.34e-05,6,"MCF7","HT_HG-U133A","DMSO","Prestwick Chemical","775","Sulfamethazine sodium salt [1981-58-4]","NULL","1981-58-4","DB01582",1
"628",3018,0.0640470576779964,0.43829,0.821877958807255,"preeclampsia_vs_PretermControls","cmap","phentolamine",1.26e-05,6,"MCF7","HT_HG-U133A","DMSO","Prestwick Chemical","230","Phentolamine hydrochloride [73-05-2]","C0733398","73-05-2","DB00692",1
"629",3032,0.121655007069283,0.01586,0.0572461538461538,"preeclampsia_vs_PretermControls","cmap","etofenamate",1.08e-05,6,"PC3","HT_HG-U133A","DMSO","Prestwick Chemical","1014","Etofenamate [30544-47-9]","C0059868","30544-47-9","DB08984",1
"630",3038,0.140282625593619,0.0025,0.0140552995391705,"preeclampsia_vs_PretermControls","cmap","fluvoxamine",9.2e-06,6,"PC3","HT_HG-U133A","DMSO","Prestwick Chemical","995","Fluvoxamine maleate [61718-82-9]","C0085228","61718-82-9","DB00176",1
"631",3039,0.118226471078204,0.02107,0.0702232532751092,"preeclampsia_vs_PretermControls","cmap","oxybuprocaine",1.16e-05,6,"PC3","HT_HG-U133A","DMSO","Prestwick Chemical","57","Benoxinate hydrochloride [5987-82-6]","APRD00817","5987-82-6","DB00892",1
"632",3045,0,1,1,"preeclampsia_vs_PretermControls","cmap","ginkgolide A",9.8e-06,6,"PC3","HT_HG-U133A","DMSO","Prestwick Chemical","444","Ginkgolide A [15291-75-5]","NULL","15291-75-5","DB06743",1
"633",3053,0,1,1,"preeclampsia_vs_PretermControls","cmap","azacitidine",1.64e-05,6,"PC3","HT_HG-U133A","DMSO","Prestwick Chemical","866","Azacytidine-5 [320-67-2]","C0004475","320-67-2","DB00928",1
"634",3056,0.161723716061563,0.00023,0.00214525993883792,"preeclampsia_vs_PretermControls","cmap","brompheniramine",9.2e-06,6,"PC3","HT_HG-U133A","DMSO","Prestwick Chemical","475","Brompheniramine maleate [980-71-2]","C1330620","980-71-2","DB00835",1
"635",3058,0.186688477284071,2e-05,0.000301980198019802,"preeclampsia_vs_PretermControls","cmap","trihexyphenidyl",1.18e-05,6,"PC3","HT_HG-U133A","DMSO","Prestwick Chemical","701","Trihexyphenidyl-D,L Hydrochloride [58947-95-8]","C0041009","58947-95-8","DB00376",1
"636",3059,0.107903231468758,0.04907,0.135319620253165,"preeclampsia_vs_PretermControls","cmap","levobunolol",1.22e-05,6,"PC3","HT_HG-U133A","DMSO","Prestwick Chemical","847","(-) -Levobunolol hydrochloride [27912-14-7]","C0006388","27912-14-7","DB01210",1
"637",3061,0,1,1,"preeclampsia_vs_PretermControls","cmap","niclosamide",1.22e-05,6,"PC3","HT_HG-U133A","DMSO","Prestwick Chemical","40","Niclosamide [50-65-7]","C0028017","50-65-7","DB06803",1
"638",3064,0.137372983913034,0.00331,0.017331330472103,"preeclampsia_vs_PretermControls","cmap","nadolol",1.3e-05,6,"PC3","HT_HG-U133A","DMSO","Prestwick Chemical","818","Nadolol [42200-33-9]","C0027302","42200-33-9","DB01203",1
"639",3065,0,1,1,"preeclampsia_vs_PretermControls","cmap","benzathine benzylpenicillin",4.2e-06,6,"PC3","HT_HG-U133A","DMSO","Prestwick Chemical","1028","Benzathine benzylpenicillin [5928-84-7]","NULL","5928-84-7","DB09323",1
"640",3066,-0.0875932014329994,0.18491,0.386277644642246,"preeclampsia_vs_PretermControls","cmap","metronidazole",2.34e-05,6,"PC3","HT_HG-U133A","DMSO","Prestwick Chemical","81","Metronidazole [443-48-1]","C0353490","443-48-1","DB00916",1
"641",3074,0.106653977063663,0.05384,0.145384683488269,"preeclampsia_vs_PretermControls","cmap","cinchocaine",1.16e-05,6,"PC3","HT_HG-U133A","DMSO","Prestwick Chemical","76","Dibucaine [85-79-0]","NULL","85-79-0","DB00527",1
"642",3077,0,1,1,"preeclampsia_vs_PretermControls","cmap","co-dergocrine mesilate",6.4e-06,6,"PC3","HT_HG-U133A","DMSO","Prestwick Chemical","569","Dihydroergotoxine mesylate [8067-24-1]","NULL","8067-24-1","DB01049",1
"643",3089,0.161538828396758,0.00024,0.0021981981981982,"preeclampsia_vs_PretermControls","cmap","trimipramine",9.8e-06,6,"PC3","HT_HG-U133A","DMSO","Prestwick Chemical","806","Trimipramine maleate salt [521-78-8]","C0041056","521-78-8","DB00726",1
"644",3091,0.169099433960577,9e-05,0.000968253968253968,"preeclampsia_vs_PretermControls","cmap","thioridazine",9.8e-06,6,"PC3","HT_HG-U133A","DMSO","Prestwick Chemical","78","Thioridazine hydrochloride [130-61-0]","C0039943","130-61-0","DB00679",1
"645",3094,0.0849953765664117,0.21096,0.427932845744681,"preeclampsia_vs_PretermControls","cmap","tolmetin",1.26e-05,6,"PC3","HT_HG-U133A","DMSO","Prestwick Chemical","856","Tolmetin sodium salt dihydrate [64490-92-2]","C0040377","64490-92-2","DB00500",1
"646",3105,0,1,1,"preeclampsia_vs_PretermControls","cmap","alprostadil",1.12e-05,6,"PC3","HT_HG-U133A","DMSO","Prestwick Chemical","1018","Alprostadil [745-65-3]","C0002335","745-65-3","DB00770",1
"647",3115,0.0814859056481733,0.24829,0.493666558018253,"preeclampsia_vs_PretermControls","cmap","amiloride",1.32e-05,6,"MCF7","HT_HG-U133A","DMSO","Prestwick Chemical","7","Amiloride hydrochloride dihydrate [17440-83-4]","C0002502","17440-83-4","DB00594",1
"648",3120,0.0878672210150291,0.18239,0.382460983155724,"preeclampsia_vs_PretermControls","cmap","fluvoxamine",9.2e-06,6,"MCF7","HT_HG-U133A","DMSO","Prestwick Chemical","995","Fluvoxamine maleate [61718-82-9]","C0085228","61718-82-9","DB00176",1
"649",3121,0,1,1,"preeclampsia_vs_PretermControls","cmap","oxybuprocaine",1.16e-05,6,"MCF7","HT_HG-U133A","DMSO","Prestwick Chemical","57","Benoxinate hydrochloride [5987-82-6]","APRD00817","5987-82-6","DB00892",1
"650",3127,-0.0894925847875125,0.16661,0.355108665269043,"preeclampsia_vs_PretermControls","cmap","ginkgolide A",9.8e-06,6,"MCF7","HT_HG-U133A","DMSO","Prestwick Chemical","444","Ginkgolide A [15291-75-5]","NULL","15291-75-5","DB06743",1
"651",3134,-0.153723246763182,0.00059,0.00453274559193955,"preeclampsia_vs_PretermControls","cmap","azacitidine",1.64e-05,6,"MCF7","HT_HG-U133A","DMSO","Prestwick Chemical","866","Azacytidine-5 [320-67-2]","C0004475","320-67-2","DB00928",1
"652",3135,0,1,1,"preeclampsia_vs_PretermControls","cmap","fluticasone",8e-06,6,"MCF7","HT_HG-U133A","DMSO","Prestwick Chemical","997","Fluticasone propionate [80474-14-2]","C0117996","80474-14-2","DB00588",1
"653",3137,0,1,1,"preeclampsia_vs_PretermControls","cmap","brompheniramine",9.2e-06,6,"MCF7","HT_HG-U133A","DMSO","Prestwick Chemical","475","Brompheniramine maleate [980-71-2]","C1330620","980-71-2","DB00835",1
"654",3139,-0.100049190220179,0.08658,0.209828367103695,"preeclampsia_vs_PretermControls","cmap","trihexyphenidyl",1.18e-05,6,"MCF7","HT_HG-U133A","DMSO","Prestwick Chemical","701","Trihexyphenidyl-D,L Hydrochloride [58947-95-8]","C0041009","58947-95-8","DB00376",1
"655",3140,0,1,1,"preeclampsia_vs_PretermControls","cmap","levobunolol",1.22e-05,6,"MCF7","HT_HG-U133A","DMSO","Prestwick Chemical","847","(-) -Levobunolol hydrochloride [27912-14-7]","C0006388","27912-14-7","DB01210",1
"656",3142,0,1,1,"preeclampsia_vs_PretermControls","cmap","niclosamide",1.22e-05,6,"MCF7","HT_HG-U133A","DMSO","Prestwick Chemical","40","Niclosamide [50-65-7]","C0028017","50-65-7","DB06803",1
"657",3143,-0.184987477648712,2e-05,0.000301980198019802,"preeclampsia_vs_PretermControls","cmap","mycophenolic acid",1.24e-05,6,"MCF7","HT_HG-U133A","DMSO","Prestwick Chemical","556","Mycophenolic acid [24280-93-1]","C0026933","24280-93-1","DB01024",1
"658",3145,0,1,1,"preeclampsia_vs_PretermControls","cmap","nadolol",1.3e-05,6,"MCF7","HT_HG-U133A","DMSO","Prestwick Chemical","818","Nadolol [42200-33-9]","C0027302","42200-33-9","DB01203",1
"659",3146,-0.112656533530988,0.03351,0.10010333006856,"preeclampsia_vs_PretermControls","cmap","benzathine benzylpenicillin",4.2e-06,6,"MCF7","HT_HG-U133A","DMSO","Prestwick Chemical","1028","Benzathine benzylpenicillin [5928-84-7]","NULL","5928-84-7","DB09323",1
"660",3147,-0.136154074930756,0.00383,0.0193242349048801,"preeclampsia_vs_PretermControls","cmap","metronidazole",2.34e-05,6,"MCF7","HT_HG-U133A","DMSO","Prestwick Chemical","81","Metronidazole [443-48-1]","C0353490","443-48-1","DB00916",1
"661",3149,0,1,1,"preeclampsia_vs_PretermControls","cmap","metacycline",8.4e-06,6,"MCF7","HT_HG-U133A","DMSO","Prestwick Chemical","964","Methacycline hydrochloride [3963-95-9]","NULL","3963-95-9","DB00931",1
"662",3163,0.13455756621926,0.00452,0.0218478605388273,"preeclampsia_vs_PretermControls","cmap","propylthiouracil",2.34e-05,6,"MCF7","HT_HG-U133A","DMSO","Prestwick Chemical","494","Propylthiouracil [51-52-5]","C0033511","51-52-5","DB00550",1
"663",3164,0,1,1,"preeclampsia_vs_PretermControls","cmap","diflorasone",8e-06,6,"MCF7","HT_HG-U133A","DMSO","Prestwick Chemical","619","Diflorasone Diacetate [33564-31-7]","C0304612","33564-31-7","DB00223",1
"664",3166,-0.115985173880515,0.02563,0.0818978522786799,"preeclampsia_vs_PretermControls","cmap","sotalol",1.3e-05,6,"MCF7","HT_HG-U133A","DMSO","Prestwick Chemical","966","Sotalol hydrochloride [959-24-0]","C0037707","959-24-0","DB00489",1
"665",3168,-0.0987329109316716,0.09491,0.226152734375,"preeclampsia_vs_PretermControls","cmap","tobramycin",8.6e-06,6,"MCF7","HT_HG-U133A","DMSO","Prestwick Chemical","544","Tobramycin [32986-56-4]","C0027519","32986-56-4","DB00684",1
"666",3169,0.148056684090652,0.00113,0.00755811403508772,"preeclampsia_vs_PretermControls","cmap","trimipramine",9.8e-06,6,"MCF7","HT_HG-U133A","DMSO","Prestwick Chemical","806","Trimipramine maleate salt [521-78-8]","C0041056","521-78-8","DB00726",1
"667",3170,0.14824575304837,0.00113,0.00755811403508772,"preeclampsia_vs_PretermControls","cmap","thioridazine",9.8e-06,6,"MCF7","HT_HG-U133A","DMSO","Prestwick Chemical","78","Thioridazine hydrochloride [130-61-0]","C0039943","130-61-0","DB00679",1
"668",3176,0,1,1,"preeclampsia_vs_PretermControls","cmap","myricetin",1.26e-05,6,"MCF7","HT_HG-U133A","DMSO","Prestwick Chemical","465","Myricetin [529-44-2]","NULL","529-44-2","DB02375",1
"669",3185,0.126080429528903,0.01046,0.0417305428384565,"preeclampsia_vs_PretermControls","cmap","alprostadil",1.12e-05,6,"MCF7","HT_HG-U133A","DMSO","Prestwick Chemical","1018","Alprostadil [745-65-3]","C0002335","745-65-3","DB00770",1
"670",3186,0.113771531174561,0.03056,0.0933928928928929,"preeclampsia_vs_PretermControls","cmap","trimethobenzamide",9.4e-06,6,"MCF7","HT_HG-U133A","DMSO","Prestwick Chemical","80","Trimethobenzamide hydrochloride [554-92-7]","C0145932","554-92-7","DB00662",1
"671",3188,0.107235176778441,0.05162,0.140823792486583,"preeclampsia_vs_PretermControls","cmap","tenoxicam",1.18e-05,6,"MCF7","HT_HG-U133A","DMSO","Prestwick Chemical","527","Tenoxicam [59804-37-4]","C0076096","59804-37-4","DB00469",1
"672",3205,-0.146457318852315,0.00127,0.0082855614973262,"preeclampsia_vs_PretermControls","cmap","molindone",1.28e-05,6,"PC3","HT_HG-U133A","DMSO","Prestwick Chemical","1035","Molindone hydrochloride [15622-65-8]","C0026388","15622-65-8","DB01618",1
"673",3206,0,1,1,"preeclampsia_vs_PretermControls","cmap","idoxuridine",1.12e-05,6,"PC3","HT_HG-U133A","DMSO","Prestwick Chemical","18","Idoxuridine [54-42-2]","C0020811","54-42-2","DB00249",1
"674",3225,0.151298221071001,0.00074,0.00534834123222749,"preeclampsia_vs_PretermControls","cmap","scopolamine",1.18e-05,6,"PC3","HT_HG-U133A","DMSO","Prestwick Chemical","877","Scopolamine hydrochloride [55-16-3]","C0036442","55-16-3","DB00747",1
"675",3236,0.112191168049557,0.03496,0.103622934888241,"preeclampsia_vs_PretermControls","cmap","minaprine",1.08e-05,6,"PC3","HT_HG-U133A","DMSO","Prestwick Chemical","66","Minaprine dihydrochloride [25953-17-7]","C0771667","25953-17-7","DB00805",1
"676",3241,0,1,1,"preeclampsia_vs_PretermControls","cmap","doxylamine",1.02e-05,6,"PC3","HT_HG-U133A","DMSO","Prestwick Chemical","27","Doxylamine succinate [562-10-7]","C0058733","562-10-7","DB00366",1
"677",3246,0,1,1,"preeclampsia_vs_PretermControls","cmap","letrozole",1.4e-05,6,"PC3","HT_HG-U133A","DMSO","Prestwick Chemical","1025","Letrozole [112809-51-5]","C0246421","112809-51-5","DB01006",1
"678",3262,-0.13385088631818,0.00486,0.0230170807453416,"preeclampsia_vs_PretermControls","cmap","tocainide",1.74e-05,6,"PC3","HT_HG-U133A","DMSO","Prestwick Chemical","1027","Tocainide hydrochloride","C0543471","NULL","DB01056",1
"679",3267,0.157594047627327,0.00035,0.00296940194714882,"preeclampsia_vs_PretermControls","cmap","zuclopenthixol",9.2e-06,6,"PC3","HT_HG-U133A","DMSO","Prestwick Chemical","998","Zuclopenthixol hydrochloride [633-59-0]","C0350505","633-59-0","DB01624",1
"680",3269,0.0861107054015018,0.19981,0.410799123693967,"preeclampsia_vs_PretermControls","cmap","primaquine",8.8e-06,6,"PC3","HT_HG-U133A","DMSO","Prestwick Chemical","476","Primaquine diphosphate [63-45-6]","C0033126","63-45-6","DB01087",1
"681",3272,0.116345800044446,0.02492,0.0803446088794926,"preeclampsia_vs_PretermControls","cmap","medrysone",1.16e-05,6,"PC3","HT_HG-U133A","DMSO","Prestwick Chemical","743","Medrysone [2668-66-8]","C0065865","2668-66-8","DB00253",1
"682",3273,0.122704470191273,0.0145,0.0537037037037037,"preeclampsia_vs_PretermControls","cmap","demeclocycline",8e-06,6,"PC3","HT_HG-U133A","DMSO","Prestwick Chemical","753","Demeclocycline hydrochloride [64-73-3]","C0011276","64-73-3","DB00618",1
"683",3275,0.130121380035312,0.00717,0.0312184154175589,"preeclampsia_vs_PretermControls","cmap","levonorgestrel",1.28e-05,6,"PC3","HT_HG-U133A","DMSO","Prestwick Chemical","773","Norgestrel-(-)-D [797-63-7]","C0023566","797-63-7","DB00367",1
"684",3276,0.162771067837627,0.00021,0.00202369668246446,"preeclampsia_vs_PretermControls","cmap","cloperastine",1.1e-05,6,"PC3","HT_HG-U133A","DMSO","Prestwick Chemical","793","Cloperastine hydrochloride [14984-68-0]","MMS_608","14984-68-0","DB09002",1
"685",3277,0.138867195844474,0.00293,0.0159012455516014,"preeclampsia_vs_PretermControls","cmap","flumetasone",9.8e-06,6,"PC3","HT_HG-U133A","DMSO","Prestwick Chemical","734","Flumethasone [2135-17-3]","NULL","2135-17-3","DB00663",1
"686",3279,0.141646016875533,0.00215,0.0125622605363985,"preeclampsia_vs_PretermControls","cmap","fenoprofen",7.2e-06,6,"PC3","HT_HG-U133A","DMSO","Prestwick Chemical","754","Fenoprofen calcium salt dihydrate [53746-45-5]","C0015837","53746-45-5","DB00573",1
"687",3283,0,1,1,"preeclampsia_vs_PretermControls","cmap","bromopride",1.16e-05,6,"PC3","HT_HG-U133A","DMSO","Prestwick Chemical","704","Bromopride [4093-35-0]","C0054129","4093-35-0","DB09018",1
"688",3284,0,1,1,"preeclampsia_vs_PretermControls","cmap","fenbufen",1.58e-05,6,"PC3","HT_HG-U133A","DMSO","Prestwick Chemical","218","Fenbufen [36330-85-5]","C0060156","36330-85-5","DB08981",1
"689",3285,0.136943345716584,0.00347,0.0179533502968618,"preeclampsia_vs_PretermControls","cmap","tropicamide",1.4e-05,6,"PC3","HT_HG-U133A","DMSO","Prestwick Chemical","228","Tropicamide [1508-75-4]","C0041190","1508-75-4","DB00809",1
"690",3286,0.117366076913931,0.0227,0.0744717893605588,"preeclampsia_vs_PretermControls","cmap","lomefloxacin",1.04e-05,6,"PC3","HT_HG-U133A","DMSO","Prestwick Chemical","238","Lomefloxacin hydrochloride [98079-52-8]","C0770927","98079-52-8","DB00978",1
"691",3287,0.0866923191056769,0.19413,0.401421355932203,"preeclampsia_vs_PretermControls","cmap","hydralazine",2.04e-05,6,"PC3","HT_HG-U133A","DMSO","Prestwick Chemical","169","Hydralazine hydrochloride [304-20-1]","C0020223","304-20-1","DB01275",1
"692",3289,0,1,1,"preeclampsia_vs_PretermControls","cmap","prilocaine",1.56e-05,6,"PC3","HT_HG-U133A","DMSO","Prestwick Chemical","199","Prilocaine hydrochloride [1786-81-8]","C0008846","1786-81-8","DB00750",1
"693",3306,0.127503766475536,0.00918,0.0375573440643863,"preeclampsia_vs_PretermControls","cmap","flunisolide",9.2e-06,6,"PC3","HT_HG-U133A","DMSO","Prestwick Chemical","643","Flunisolide [3385-03-3]","C0060501","3385-03-3","DB00180",1
"694",3311,0.206382905086141,0,0,"preeclampsia_vs_PretermControls","cmap","promazine",1.24e-05,6,"PC3","HT_HG-U133A","DMSO","Prestwick Chemical","693","Promazine hydrochloride [53-60-1]","C0546875","53-60-1","DB00420",1
"695",3343,0,1,1,"preeclampsia_vs_PretermControls","cmap","dantrolene",1.18e-05,6,"PC3","HT_HG-U133A","DMSO","Prestwick Chemical","291","Dantrolene sodium salt [14663-23-1]","C0010976","14663-23-1","DB01219",1
"696",3347,0,1,1,"preeclampsia_vs_PretermControls","cmap","nialamide",1.34e-05,6,"MCF7","HT_HG-U133A","DMSO","Prestwick Chemical","1099","Nialamide [51-12-7]","C0027999","51-12-7","DB04820",1
"697",3349,0.0885471158021078,0.17586,0.371192387543253,"preeclampsia_vs_PretermControls","cmap","rifabutin",4.8e-06,6,"MCF7","HT_HG-U133A","DMSO","Prestwick Chemical","1109","Rifabutin [72559-06-9]","C0140575","72559-06-9","DB00615",1
"698",3350,-0.125556443148823,0.01106,0.043650290885585,"preeclampsia_vs_PretermControls","cmap","quinethazone",1.38e-05,6,"MCF7","HT_HG-U133A","DMSO","Prestwick Chemical","1050","Quinethazone [73-49-4]","C0164608","73-49-4","DB01325",1
"699",3351,-0.0915568601189441,0.14795,0.322434798142194,"preeclampsia_vs_PretermControls","cmap","oxaprozin",1.36e-05,6,"MCF7","HT_HG-U133A","DMSO","Prestwick Chemical","1060","Oxaprozin [21256-18-8]","C0069739","21256-18-8","DB00991",1
"700",3354,-0.104941137331544,0.06081,0.159270502361529,"preeclampsia_vs_PretermControls","cmap","homosalate",1.52e-05,6,"MCF7","HT_HG-U133A","DMSO","Prestwick Chemical","1090","Homosalate [118-56-9]","C0304631","118-56-9","DB11064",1
"701",3359,0,1,1,"preeclampsia_vs_PretermControls","cmap","phenelzine",1.7e-05,6,"MCF7","HT_HG-U133A","DMSO","Prestwick Chemical","170","Phenelzine sulfate [156-51-4]","C0031392","156-51-4","DB00780",1
"702",3361,0,1,1,"preeclampsia_vs_PretermControls","cmap","tolbutamide",1.48e-05,6,"MCF7","HT_HG-U133A","DMSO","Prestwick Chemical","190","Tolbutamide [64-77-7]","C0040374","64-77-7","DB01124",1
"703",3365,-0.13399313307507,0.00477,0.0227498045347928,"preeclampsia_vs_PretermControls","cmap","ethotoin",1.96e-05,6,"MCF7","HT_HG-U133A","DMSO","Prestwick Chemical","696","Ethotoin [86-35-1]","C0015046","86-35-1","DB00754",1
"704",3366,0,1,1,"preeclampsia_vs_PretermControls","cmap","chlorcyclizine",1.18e-05,6,"MCF7","HT_HG-U133A","DMSO","Prestwick Chemical","706","(1-[(4-Chlorophenyl)phenyl-methyl]-4-methylpiperazine) [1620-21-9]","C0770863","(4-Chlorophenyl)phenyl-me","DB08936",1
"705",3367,-0.104333732087921,0.06369,0.165042056074766,"preeclampsia_vs_PretermControls","cmap","pramocaine",1.22e-05,6,"MCF7","HT_HG-U133A","DMSO","Prestwick Chemical","716","Pramoxine hydrochloride [637-58-1]","NULL","637-58-1","DB09345",1
"706",3368,0.135186705906238,0.00432,0.021166265060241,"preeclampsia_vs_PretermControls","cmap","diethylstilbestrol",1.5e-05,6,"MCF7","HT_HG-U133A","DMSO","Prestwick Chemical","756","Diethylstilbestrol [56-53-1]","C0060692","56-53-1","DB00255",1
"707",3385,0.108192651456365,0.04797,0.132886920980926,"preeclampsia_vs_PretermControls","cmap","rescinnamine",6.4e-06,6,"MCF7","HT_HG-U133A","DMSO","Prestwick Chemical","568","Rescinnamin [24815-24-5]","C0035167","24815-24-5","DB01180",1
"708",3386,0,1,1,"preeclampsia_vs_PretermControls","cmap","etidronic acid",1.6e-05,6,"MCF7","HT_HG-U133A","DMSO","Prestwick Chemical","863","Etidronic acid, disodium salt [7414-83-7]","NULL","7414-83-7","DB01077",1
"709",3389,0.142214879706273,0.00201,0.0118923375363725,"preeclampsia_vs_PretermControls","cmap","cefixime",8.8e-06,6,"MCF7","HT_HG-U133A","DMSO","Prestwick Chemical","462","Cefixime [79350-37-1]","C0060400","79350-37-1","DB00671",1
"710",3394,0,1,1,"preeclampsia_vs_PretermControls","cmap","cyanocobalamin",3e-06,6,"MCF7","HT_HG-U133A","DMSO","Prestwick Chemical","433","Cyanocobalamin [68-19-9]","MMS_635","68-19-9","DB00115",1
"711",3395,0,1,1,"preeclampsia_vs_PretermControls","cmap","pentamidine",6.8e-06,6,"MCF7","HT_HG-U133A","DMSO","Prestwick Chemical","553","Pentamidine isethionate [140-64-7]","C0030863","140-64-7","DB00738",1
"712",3396,-0.0976844413842348,0.10173,0.238857967667436,"preeclampsia_vs_PretermControls","cmap","bicuculline",1.08e-05,6,"MCF7","HT_HG-U133A","DMSO","Prestwick Chemical","589","Bicuculline (+) [485-49-4]","NULL","485-49-4","DB11562",1
"713",3402,0.119937986044252,0.01808,0.0626280522430437,"preeclampsia_vs_PretermControls","cmap","beclometasone",7.6e-06,6,"MCF7","HT_HG-U133A","DMSO","Prestwick Chemical","855","Beclomethasone dipropionate [5534-09-8]","NULL","5534-09-8","DB00394",1
"714",3404,0.137191780753865,0.00339,0.0176592655849701,"preeclampsia_vs_PretermControls","cmap","dicycloverine",1.16e-05,6,"MCF7","HT_HG-U133A","DMSO","Prestwick Chemical","48","Dicyclomine hydrochloride [67-92-5]","NULL","67-92-5","DB00804",1
"715",3406,0.0768254614077427,0.30203,0.585813354531002,"preeclampsia_vs_PretermControls","cmap","terconazole",7.6e-06,6,"MCF7","HT_HG-U133A","DMSO","Prestwick Chemical","495","Terconazole [67915-31-5]","C0076115","67915-31-5","DB00251",1
"716",3410,0.118723796541102,0.02018,0.0681605758582503,"preeclampsia_vs_PretermControls","cmap","ciclosporin",3.4e-06,6,"MCF7","HT_HG-U133A","DMSO","Prestwick Chemical","435","Cyclosporin A [59865-13-3]","NULL","59865-13-3","DB00091",1
"717",3416,0,1,1,"preeclampsia_vs_PretermControls","cmap","bacampicillin",8e-06,6,"MCF7","HT_HG-U133A","DMSO","Prestwick Chemical","416","Bacampicillin hydrochloride [37661-08-8]","C0052865","37661-08-8","DB01602",1
"718",3421,0.137387307946179,0.00331,0.017331330472103,"preeclampsia_vs_PretermControls","cmap","naringenin",1.46e-05,6,"MCF7","HT_HG-U133A","DMSO","Prestwick Chemical","466","Naringenine [480-41-1]","EXPT02295","480-41-1","DB03467",1
"719",3426,0,1,1,"preeclampsia_vs_PretermControls","cmap","haloperidol",1e-05,6,"PC3","HT_HG-U133A","DMSO","Sigma-Aldrich","H1512","haloperidol","C0720809","NULL","DB00502",1
"720",3428,0,1,1,"preeclampsia_vs_PretermControls","cmap","fulvestrant",1e-06,6,"PC3","HT_HG-U133A","DMSO","Tocris","1047","ICI 182,780","C0935916","NULL","DB00947",1
"721",3430,0,1,1,"preeclampsia_vs_PretermControls","cmap","sirolimus",1e-07,6,"PC3","HT_HG-U133A","DMSO","Sigma-Aldrich","R0395","Rapamycin","C0072980","NULL","DB00877",1
"722",3432,0,1,1,"preeclampsia_vs_PretermControls","cmap","valproic acid",0.001,6,"PC3","HT_HG-U133A","DMSO","Sigma-Aldrich","P4543","2-propylpentanoic acid","NULL","NULL","DB00313",1
"723",3434,0,1,1,"preeclampsia_vs_PretermControls","cmap","tretinoin",1e-06,6,"PC3","HT_HG-U133A","DMSO","Sigma-Aldrich","R2625","retinoic acid","C0040845","NULL","DB00755",1
"724",3437,0,1,1,"preeclampsia_vs_PretermControls","cmap","valproic acid",2e-04,6,"PC3","HT_HG-U133A","DMSO","Sigma-Aldrich","P4543","2-propylpentanoic acid","NULL","NULL","DB00313",1
"725",3438,0.220661978981924,0,0,"preeclampsia_vs_PretermControls","cmap","prochlorperazine",1e-05,6,"PC3","HT_HG-U133A","DMSO","Sigma-Aldrich","P9178","prochlorperazine dimaleate salt","C0770888","NULL","DB00433",1
"726",3440,0,1,1,"preeclampsia_vs_PretermControls","cmap","chlorpromazine",1e-06,6,"PC3","HT_HG-U133A","DMSO","Sigma-Aldrich","C0982","chlorpromazine hydrochloride","C0008286","NULL","DB00477",1
"727",3443,0,1,1,"preeclampsia_vs_PretermControls","cmap","vorinostat",1e-05,6,"PC3","HT_HG-U133A","DMSO","BioVision","1604-1","SAHA","MMS_422","NULL","DB02546",1
"728",3444,0.148849183993779,0.00101,0.00683795782463929,"preeclampsia_vs_PretermControls","cmap","sirolimus",1e-07,6,"PC3","HT_HG-U133A","DMSO","Sigma-Aldrich","R0395","Rapamycin","C0072980","NULL","DB00877",1
"729",3445,0,1,1,"preeclampsia_vs_PretermControls","cmap","valproic acid",5e-05,6,"PC3","HT_HG-U133A","DMSO","Sigma-Aldrich","P4543","2-propylpentanoic acid","NULL","NULL","DB00313",1
"730",3447,0.133733934313461,0.00489,0.0231411947245927,"preeclampsia_vs_PretermControls","cmap","trifluoperazine",1e-05,6,"PC3","HT_HG-U133A","DMSO","Sigma-Aldrich","T6062","trifluoperazine dihydrochloride","C0304381","NULL","DB00831",1
"731",3451,0.08809913787536,0.18005,0.378074010327022,"preeclampsia_vs_PretermControls","cmap","geldanamycin",1e-06,6,"PC3","HT_HG-U133A","DMSO","MP Biomedicals","195994","geldanamycin","EXPT01571","NULL","DB02424",1
"732",3452,0.120304408059744,0.01763,0.0615932494279176,"preeclampsia_vs_PretermControls","cmap","clozapine",1e-05,6,"PC3","HT_HG-U133A","DMSO","Sigma-Aldrich","C-6305","clozapine","C0009079","NULL","DB00363",1
"733",3453,0.184247595797974,2e-05,0.000301980198019802,"preeclampsia_vs_PretermControls","cmap","thioridazine",1e-05,6,"PC3","HT_HG-U133A","DMSO","Sigma-Aldrich","T9025","thioridazine hydrochloride","C0039943","NULL","DB00679",1
"734",3455,0,1,1,"preeclampsia_vs_PretermControls","cmap","troglitazone",1e-05,6,"PC3","HT_HG-U133A","DMSO","Sigma-Aldrich","T2573","troglitazone","C0245514","NULL","DB00197",1
"735",3456,-0.0964108030036422,0.11038,0.254562570888469,"preeclampsia_vs_PretermControls","cmap","rosiglitazone",1e-05,6,"PC3","HT_HG-U133A","DMSO","LKT Laboratories","R5772","rosiglitazone","C0289313","NULL","DB00412",1
"736",3458,0,1,1,"preeclampsia_vs_PretermControls","cmap","genistein",1e-05,6,"PC3","HT_HG-U133A","DMSO","Calbiochem","345834","genistein","NULL","NULL","DB01645",1
"737",3460,0.135377596417303,0.0042,0.0208292682926829,"preeclampsia_vs_PretermControls","cmap","fluphenazine",1e-05,6,"PC3","HT_HG-U133A","DMSO","Sigma-Aldrich","F8548","fluphenazine dihydrochloride","C0700567","NULL","DB00623",1
"738",3463,0,1,1,"preeclampsia_vs_PretermControls","cmap","valproic acid",5e-04,6,"PC3","HT_HG-U133A","DMSO","Sigma-Aldrich","P4543","2-propylpentanoic acid","NULL","NULL","DB00313",1
"739",3464,0,1,1,"preeclampsia_vs_PretermControls","cmap","estradiol",1e-08,6,"PC3","HT_HG-U133A","DMSO","Sigma-Aldrich","E1024","estradiol, USP","C1330622","NULL","DB00783",1
"740",3465,0.105182824341649,0.05977,0.157191296854804,"preeclampsia_vs_PretermControls","cmap","sirolimus",1e-07,6,"PC3","HT_HG-U133A","DMSO","Sigma-Aldrich","R0395","Rapamycin","C0072980","NULL","DB00877",1
"741",3470,0.154153671539488,0.00056,0.00434605597964377,"preeclampsia_vs_PretermControls","cmap","astemizole",8.8e-06,6,"PC3","HT_HG-U133A","DMSO","Prestwick Chemical","136","Astemizole [68844-77-9]","C0085170","68844-77-9","DB00637",1
"742",3474,0.149985998878585,9e-04,0.00626523702031603,"preeclampsia_vs_PretermControls","cmap","sertaconazole",8e-06,6,"PC3","HT_HG-U133A","DMSO","Prestwick Chemical","1045","Sertaconazole nitrate [99592-39-9]","C0074391","99592-39-9","DB01153",1
"743",3478,0.0924468545251194,0.14017,0.307677941705649,"preeclampsia_vs_PretermControls","cmap","zomepirac",1.28e-05,6,"PC3","HT_HG-U133A","DMSO","Prestwick Chemical","779","Zomepirac sodium salt [64092-48-4]","C0149477","64092-48-4","DB04828",1
"744",3480,0.106580245552015,0.05417,0.146146395400265,"preeclampsia_vs_PretermControls","cmap","aminophenazone",1.72e-05,6,"PC3","HT_HG-U133A","DMSO","Prestwick Chemical","88","Amidopyrine [58-15-1]","NULL","58-15-1","DB01424",1
"745",3484,0,1,1,"preeclampsia_vs_PretermControls","cmap","riboflavin",1.06e-05,6,"PC3","HT_HG-U133A","DMSO","Prestwick Chemical","634","Riboflavine [83-88-5]","EXPT02760","83-88-5","DB00140",1
"746",3486,0.220380838782262,0,0,"preeclampsia_vs_PretermControls","cmap","clomipramine",1.14e-05,6,"PC3","HT_HG-U133A","DMSO","Prestwick Chemical","269","Clomipramine hydrochloride [17321-77-6]","C0282107","17321-77-6","DB01242",1
"747",3493,0.127364459043367,0.00932,0.0379519359145527,"preeclampsia_vs_PretermControls","cmap","acepromazine",9e-06,6,"PC3","HT_HG-U133A","DMSO","Prestwick Chemical","576","Acetopromazine maleate salt [3598-37-6]","C0000959","3598-37-6","DB01614",1
"748",3505,0,1,1,"preeclampsia_vs_PretermControls","cmap","oxyphenbutazone",1.24e-05,6,"PC3","HT_HG-U133A","DMSO","Prestwick Chemical","1049","Oxyphenbutazone [129-20-4]","C0030078","129-20-4","DB03585",1
"749",3507,0,1,1,"preeclampsia_vs_PretermControls","cmap","metoprolol",5.8e-06,6,"PC3","HT_HG-U133A","DMSO","Prestwick Chemical","733","Metoprolol-(+,-) (+)-tartrate salt [56392-17-7]","C0025859","56392-17-7","DB00264",1
"750",3510,0,1,1,"preeclampsia_vs_PretermControls","cmap","nialamide",1.34e-05,6,"PC3","HT_HG-U133A","DMSO","Prestwick Chemical","1099","Nialamide [51-12-7]","C0027999","51-12-7","DB04820",1
"751",3512,0,1,1,"preeclampsia_vs_PretermControls","cmap","rifabutin",4.8e-06,6,"PC3","HT_HG-U133A","DMSO","Prestwick Chemical","1109","Rifabutin [72559-06-9]","C0140575","72559-06-9","DB00615",1
"752",3517,0,1,1,"preeclampsia_vs_PretermControls","cmap","homosalate",1.52e-05,6,"PC3","HT_HG-U133A","DMSO","Prestwick Chemical","1090","Homosalate [118-56-9]","C0304631","118-56-9","DB11064",1
"753",3522,0,1,1,"preeclampsia_vs_PretermControls","cmap","phenelzine",1.7e-05,6,"PC3","HT_HG-U133A","DMSO","Prestwick Chemical","170","Phenelzine sulfate [156-51-4]","C0031392","156-51-4","DB00780",1
"754",3525,-0.176125827606204,4e-05,0.000512605042016807,"preeclampsia_vs_PretermControls","cmap","camptothecin",1.14e-05,6,"PC3","HT_HG-U133A","DMSO","Prestwick Chemical","200","Camptothecine (S,+) [7689-03-4]","NULL","7689-03-4","DB04690",1
"755",3540,0,1,1,"preeclampsia_vs_PretermControls","cmap","paroxetine",1e-06,6,"PC3","HT_HG-U133A","DMSO","Sigma-Aldrich","P1372","Paroxetine maleate [64006-44-6]","C0771019","64006-44-6","DB00715",1
"756",3548,0,1,1,"preeclampsia_vs_PretermControls","cmap","etidronic acid",1.6e-05,6,"PC3","HT_HG-U133A","DMSO","Prestwick Chemical","863","Etidronic acid, disodium salt [7414-83-7]","NULL","7414-83-7","DB01077",1
"757",3551,0.0973424861421189,0.10423,0.243789493865031,"preeclampsia_vs_PretermControls","cmap","cefixime",8.8e-06,6,"PC3","HT_HG-U133A","DMSO","Prestwick Chemical","462","Cefixime [79350-37-1]","C0060400","79350-37-1","DB00671",1
"758",3556,-0.134139229933354,0.00467,0.0223252351097179,"preeclampsia_vs_PretermControls","cmap","cyanocobalamin",3e-06,6,"PC3","HT_HG-U133A","DMSO","Prestwick Chemical","433","Cyanocobalamin [68-19-9]","MMS_635","68-19-9","DB00115",1
"759",3561,-0.10824423453526,0.04774,0.13230985915493,"preeclampsia_vs_PretermControls","cmap","prednisone",1.12e-05,6,"PC3","HT_HG-U133A","DMSO","Prestwick Chemical","77","Prednisone [53-03-2]","C0032952","53-03-2","DB00635",1
"760",3565,0.124918030099348,0.01176,0.0457208413001912,"preeclampsia_vs_PretermControls","cmap","dicycloverine",1.16e-05,6,"PC3","HT_HG-U133A","DMSO","Prestwick Chemical","48","Dicyclomine hydrochloride [67-92-5]","NULL","67-92-5","DB00804",1
"761",3570,0,1,1,"preeclampsia_vs_PretermControls","cmap","ciclosporin",3.4e-06,6,"PC3","HT_HG-U133A","DMSO","Prestwick Chemical","435","Cyclosporin A [59865-13-3]","NULL","59865-13-3","DB00091",1
"762",3586,0.0927725813828637,0.13777,0.304051013024602,"preeclampsia_vs_PretermControls","cmap","procainamide",1.48e-05,6,"PC3","HT_HG-U133A","DMSO","Prestwick Chemical","337","Procainamide hydrochloride [614-39-1]","C0033216","614-39-1","DB01035",1
"763",3590,0,1,1,"preeclampsia_vs_PretermControls","cmap","metyrapone",1.76e-05,6,"PC3","HT_HG-U133A","DMSO","Prestwick Chemical","904","Metyrapone [54-36-4]","C0025876","54-36-4","DB01011",1
"764",3592,0.126749312198016,0.00982,0.0396177248677249,"preeclampsia_vs_PretermControls","cmap","betaxolol",1.16e-05,6,"PC3","HT_HG-U133A","DMSO","Prestwick Chemical","382","Betaxolol hydrochloride [63659-19-8]","C0543470","63659-19-8","DB00195",1
"765",3594,-0.171135847805575,7e-05,0.000807183364839319,"preeclampsia_vs_PretermControls","cmap","doxorubicin",6.8e-06,6,"PC3","HT_HG-U133A","DMSO","Prestwick Chemical","438","Doxorubicin hydrochloride [25316-40-9]","C1445757","25316-40-9","DB00997",1
"766",3595,0,1,1,"preeclampsia_vs_PretermControls","cmap","tyloxapol",4e-06,6,"PC3","HT_HG-U133A","DMSO","Prestwick Chemical","954","Tyloxapol [25301-02-4]","C0077539","25301-02-4","DB06439",1
"767",3596,0.108558286892003,0.04651,0.129837677183356,"preeclampsia_vs_PretermControls","cmap","capsaicin",1.3e-05,6,"PC3","HT_HG-U133A","DMSO","Prestwick Chemical","879","Capsaicin [404-86-4]","C0006931","404-86-4","DB06774",1
"768",3597,0.159010015562689,0.00032,0.00280057388809182,"preeclampsia_vs_PretermControls","cmap","bepridil",1e-05,6,"PC3","HT_HG-U133A","DMSO","Prestwick Chemical","368","Bepridil hydrochloride [74764-40-2]","C0005116","74764-40-2","DB01244",1
"769",3600,0.128636896854707,0.00835,0.0351761049723757,"preeclampsia_vs_PretermControls","cmap","bisacodyl",1.1e-05,6,"PC3","HT_HG-U133A","DMSO","Prestwick Chemical","419","Bisacodyl [603-50-9]","C0005632","603-50-9","DB09020",1
"770",3624,0,1,1,"preeclampsia_vs_PretermControls","cmap","domperidone",7.4e-06,6,"PC3","HT_HG-U133A","DMSO","Prestwick Chemical","461","Domperidone maleate","C0771334","NULL","DB01184",1
"771",3625,0,1,1,"preeclampsia_vs_PretermControls","cmap","vanoxerine",7.6e-06,6,"PC3","HT_HG-U133A","DMSO","Prestwick Chemical","386","GBR 12909 dihydrochloride [67469-78-7]","EXPT03312","67469-78-7","DB03701",1
"772",3626,0,1,1,"preeclampsia_vs_PretermControls","cmap","guanabenz",1.38e-05,6,"PC3","HT_HG-U133A","DMSO","Prestwick Chemical","96","Guanabenz acetate [23256-50-0]","C0733381","23256-50-0","DB00629",1
"773",3627,0,1,1,"preeclampsia_vs_PretermControls","cmap","iohexol",4.8e-06,6,"PC3","HT_HG-U133A","DMSO","Prestwick Chemical","512","Iohexol [66108-95-0]","C0022005","66108-95-0","DB01362",1
"774",3628,0.0954717094549548,0.11715,0.266272727272727,"preeclampsia_vs_PretermControls","cmap","alfuzosin",9.4e-06,6,"PC3","HT_HG-U133A","DMSO","Prestwick Chemical","322","Alfuzosin hydrochloride [81403-68-1]","C0051150","81403-68-1","DB00346",1
"775",3629,0,1,1,"preeclampsia_vs_PretermControls","cmap","naloxone",1.1e-05,6,"PC3","HT_HG-U133A","DMSO","Prestwick Chemical","111","Naloxone hydrochloride [357-08-4]","C0700549","357-08-4","DB01183",1
"776",3630,0.0990589275819939,0.09277,0.221572826938136,"preeclampsia_vs_PretermControls","cmap","meclozine",8.6e-06,6,"PC3","HT_HG-U133A","DMSO","Prestwick Chemical","457","Meclozine dihydrochloride [1104-22-9]","NULL","1104-22-9","DB00737",1
"777",3632,0,1,1,"preeclampsia_vs_PretermControls","cmap","latamoxef",7e-06,6,"PC3","HT_HG-U133A","DMSO","Prestwick Chemical","819","Moxalactam disodium salt [64953-12-4]","NULL","64953-12-4","DB04570",1
"778",3636,0,1,1,"preeclampsia_vs_PretermControls","cmap","phenoxybenzamine",1.18e-05,6,"PC3","HT_HG-U133A","DMSO","Prestwick Chemical","944","Phenoxybenzamine hydrochloride [63-92-3]","C0242430","63-92-3","DB00925",1
"779",3638,0.112707371428969,0.03335,0.0997719470328592,"preeclampsia_vs_PretermControls","cmap","cefalexin",1.1e-05,6,"PC3","HT_HG-U133A","DMSO","Prestwick Chemical","358","Cephalexin monohydrate [23325-78-2]","NULL","23325-78-2","DB00567",1
"780",3641,0.143113774884489,0.00177,0.010690099009901,"preeclampsia_vs_PretermControls","cmap","amiodarone",5.8e-06,6,"PC3","HT_HG-U133A","DMSO","Prestwick Chemical","409","Amiodarone hydrochloride [19774-82-4]","C0700442","19774-82-4","DB01118",1
"781",3644,0.132341108385405,0.00563,0.0258606927710843,"preeclampsia_vs_PretermControls","cmap","guanfacine",1.42e-05,6,"PC3","HT_HG-U133A","DMSO","Prestwick Chemical","339","Guanfacine hydrochloride [29110-48-3]","C0700472","29110-48-3","DB01018",1
"782",3646,0.122556303386003,0.0147,0.054115872057936,"preeclampsia_vs_PretermControls","cmap","menadione",2.32e-05,6,"PC3","HT_HG-U133A","DMSO","Prestwick Chemical","459","Menadione [58-27-5]","C0025270","58-27-5","DB00170",1
"783",3647,0.164004507847749,0.00017,0.00166720257234727,"preeclampsia_vs_PretermControls","cmap","clioquinol",1.3e-05,6,"PC3","HT_HG-U133A","DMSO","Prestwick Chemical","886","Clioquinol [130-26-7]","C0021978","130-26-7","DB04815",1
"784",3656,0.187713887622081,2e-05,0.000301980198019802,"preeclampsia_vs_PretermControls","cmap","loperamide",7.8e-06,6,"PC3","HT_HG-U133A","DMSO","Prestwick Chemical","144","Loperamide hydrochloride [34552-83-5]","C0023992","34552-83-5","DB00836",1
"785",3666,0.139549119179599,0.00271,0.0148793879387939,"preeclampsia_vs_PretermControls","cmap","clofazimine",8.4e-06,6,"PC3","HT_HG-U133A","DMSO","Prestwick Chemical","376","Clofazimine [2030-63-9]","C0008996","2030-63-9","DB00845",1
"786",3668,0,1,1,"preeclampsia_vs_PretermControls","cmap","biperiden",1.14e-05,6,"PC3","HT_HG-U133A","DMSO","Prestwick Chemical","502","Biperiden hydrochloride [1235-82-1]","C0304411","1235-82-1","DB00810",1
"787",3669,0,1,1,"preeclampsia_vs_PretermControls","cmap","timolol",9.2e-06,6,"PC3","HT_HG-U133A","DMSO","Prestwick Chemical","948","Timolol maleate salt [26921-17-5]","C0724707","26921-17-5","DB00373",1
"788",3678,0.116306802243226,0.02497,0.0804208025343189,"preeclampsia_vs_PretermControls","cmap","mebendazole",1.36e-05,6,"MCF7","HT_HG-U133A","DMSO","Prestwick Chemical","217","Mebendazole [31431-39-7]","C0025023","31431-39-7","DB00643",1
"789",3706,0,1,1,"preeclampsia_vs_PretermControls","cmap","levomepromazine",9e-06,6,"MCF7","HT_HG-U133A","DMSO","Prestwick Chemical","797","Methotrimeprazine maleat salt [7104-38-3]","C0607673","7104-38-3","DB01403",1
"790",3707,-0.100735998630192,0.08251,0.201970706260032,"preeclampsia_vs_PretermControls","cmap","sulfadimethoxine",1.28e-05,6,"MCF7","HT_HG-U133A","DMSO","Prestwick Chemical","728","Sulfadimethoxine [122-11-2]","C0038676","122-11-2","DB06150",1
"791",3710,0,1,1,"preeclampsia_vs_PretermControls","cmap","medrysone",1.16e-05,6,"MCF7","HT_HG-U133A","DMSO","Prestwick Chemical","743","Medrysone [2668-66-8]","C0065865","2668-66-8","DB00253",1
"792",3711,0.0942038255269836,0.12668,0.283369270260359,"preeclampsia_vs_PretermControls","cmap","demeclocycline",8e-06,6,"MCF7","HT_HG-U133A","DMSO","Prestwick Chemical","753","Demeclocycline hydrochloride [64-73-3]","C0011276","64-73-3","DB00618",1
"793",3713,0,1,1,"preeclampsia_vs_PretermControls","cmap","levonorgestrel",1.28e-05,6,"MCF7","HT_HG-U133A","DMSO","Prestwick Chemical","773","Norgestrel-(-)-D [797-63-7]","C0023566","797-63-7","DB00367",1
"794",3714,0.15127876356933,0.00074,0.00534834123222749,"preeclampsia_vs_PretermControls","cmap","cloperastine",1.1e-05,6,"MCF7","HT_HG-U133A","DMSO","Prestwick Chemical","793","Cloperastine hydrochloride [14984-68-0]","MMS_608","14984-68-0","DB09002",1
"795",3718,0.0981027776701405,0.0991,0.233943498452012,"preeclampsia_vs_PretermControls","cmap","fenoprofen",7.2e-06,6,"MCF7","HT_HG-U133A","DMSO","Prestwick Chemical","754","Fenoprofen calcium salt dihydrate [53746-45-5]","C0015837","53746-45-5","DB00573",1
"796",3722,0.106223717883117,0.05565,0.149018876207199,"preeclampsia_vs_PretermControls","cmap","sulfamerazine",1.52e-05,6,"MCF7","HT_HG-U133A","DMSO","Prestwick Chemical","694","Sulfamerazine [127-79-7]","C0038684","127-79-7","DB01581",1
"797",3723,0.121700752897677,0.01579,0.057061018957346,"preeclampsia_vs_PretermControls","cmap","bromopride",1.16e-05,6,"MCF7","HT_HG-U133A","DMSO","Prestwick Chemical","704","Bromopride [4093-35-0]","C0054129","4093-35-0","DB09018",1
"798",3725,-0.105152230525194,0.05989,0.157333763996555,"preeclampsia_vs_PretermControls","cmap","fenbufen",1.58e-05,6,"MCF7","HT_HG-U133A","DMSO","Prestwick Chemical","218","Fenbufen [36330-85-5]","C0060156","36330-85-5","DB08981",1
"799",3727,0.146331962862833,0.00131,0.00851011714589989,"preeclampsia_vs_PretermControls","cmap","lomefloxacin",1.04e-05,6,"MCF7","HT_HG-U133A","DMSO","Prestwick Chemical","238","Lomefloxacin hydrochloride [98079-52-8]","C0770927","98079-52-8","DB00978",1
"800",3728,-0.103646468289571,0.06722,0.17272198820556,"preeclampsia_vs_PretermControls","cmap","hydralazine",2.04e-05,6,"MCF7","HT_HG-U133A","DMSO","Prestwick Chemical","169","Hydralazine hydrochloride [304-20-1]","C0020223","304-20-1","DB01275",1
"801",3729,0,1,1,"preeclampsia_vs_PretermControls","cmap","phenformin",1.66e-05,6,"MCF7","HT_HG-U133A","DMSO","Prestwick Chemical","179","Phenformin hydrochloride [834-28-6]","C0770237","834-28-6","DB00914",1
"802",3752,0,1,1,"preeclampsia_vs_PretermControls","cmap","galantamine",1.08e-05,6,"MCF7","HT_HG-U133A","DMSO","Prestwick Chemical","588","Galanthamine hydrobromide [1953-04-4]","C0949312","1953-04-4","DB00674",1
"803",3758,0,1,1,"preeclampsia_vs_PretermControls","cmap","roxithromycin",4.8e-06,6,"MCF7","HT_HG-U133A","DMSO","Prestwick Chemical","854","Roxithromycin [80214-83-1]","C0035891","80214-83-1","DB00778",1
"804",3763,0,1,1,"preeclampsia_vs_PretermControls","cmap","molindone",1.28e-05,6,"MCF7","HT_HG-U133A","DMSO","Prestwick Chemical","1035","Molindone hydrochloride [15622-65-8]","C0026388","15622-65-8","DB01618",1
"805",3778,-0.146272596783269,0.00133,0.00863085106382979,"preeclampsia_vs_PretermControls","cmap","zalcitabine",1.9e-05,6,"MCF7","HT_HG-U133A","DMSO","Prestwick Chemical","1037","Zalcitabine [7481-89-2]","C0012132","7481-89-2","DB00943",1
"806",3784,0,1,1,"preeclampsia_vs_PretermControls","cmap","tolnaftate",1.3e-05,6,"MCF7","HT_HG-U133A","DMSO","Prestwick Chemical","70","Tolnaftate [2398-96-1]","C0040379","2398-96-1","DB00525",1
"807",3794,0,1,1,"preeclampsia_vs_PretermControls","cmap","cetirizine",8.6e-06,6,"MCF7","HT_HG-U133A","DMSO","Prestwick Chemical","503","Cetirizine dihydrochloride [83881-52-1]","C0055147","83881-52-1","DB00341",1
"808",3796,0,1,1,"preeclampsia_vs_PretermControls","cmap","procyclidine",1.24e-05,6,"MCF7","HT_HG-U133A","DMSO","Prestwick Chemical","844","Procyclidine hydrochloride [1508-76-5]","C0033254","1508-76-5","DB00387",1
"809",3798,0,1,1,"preeclampsia_vs_PretermControls","cmap","doxylamine",1.02e-05,6,"MCF7","HT_HG-U133A","DMSO","Prestwick Chemical","27","Doxylamine succinate [562-10-7]","C0058733","562-10-7","DB00366",1
"810",3803,-0.118093953072149,0.02133,0.0709062670299728,"preeclampsia_vs_PretermControls","cmap","letrozole",1.4e-05,6,"MCF7","HT_HG-U133A","DMSO","Prestwick Chemical","1025","Letrozole [112809-51-5]","C0246421","112809-51-5","DB01006",1
"811",3807,0.123509513973136,0.01354,0.0509901295496607,"preeclampsia_vs_PretermControls","cmap","simvastatin",9.6e-06,6,"MCF7","HT_HG-U133A","DMSO","Prestwick Chemical","865","Simvastatin [79902-63-9]","C0074554","79902-63-9","DB00641",1
"812",3817,0,1,1,"preeclampsia_vs_PretermControls","cmap","tocainide",1.74e-05,6,"MCF7","HT_HG-U133A","DMSO","Prestwick Chemical","1027","Tocainide hydrochloride","C0543471","NULL","DB01056",1
"813",3822,0,1,1,"preeclampsia_vs_PretermControls","cmap","zuclopenthixol",9.2e-06,6,"MCF7","HT_HG-U133A","DMSO","Prestwick Chemical","998","Zuclopenthixol hydrochloride [633-59-0]","C0350505","633-59-0","DB01624",1
"814",3824,0,1,1,"preeclampsia_vs_PretermControls","cmap","primaquine",8.8e-06,6,"MCF7","HT_HG-U133A","DMSO","Prestwick Chemical","476","Primaquine diphosphate [63-45-6]","C0033126","63-45-6","DB01087",1
"815",3827,-0.101178553295836,0.08004,0.196713940370669,"preeclampsia_vs_PretermControls","cmap","iodixanol",2.6e-06,6,"MCF7","HT_HG-U133A","DMSO","Prestwick Chemical","848","Iodixanol [92339-11-2]","C0063757","92339-11-2","DB01249",1
"816",3829,0,1,1,"preeclampsia_vs_PretermControls","cmap","liothyronine",6.2e-06,6,"MCF7","HT_HG-U133A","DMSO","Prestwick Chemical","853","Liothyronine [6893-02-3]","C0041014","6893-02-3","DB00279",1
"817",3833,0,1,1,"preeclampsia_vs_PretermControls","cmap","omeprazole",1.16e-05,6,"MCF7","HT_HG-U133A","DMSO","Prestwick Chemical","493","Omeprazole [73590-58-6]","C0771765","73590-58-6","DB00338",1
"818",3834,0,1,1,"preeclampsia_vs_PretermControls","cmap","benzthiazide",9.2e-06,6,"MCF7","HT_HG-U133A","DMSO","Prestwick Chemical","824","Benzthiazide [91-33-8]","C0053245","91-33-8","DB00562",1
"819",3837,0,1,1,"preeclampsia_vs_PretermControls","cmap","carisoprodol",1.54e-05,6,"MCF7","HT_HG-U133A","DMSO","Prestwick Chemical","423","Carisoprodol [78-44-4]","C0007248","78-44-4","DB00395",1
"820",3838,0,1,1,"preeclampsia_vs_PretermControls","cmap","betahistine",1.72e-05,6,"MCF7","HT_HG-U133A","DMSO","Prestwick Chemical","543","Betahistine mesylate [54856-23-4]","C0005301","54856-23-4","DB06698",1
"821",3840,0,1,1,"preeclampsia_vs_PretermControls","cmap","theobromine",2.22e-05,6,"MCF7","HT_HG-U133A","DMSO","Prestwick Chemical","874","Theobromine [83-67-0]","C0039763","83-67-0","DB01412",1
"822",3841,0,1,1,"preeclampsia_vs_PretermControls","cmap","apramycin",7.4e-06,6,"MCF7","HT_HG-U133A","DMSO","Prestwick Chemical","1005","Apramycin [37321-09-8]","NULL","37321-09-8","DB04626",1
"823",3842,0.111469708726996,0.03696,0.108863351038146,"preeclampsia_vs_PretermControls","cmap","miconazole",9.6e-06,6,"MCF7","HT_HG-U133A","DMSO","Prestwick Chemical","67","Miconazole [22916-47-8]","MMS_579","22916-47-8","DB01110",1
"824",3844,0,1,1,"preeclampsia_vs_PretermControls","cmap","pyrazinamide",3.24e-05,6,"MCF7","HT_HG-U133A","DMSO","Prestwick Chemical","514","Pyrazinamide [ 98-96-4]","C0034239"," 98-96-4","DB00339",1
"825",3849,0.0828768272250026,0.23256,0.46665,"preeclampsia_vs_PretermControls","cmap","cefaclor",1.04e-05,6,"MCF7","HT_HG-U133A","DMSO","Prestwick Chemical","485","Cefaclor [70356-03-5]","C0007537","70356-03-5","DB00833",1
"826",3854,0,1,1,"preeclampsia_vs_PretermControls","cmap","methoxamine",1.62e-05,6,"MCF7","HT_HG-U133A","DMSO","Prestwick Chemical","535","Methoxamine hydrochloride [61-16-5]","C0025681","61-16-5","DB00723",1
"827",3865,-0.153769944767191,0.00058,0.00446717171717172,"preeclampsia_vs_PretermControls","cmap","daunorubicin",7e-06,6,"MCF7","HT_HG-U133A","DMSO","Prestwick Chemical","487","Daunorubicin hydrochloride [23541-50-6]","C0724567","23541-50-6","DB00694",1
"828",3870,0.0876412656020184,0.18448,0.385650445510624,"preeclampsia_vs_PretermControls","cmap","doxazosin",7.4e-06,6,"MCF7","HT_HG-U133A","DMSO","Prestwick Chemical","858","Doxazosin mesylate [77883-43-3]","C0077770","77883-43-3","DB00590",1
"829",3872,0,1,1,"preeclampsia_vs_PretermControls","cmap","methapyrilene",1.34e-05,6,"MCF7","HT_HG-U133A","DMSO","Prestwick Chemical","342","Methapyrilene hydrochloride [135-23-9]","C0025625","135-23-9","DB04819",1
"830",3873,0,1,1,"preeclampsia_vs_PretermControls","cmap","glipizide",9e-06,6,"MCF7","HT_HG-U133A","DMSO","Prestwick Chemical","131","Glipizide [29094-61-9]","C0017642","29094-61-9","DB01067",1
"831",3874,0.145081259494847,0.00145,0.00915631469979296,"preeclampsia_vs_PretermControls","cmap","progesterone",1.28e-05,6,"MCF7","HT_HG-U133A","DMSO","Prestwick Chemical","477","Progesterone [57-83-0]","C0873071","57-83-0","DB00396",1
"832",3875,0.123841533469718,0.01308,0.0495885643256681,"preeclampsia_vs_PretermControls","cmap","estrone",1.48e-05,6,"MCF7","HT_HG-U133A","DMSO","Prestwick Chemical","914","Estrone [53-16-7]","C0014942","53-16-7","DB00655",1
"833",3876,0.11487795923761,0.02827,0.0880280755487494,"preeclampsia_vs_PretermControls","cmap","clomifene",6.6e-06,6,"MCF7","HT_HG-U133A","DMSO","Prestwick Chemical","397","Clomiphene citrate (Z,E) [50-41-9]","APRD00880","50-41-9","DB00882",1
"834",3878,0.136377008221167,0.0037,0.0187770382695507,"preeclampsia_vs_PretermControls","cmap","amoxapine",1.28e-05,6,"MCF7","HT_HG-U133A","DMSO","Prestwick Chemical","102","Amoxapine [14028-44-5]","C0002644","14028-44-5","DB00543",1
"835",3880,0.134703373284966,0.00447,0.0216576648133439,"preeclampsia_vs_PretermControls","cmap","sulconazole",8.6e-06,6,"MCF7","HT_HG-U133A","DMSO","Prestwick Chemical","810","Sulconazole nitrate [61318-91-0]","C0144004","61318-91-0","DB06820",1
"836",3881,0,1,1,"preeclampsia_vs_PretermControls","cmap","bezafibrate",1.1e-05,6,"MCF7","HT_HG-U133A","DMSO","Prestwick Chemical","378","Bezafibrate [41859-67-0]","C0005330","41859-67-0","DB01393",1
"837",3882,-0.115402897793304,0.02698,0.084921568627451,"preeclampsia_vs_PretermControls","cmap","methotrexate",8.8e-06,6,"MCF7","HT_HG-U133A","DMSO","Prestwick Chemical","373","Amethopterin (R,S) [59-05-2]","C0025677","59-05-2","DB00563",1
"838",3890,0.15745896288701,0.00036,0.00302063273727648,"preeclampsia_vs_PretermControls","cmap","fluspirilene",8.4e-06,6,"MCF7","HT_HG-U133A","DMSO","Prestwick Chemical","906","Fluspirilen [1841-19-6]","C0016383","1841-19-6","DB04842",1
"839",3900,0.139845783981657,0.00259,0.0143627272727273,"preeclampsia_vs_PretermControls","cmap","metixene",1.16e-05,6,"MCF7","HT_HG-U133A","DMSO","Prestwick Chemical","491","Metixene hydrochloride [1553-34-0]","APRD01101","1553-34-0","DB00340",1
"840",3904,0,1,1,"preeclampsia_vs_PretermControls","cmap","maprotiline",1.28e-05,6,"MCF7","HT_HG-U133A","DMSO","Prestwick Chemical","346","Maprotiline hydrochloride [10347-81-6]","C0771589","10347-81-6","DB00934",1
"841",3905,0,1,1,"preeclampsia_vs_PretermControls","cmap","ciclopirox",1.5e-05,6,"MCF7","HT_HG-U133A","DMSO","Prestwick Chemical","541","Ciclopirox ethanolamine [41621-49-2]","C0126169","41621-49-2","DB01188",1
"842",3907,0,1,1,"preeclampsia_vs_PretermControls","cmap","diloxanide",1.22e-05,6,"MCF7","HT_HG-U133A","DMSO","Prestwick Chemical","903","Diloxanide furoate [3736-81-0]","C0206816","3736-81-0","DB08792",1
"843",3908,0.128932568082212,0.00811,0.0344505571030641,"preeclampsia_vs_PretermControls","cmap","ouabain",5.4e-06,6,"MCF7","HT_HG-U133A","DMSO","Prestwick Chemical","471","Strophantine octahydrate [11018-89-6]","C0029904","11018-89-6","DB01092",1
"844",3909,0,1,1,"preeclampsia_vs_PretermControls","cmap","etoposide",6.8e-06,6,"MCF7","HT_HG-U133A","DMSO","Prestwick Chemical","396","Etoposide [33419-42-0]","C0015133","33419-42-0","DB00773",1
"845",3910,-0.0998562297621283,0.08788,0.212220110847189,"preeclampsia_vs_PretermControls","cmap","lisuride",1.18e-05,6,"MCF7","HT_HG-U133A","DMSO","Prestwick Chemical","106","Lisuride (S)(-) [18016-80-3]","C0023863","18016-80-3","DB00589",1
"846",3911,0.124880481261018,0.01179,0.0457791215786123,"preeclampsia_vs_PretermControls","cmap","piracetam",2.82e-05,6,"PC3","HT_HG-U133A","DMSO","Prestwick Chemical","537","Piracetam [7491-74-9]","C0031977","7491-74-9","DB09210",1
"847",3912,0.125587989140892,0.011,0.0434585492227979,"preeclampsia_vs_PretermControls","cmap","ifenprodil",8.4e-06,6,"PC3","HT_HG-U133A","DMSO","Prestwick Chemical","311","Ifenprodil tartrate [23210-58-4]","C0063340","23210-58-4","DB08954",1
"848",3914,0,1,1,"preeclampsia_vs_PretermControls","cmap","pivampicillin",8.6e-06,6,"PC3","HT_HG-U133A","DMSO","Prestwick Chemical","1009","Pivampicillin [33817-20-8]","C0085884","33817-20-8","DB01604",1
"849",3917,0.10957069796294,0.04271,0.121459673659674,"preeclampsia_vs_PretermControls","cmap","indometacin",1.12e-05,6,"PC3","HT_HG-U133A","DMSO","Prestwick Chemical","272","Indomethacin [53-86-1]","NULL","53-86-1","DB00328",1
"850",3927,0.0772381674378461,0.29752,0.577800700413881,"preeclampsia_vs_PretermControls","cmap","flufenamic acid",1.42e-05,6,"PC3","HT_HG-U133A","DMSO","Prestwick Chemical","203","Flufenamic acid [530-78-9]","C0016282","530-78-9","DB02266",1
"851",3934,0.183222019864205,2e-05,0.000301980198019802,"preeclampsia_vs_PretermControls","cmap","diethylcarbamazine",1.02e-05,6,"PC3","HT_HG-U133A","DMSO","Prestwick Chemical","284","Diethylcarbamazine citrate [1642-54-2]","C0012191","1642-54-2","DB00711",1
"852",3938,0.150497606975688,0.00083,0.00592857142857143,"preeclampsia_vs_PretermControls","cmap","prenylamine",9.6e-06,6,"PC3","HT_HG-U133A","DMSO","Prestwick Chemical","560","Prenylamine lactate [69-43-2]","C0033059","69-43-2","DB04825",1
"853",3942,0.183422225136708,2e-05,0.000301980198019802,"preeclampsia_vs_PretermControls","cmap","chlorpromazine",1.12e-05,6,"PC3","HT_HG-U133A","DMSO","Prestwick Chemical","64","Chlorpromazine hydrochloride [69-09-0]","C0008286","69-09-0","DB00477",1
"854",3957,0,1,1,"preeclampsia_vs_PretermControls","cmap","gliclazide",1.24e-05,6,"PC3","HT_HG-U133A","DMSO","Prestwick Chemical","558","Gliclazide [21187-98-4]","C0017631","21187-98-4","DB01120",1
"855",3960,0.160653263677133,0.00025,0.00222627737226277,"preeclampsia_vs_PretermControls","cmap","rimexolone",1.08e-05,6,"PC3","HT_HG-U133A","DMSO","Prestwick Chemical","1020","Rimexolone [49697-38-3]","C0140594","49697-38-3","DB00896",1
"856",3963,0,1,1,"preeclampsia_vs_PretermControls","cmap","thiocolchicoside",7e-06,6,"PC3","HT_HG-U133A","DMSO","Prestwick Chemical","539","Thiocolchicoside [602-41-5]","C0076456","602-41-5","DB11582",1
"857",3966,0.18297573757179,2e-05,0.000301980198019802,"preeclampsia_vs_PretermControls","cmap","sulfadiazine",1.6e-05,6,"PC3","HT_HG-U133A","DMSO","Prestwick Chemical","23","Sulfadiazine [68-35-9]","C0723509","68-35-9","DB00359",1
"858",3977,0.0881056789078364,0.17997,0.378074010327022,"preeclampsia_vs_PretermControls","cmap","mefenamic acid",1.66e-05,6,"PC3","HT_HG-U133A","DMSO","Prestwick Chemical","54","Mefenamic acid [61-68-7]","C0025152","61-68-7","DB00784",1
"859",3988,0,1,1,"preeclampsia_vs_PretermControls","cmap","haloperidol",1e-05,6,"MCF7","HT_HG-U133A","DMSO","Sigma-Aldrich","H1512","haloperidol","C0720809","NULL","DB00502",1
"860",3990,0,1,1,"preeclampsia_vs_PretermControls","cmap","fulvestrant",1e-06,6,"MCF7","HT_HG-U133A","DMSO","Tocris","1047","ICI 182,780","C0935916","NULL","DB00947",1
"861",3992,0,1,1,"preeclampsia_vs_PretermControls","cmap","sirolimus",1e-07,6,"MCF7","HT_HG-U133A","DMSO","Sigma-Aldrich","R0395","Rapamycin","C0072980","NULL","DB00877",1
"862",3994,0,1,1,"preeclampsia_vs_PretermControls","cmap","valproic acid",0.001,6,"MCF7","HT_HG-U133A","DMSO","Sigma-Aldrich","P4543","2-propylpentanoic acid","NULL","NULL","DB00313",1
"863",3996,0,1,1,"preeclampsia_vs_PretermControls","cmap","tretinoin",1e-06,6,"MCF7","HT_HG-U133A","DMSO","Sigma-Aldrich","R2625","retinoic acid","C0040845","NULL","DB00755",1
"864",3999,0,1,1,"preeclampsia_vs_PretermControls","cmap","valproic acid",2e-04,6,"MCF7","HT_HG-U133A","DMSO","Sigma-Aldrich","P4543","2-propylpentanoic acid","NULL","NULL","DB00313",1
"865",4000,0.180009710535302,2e-05,0.000301980198019802,"preeclampsia_vs_PretermControls","cmap","prochlorperazine",1e-05,6,"MCF7","HT_HG-U133A","DMSO","Sigma-Aldrich","P9178","prochlorperazine dimaleate salt","C0770888","NULL","DB00433",1
"866",4002,0,1,1,"preeclampsia_vs_PretermControls","cmap","chlorpromazine",1e-06,6,"MCF7","HT_HG-U133A","DMSO","Sigma-Aldrich","C0982","chlorpromazine hydrochloride","C0008286","NULL","DB00477",1
"867",4005,0,1,1,"preeclampsia_vs_PretermControls","cmap","vorinostat",1e-05,6,"MCF7","HT_HG-U133A","DMSO","BioVision","1604-1","SAHA","MMS_422","NULL","DB02546",1
"868",4006,0.0964144875092775,0.11037,0.254562570888469,"preeclampsia_vs_PretermControls","cmap","sirolimus",1e-07,6,"MCF7","HT_HG-U133A","DMSO","Sigma-Aldrich","R0395","Rapamycin","C0072980","NULL","DB00877",1
"869",4007,0,1,1,"preeclampsia_vs_PretermControls","cmap","valproic acid",5e-05,6,"MCF7","HT_HG-U133A","DMSO","Sigma-Aldrich","P4543","2-propylpentanoic acid","NULL","NULL","DB00313",1
"870",4009,0.149133553310739,0.00096,0.0065503355704698,"preeclampsia_vs_PretermControls","cmap","trifluoperazine",1e-05,6,"MCF7","HT_HG-U133A","DMSO","Sigma-Aldrich","T6062","trifluoperazine dihydrochloride","C0304381","NULL","DB00831",1
"871",4013,0.109324705463103,0.04365,0.123442280945758,"preeclampsia_vs_PretermControls","cmap","geldanamycin",1e-06,6,"MCF7","HT_HG-U133A","DMSO","MP Biomedicals","195994","geldanamycin","EXPT01571","NULL","DB02424",1
"872",4014,0,1,1,"preeclampsia_vs_PretermControls","cmap","clozapine",1e-05,6,"MCF7","HT_HG-U133A","DMSO","Sigma-Aldrich","C-6305","clozapine","C0009079","NULL","DB00363",1
"873",4015,0.131088417868312,0.00639,0.0284518248175182,"preeclampsia_vs_PretermControls","cmap","thioridazine",1e-05,6,"MCF7","HT_HG-U133A","DMSO","Sigma-Aldrich","T9025","thioridazine hydrochloride","C0039943","NULL","DB00679",1
"874",4022,0.170912790318345,7e-05,0.000807183364839319,"preeclampsia_vs_PretermControls","cmap","fluphenazine",1e-05,6,"MCF7","HT_HG-U133A","DMSO","Sigma-Aldrich","F8548","fluphenazine dihydrochloride","C0700567","NULL","DB00623",1
"875",4023,-0.0997298387991526,0.08869,0.213837549407115,"preeclampsia_vs_PretermControls","cmap","fulvestrant",1e-08,6,"MCF7","HT_HG-U133A","DMSO","Tocris","1047","ICI 182,780","C0935916","NULL","DB00947",1
"876",4025,0,1,1,"preeclampsia_vs_PretermControls","cmap","valproic acid",5e-04,6,"MCF7","HT_HG-U133A","DMSO","Sigma-Aldrich","P4543","2-propylpentanoic acid","NULL","NULL","DB00313",1
"877",4026,-0.0903263594335432,0.15902,0.341677351179993,"preeclampsia_vs_PretermControls","cmap","estradiol",1e-08,6,"MCF7","HT_HG-U133A","DMSO","Sigma-Aldrich","E1024","estradiol, USP","C1330622","NULL","DB00783",1
"878",4027,0,1,1,"preeclampsia_vs_PretermControls","cmap","sirolimus",1e-07,6,"MCF7","HT_HG-U133A","DMSO","Sigma-Aldrich","R0395","Rapamycin","C0072980","NULL","DB00877",1
"879",4029,-0.098307661022832,0.09786,0.231823689320388,"preeclampsia_vs_PretermControls","cmap","haloperidol",1e-05,6,"MCF7","HT_HG-U133A","DMSO","Sigma-Aldrich","H1512","haloperidol","C0720809","NULL","DB00502",1
"880",4030,0,1,1,"preeclampsia_vs_PretermControls","cmap","alfuzosin",9.4e-06,6,"MCF7","HT_HG-U133A","DMSO","Prestwick Chemical","322","Alfuzosin hydrochloride [81403-68-1]","C0051150","81403-68-1","DB00346",1
"881",4031,0,1,1,"preeclampsia_vs_PretermControls","cmap","naloxone",1.1e-05,6,"MCF7","HT_HG-U133A","DMSO","Prestwick Chemical","111","Naloxone hydrochloride [357-08-4]","C0700549","357-08-4","DB01183",1
"882",4036,0,1,1,"preeclampsia_vs_PretermControls","cmap","phenoxybenzamine",1.18e-05,6,"MCF7","HT_HG-U133A","DMSO","Prestwick Chemical","944","Phenoxybenzamine hydrochloride [63-92-3]","C0242430","63-92-3","DB00925",1
"883",4038,0,1,1,"preeclampsia_vs_PretermControls","cmap","cefalexin",1.1e-05,6,"MCF7","HT_HG-U133A","DMSO","Prestwick Chemical","358","Cephalexin monohydrate [23325-78-2]","NULL","23325-78-2","DB00567",1
"884",4039,0,1,1,"preeclampsia_vs_PretermControls","cmap","enoxacin",1.24e-05,6,"MCF7","HT_HG-U133A","DMSO","Prestwick Chemical","353","Enoxacin [74011-58-8]","C0014310","74011-58-8","DB00467",1
"885",4044,-0.0875533756529854,0.18528,0.386792607802875,"preeclampsia_vs_PretermControls","cmap","guanfacine",1.42e-05,6,"MCF7","HT_HG-U133A","DMSO","Prestwick Chemical","339","Guanfacine hydrochloride [29110-48-3]","C0700472","29110-48-3","DB01018",1
"886",4045,-0.0642639467232077,0.4364,0.818837280836666,"preeclampsia_vs_PretermControls","cmap","sulfafurazole",1.5e-05,6,"MCF7","HT_HG-U133A","DMSO","Prestwick Chemical","334","Sulfisoxazole [127-69-5]","NULL","127-69-5","DB00263",1
"887",4046,0.0898066785431945,0.16369,0.350108345021038,"preeclampsia_vs_PretermControls","cmap","clioquinol",1.3e-05,6,"MCF7","HT_HG-U133A","DMSO","Prestwick Chemical","886","Clioquinol [130-26-7]","C0021978","130-26-7","DB04815",1
"888",4053,0.103002466383233,0.07076,0.179848333333333,"preeclampsia_vs_PretermControls","cmap","clozapine",1.22e-05,6,"MCF7","HT_HG-U133A","DMSO","Prestwick Chemical","350","Clozapine [5786-21-0]","C0009079","5786-21-0","DB00363",1
"889",4055,0.189696565643318,1e-05,0.000204697986577181,"preeclampsia_vs_PretermControls","cmap","loperamide",7.8e-06,6,"MCF7","HT_HG-U133A","DMSO","Prestwick Chemical","144","Loperamide hydrochloride [34552-83-5]","C0023992","34552-83-5","DB00836",1
"890",4060,0.0968209836984222,0.1076,0.249661468238874,"preeclampsia_vs_PretermControls","cmap","methyldopa",1.9e-05,6,"MCF7","HT_HG-U133A","DMSO","Prestwick Chemical","326","Methyldopa (L,-) [555-30-6]","C0304527","555-30-6","DB00968",1
"891",4065,0.142580473742971,0.00186,0.0111017612524462,"preeclampsia_vs_PretermControls","cmap","clofazimine",8.4e-06,6,"MCF7","HT_HG-U133A","DMSO","Prestwick Chemical","376","Clofazimine [2030-63-9]","C0008996","2030-63-9","DB00845",1
"892",4067,0.115838663032833,0.026,0.0828198433420366,"preeclampsia_vs_PretermControls","cmap","biperiden",1.14e-05,6,"MCF7","HT_HG-U133A","DMSO","Prestwick Chemical","502","Biperiden hydrochloride [1235-82-1]","C0304411","1235-82-1","DB00810",1
"893",4068,-0.113589665632356,0.03104,0.0944496510468594,"preeclampsia_vs_PretermControls","cmap","timolol",9.2e-06,6,"MCF7","HT_HG-U133A","DMSO","Prestwick Chemical","948","Timolol maleate salt [26921-17-5]","C0724707","26921-17-5","DB00373",1
"894",4069,0.0986783057301762,0.09528,0.226945724326435,"preeclampsia_vs_PretermControls","cmap","apomorphine",6.4e-06,6,"MCF7","HT_HG-U133A","DMSO","Prestwick Chemical","101","Apomorphine hydrochloride hemihydrate [41372-20-7]","C0237406","41372-20-7","DB00714",1
"895",4075,0,1,1,"preeclampsia_vs_PretermControls","cmap","flucytosine",3.1e-05,6,"MCF7","HT_HG-U133A","DMSO","Prestwick Chemical","934","Flucytosine [2022-85-7]","C0016278","2022-85-7","DB01099",1
"896",4080,0.101584097309367,0.07786,0.192519659505472,"preeclampsia_vs_PretermControls","cmap","felodipine",1.04e-05,6,"MCF7","HT_HG-U133A","DMSO","Prestwick Chemical","478","Felodipine [72509-76-3]","C0015772","72509-76-3","DB01023",1
"897",4095,0.119798099026926,0.01835,0.0634524348810872,"preeclampsia_vs_PretermControls","cmap","diltiazem",8.8e-06,6,"MCF7","HT_HG-U133A","DMSO","Prestwick Chemical","134","Diltiazem hydrochloride [33286-22-5]","C0700579","33286-22-5","DB00343",1
"898",4096,0.144937273982489,0.00146,0.00917198764160659,"preeclampsia_vs_PretermControls","cmap","puromycin",7.4e-06,6,"MCF7","HT_HG-U133A","DMSO","Prestwick Chemical","480","Puromycin dihydrochloride [58-58-2]","NULL","58-58-2","DB08437",1
"899",4098,0,1,1,"preeclampsia_vs_PretermControls","cmap","monobenzone",2e-05,6,"MCF7","HT_HG-U133A","DMSO","Prestwick Chemical","912","Monobenzone [103-16-2]","C0050962","103-16-2","DB00600",1
"900",4103,0,1,1,"preeclampsia_vs_PretermControls","cmap","promethazine",1.24e-05,6,"MCF7","HT_HG-U133A","DMSO","Prestwick Chemical","888","Promethazine hydrochloride [58-33-3]","C0772132","58-33-3","DB01069",1
"901",4104,0,1,1,"preeclampsia_vs_PretermControls","cmap","estradiol",1.46e-05,6,"MCF7","HT_HG-U133A","DMSO","Prestwick Chemical","441","Estradiol-17 beta [50-28-2]","C1330622","50-28-2","DB00783",1
"902",4105,0,1,1,"preeclampsia_vs_PretermControls","cmap","ambroxol",9.6e-06,6,"MCF7","HT_HG-U133A","DMSO","Prestwick Chemical","366","Ambroxol hydrochloride [23828-92-4]","C0002421","23828-92-4","DB06742",1
"903",4110,0.137958571915423,0.00317,0.0168294168842472,"preeclampsia_vs_PretermControls","cmap","digoxin",5.2e-06,6,"MCF7","HT_HG-U133A","DMSO","Prestwick Chemical","437","Digoxin [20830-75-5]","BIOD00046","20830-75-5","DB00390",1
"904",4112,0.142080250354292,0.00206,0.0121645692158761,"preeclampsia_vs_PretermControls","cmap","ioversol",5e-06,6,"MCF7","HT_HG-U133A","DMSO","Prestwick Chemical","878","Ioversol [87771-40-2]","C0063828","87771-40-2","DB09134",1
"905",4117,0.151978364251718,0.00068,0.00503398058252427,"preeclampsia_vs_PretermControls","cmap","rolitetracycline",7.6e-06,6,"MCF7","HT_HG-U133A","DMSO","Prestwick Chemical","849","Rolitetracycline [751-97-3]","C0035823","751-97-3","DB01301",1
"906",4126,0.128705122307372,0.0083,0.0350623268698061,"preeclampsia_vs_PretermControls","cmap","cyproheptadine",1.24e-05,6,"MCF7","HT_HG-U133A","DMSO","Prestwick Chemical","103","Cyproheptadine hydrochloride [969-33-5]","C0771807","969-33-5","DB00434",1
"907",4128,0.153308719179731,6e-04,0.00455790784557908,"preeclampsia_vs_PretermControls","cmap","carbachol",2.18e-05,6,"MCF7","HT_HG-U133A","DMSO","Prestwick Chemical","880","Carbachol [51-83-2]","C0006945","51-83-2","DB00411",1
"908",4136,0.124765930394803,0.01191,0.046127619047619,"preeclampsia_vs_PretermControls","cmap","hesperetin",1.32e-05,6,"MCF7","HT_HG-U133A","DMSO","Prestwick Chemical","124","Hesperetin [520-33-2]","APRD00117","520-33-2","DB01094",1
"909",4137,0,1,1,"preeclampsia_vs_PretermControls","cmap","ceforanide",7.6e-06,6,"MCF7","HT_HG-U133A","DMSO","Prestwick Chemical","470","Ceforanide [60925-61-3]","C0055008","60925-61-3","DB00923",1
"910",4140,0,1,1,"preeclampsia_vs_PretermControls","cmap","mitoxantrone",7.8e-06,6,"MCF7","HT_HG-U133A","DMSO","Prestwick Chemical","385","Mitoxantrone dihydrochloride [70476-82-3]","C0700458","70476-82-3","DB01204",1
"911",4147,0,1,1,"preeclampsia_vs_PretermControls","cmap","cefotiam",7.2e-06,6,"MCF7","HT_HG-U133A","DMSO","Prestwick Chemical","482","Cefotiam hydrochloride","C0007556","NULL","DB00229",1
"912",4150,0,1,1,"preeclampsia_vs_PretermControls","cmap","anisomycin",1.5e-05,6,"MCF7","HT_HG-U133A","DMSO","Prestwick Chemical","412","Anisomycin [22862-76-6]","NULL","22862-76-6","DB07374",1
"913",4159,0.111139096794364,0.03772,0.110039215686275,"preeclampsia_vs_PretermControls","cmap","chlorpropamide",1.44e-05,6,"MCF7","HT_HG-U133A","DMSO","Prestwick Chemical","323","Chlorpropamide [94-20-2]","C0008287","94-20-2","DB00672",1
"914",4187,-0.0986328910932997,0.09556,0.227346333853354,"preeclampsia_vs_PretermControls","cmap","methotrexate",8.8e-06,6,"MCF7","HT_HG-U133A","DMSO","Prestwick Chemical","135","Methotrexate [59-05-2]","C0025677","59-05-2","DB00563",1
"915",4189,0.0970981082009313,0.10577,0.246446524064171,"preeclampsia_vs_PretermControls","cmap","nimodipine",9.6e-06,6,"MCF7","HT_HG-U133A","DMSO","Prestwick Chemical","918","Nimodipine [66085-59-4]","C0028094","66085-59-4","DB00393",1
"916",4192,0,1,1,"preeclampsia_vs_PretermControls","cmap","cefoperazone",5.8e-06,6,"MCF7","HT_HG-U133A","DMSO","Prestwick Chemical","327","Cefoperazone dihydrate","MMS_125","NULL","DB01329",1
"917",4199,0,1,1,"preeclampsia_vs_PretermControls","cmap","budesonide",9.2e-06,6,"MCF7","HT_HG-U133A","DMSO","Prestwick Chemical","518","Budesonide [51333-22-3]","C0054201","51333-22-3","DB01222",1
"918",4206,0.0898311453165711,0.16355,0.349931602946335,"preeclampsia_vs_PretermControls","cmap","protriptyline",1.34e-05,6,"MCF7","HT_HG-U133A","DMSO","Prestwick Chemical","930","Protriptyline hydrochloride [1225-55-4]","C0700557","1225-55-4","DB00344",1
"919",4207,0.111212745508132,0.03752,0.109718120805369,"preeclampsia_vs_PretermControls","cmap","pyrvinium",3.4e-06,6,"MCF7","HT_HG-U133A","DMSO","Prestwick Chemical","1040","Pyrvinium pamoate [3546-41-6]","C0072804","3546-41-6","DB06816",1
"920",4210,0.145796177784932,0.00136,0.00876029567053854,"preeclampsia_vs_PretermControls","cmap","trifluoperazine",8.4e-06,6,"MCF7","HT_HG-U133A","DMSO","Prestwick Chemical","313","Trifluoperazine dihydrochloride [440-17-5]","C0304381","440-17-5","DB00831",1
"921",4225,-0.12127964288281,0.01632,0.0582516091281451,"preeclampsia_vs_PretermControls","cmap","naproxen",1.74e-05,6,"MCF7","HT_HG-U133A","DMSO","Prestwick Chemical","45","Naproxen [22204-53-1]","C0546873","22204-53-1","DB00788",1
"922",4231,0.115155125139059,0.02756,0.0862575679835813,"preeclampsia_vs_PretermControls","cmap","ifenprodil",8.4e-06,6,"MCF7","HT_HG-U133A","DMSO","Prestwick Chemical","311","Ifenprodil tartrate [23210-58-4]","C0063340","23210-58-4","DB08954",1
"923",4247,0,1,1,"preeclampsia_vs_PretermControls","cmap","trimetazidine",1.18e-05,6,"MCF7","HT_HG-U133A","DMSO","Prestwick Chemical","549","Trimetazidine dihydrochloride [13171-25-0]","C0041037","13171-25-0","DB09069",1
"924",4253,0.129470174713461,0.00768,0.0329648629655657,"preeclampsia_vs_PretermControls","cmap","diethylcarbamazine",1.02e-05,6,"MCF7","HT_HG-U133A","DMSO","Prestwick Chemical","284","Diethylcarbamazine citrate [1642-54-2]","C0012191","1642-54-2","DB00711",1
"925",4257,0.130277950825346,0.00703,0.0307184813753582,"preeclampsia_vs_PretermControls","cmap","prenylamine",9.6e-06,6,"MCF7","HT_HG-U133A","DMSO","Prestwick Chemical","560","Prenylamine lactate [69-43-2]","C0033059","69-43-2","DB04825",1
"926",4266,-0.136837157436193,0.00351,0.0180836148648649,"preeclampsia_vs_PretermControls","cmap","dapsone",1.62e-05,6,"MCF7","HT_HG-U133A","DMSO","Prestwick Chemical","35","Dapsone [80-08-0]","C0010980","80-08-0","DB00250",1
"927",4269,0.10757961595694,0.05041,0.138451598379109,"preeclampsia_vs_PretermControls","cmap","perhexiline",1.02e-05,6,"MCF7","HT_HG-U133A","DMSO","Prestwick Chemical","286","Perhexiline maleate [6724-53-4]","C0070413","6724-53-4","DB01074",1
"928",4270,-0.086719394012256,0.19383,0.401072930800543,"preeclampsia_vs_PretermControls","cmap","isometheptene",8.2e-06,6,"MCF7","HT_HG-U133A","DMSO","Prestwick Chemical","1023","Isometheptene mucate","C0355634","NULL","DB06706",1
"929",4271,-0.131101375736446,0.00639,0.0284518248175182,"preeclampsia_vs_PretermControls","cmap","levopropoxyphene",7.4e-06,6,"MCF7","HT_HG-U133A","DMSO","Prestwick Chemical","1054","Levopropoxyphene napsylate [5714-90-9]","C1321938","5714-90-9","DB06793",1
"930",4272,0,1,1,"preeclampsia_vs_PretermControls","cmap","lisinopril",9e-06,6,"MCF7","HT_HG-U133A","DMSO","Prestwick Chemical","301","Lisinopril [83915-83-7]","C0065374","83915-83-7","DB00722",1
"931",4277,0,1,1,"preeclampsia_vs_PretermControls","cmap","resveratrol",1.76e-05,6,"MCF7","HT_HG-U133A","DMSO","Prestwick Chemical","508","Resveratrol [501-36-0]","EXPT02968","501-36-0","DB02709",1
"932",4278,0,1,1,"preeclampsia_vs_PretermControls","cmap","adipiodone",3.6e-06,6,"MCF7","HT_HG-U133A","DMSO","Prestwick Chemical","939","Iodipamide [606-17-7]","NULL","606-17-7","DB04711",1
"933",4282,0,1,1,"preeclampsia_vs_PretermControls","cmap","gliclazide",1.24e-05,6,"MCF7","HT_HG-U133A","DMSO","Prestwick Chemical","558","Gliclazide [21187-98-4]","C0017631","21187-98-4","DB01120",1
"934",4285,0.122082658116626,0.01539,0.0561141661685595,"preeclampsia_vs_PretermControls","cmap","rimexolone",1.08e-05,6,"MCF7","HT_HG-U133A","DMSO","Prestwick Chemical","1020","Rimexolone [49697-38-3]","C0140594","49697-38-3","DB00896",1
"935",4291,0.083161362137722,0.22988,0.461728021073428,"preeclampsia_vs_PretermControls","cmap","sulfadiazine",1.6e-05,6,"MCF7","HT_HG-U133A","DMSO","Prestwick Chemical","23","Sulfadiazine [68-35-9]","C0723509","68-35-9","DB00359",1
"936",4314,0,1,1,"preeclampsia_vs_PretermControls","cmap","haloperidol",1e-05,6,"MCF7","HT_HG-U133A","DMSO","Sigma-Aldrich","H1512","haloperidol","C0720809","NULL","DB00502",1
"937",4315,0,1,1,"preeclampsia_vs_PretermControls","cmap","acetylsalicylic acid",1e-04,6,"MCF7","HT_HG-U133A","DMSO","Sigma-Aldrich","A2093","aspirin, USP","EXPT00475","NULL","DB00945",1
"938",4316,0.0855807989730413,0.20503,0.418708737864078,"preeclampsia_vs_PretermControls","cmap","fulvestrant",1e-06,6,"MCF7","HT_HG-U133A","DMSO","Tocris","1047","ICI 182,780","C0935916","NULL","DB00947",1
"939",4318,0,1,1,"preeclampsia_vs_PretermControls","cmap","sirolimus",1e-07,6,"MCF7","HT_HG-U133A","DMSO","Sigma-Aldrich","R0395","Rapamycin","C0072980","NULL","DB00877",1
"940",4319,-0.124945808787902,0.0117,0.0455165816326531,"preeclampsia_vs_PretermControls","cmap","estradiol",1e-07,6,"MCF7","HT_HG-U133A","DMSO","Sigma-Aldrich","E1024","estradiol, USP","C1330622","NULL","DB00783",1
"941",4320,0,1,1,"preeclampsia_vs_PretermControls","cmap","valproic acid",0.001,6,"MCF7","HT_HG-U133A","DMSO","Sigma-Aldrich","P4543","2-propylpentanoic acid","NULL","NULL","DB00313",1
"942",4322,-0.128023198972246,0.00885,0.0365504400812458,"preeclampsia_vs_PretermControls","cmap","tretinoin",1e-06,6,"MCF7","HT_HG-U133A","DMSO","Sigma-Aldrich","R2625","retinoic acid","C0040845","NULL","DB00755",1
"943",4325,0,1,1,"preeclampsia_vs_PretermControls","cmap","valproic acid",2e-04,6,"MCF7","HT_HG-U133A","DMSO","Sigma-Aldrich","P4543","2-propylpentanoic acid","NULL","NULL","DB00313",1
"944",4326,0.0969536673002361,0.10674,0.248255813953488,"preeclampsia_vs_PretermControls","cmap","prochlorperazine",1e-05,6,"MCF7","HT_HG-U133A","DMSO","Sigma-Aldrich","P9178","prochlorperazine dimaleate salt","C0770888","NULL","DB00433",1
"945",4328,0,1,1,"preeclampsia_vs_PretermControls","cmap","chlorpromazine",1e-06,6,"MCF7","HT_HG-U133A","DMSO","Sigma-Aldrich","C0982","chlorpromazine hydrochloride","C0008286","NULL","DB00477",1
"946",4331,0,1,1,"preeclampsia_vs_PretermControls","cmap","vorinostat",1e-05,6,"MCF7","HT_HG-U133A","DMSO","BioVision","1604-1","SAHA","MMS_422","NULL","DB02546",1
"947",4332,0,1,1,"preeclampsia_vs_PretermControls","cmap","sirolimus",1e-07,6,"MCF7","HT_HG-U133A","DMSO","Sigma-Aldrich","R0395","Rapamycin","C0072980","NULL","DB00877",1
"948",4333,0,1,1,"preeclampsia_vs_PretermControls","cmap","valproic acid",5e-05,6,"MCF7","HT_HG-U133A","DMSO","Sigma-Aldrich","P4543","2-propylpentanoic acid","NULL","NULL","DB00313",1
"949",4335,0,1,1,"preeclampsia_vs_PretermControls","cmap","trifluoperazine",1e-05,6,"MCF7","HT_HG-U133A","DMSO","Sigma-Aldrich","T6062","trifluoperazine dihydrochloride","C0304381","NULL","DB00831",1
"950",4339,-0.127698755481634,0.00907,0.0372071284465366,"preeclampsia_vs_PretermControls","cmap","geldanamycin",1e-06,6,"MCF7","HT_HG-U133A","DMSO","MP Biomedicals","195994","geldanamycin","EXPT01571","NULL","DB02424",1
"951",4340,-0.0872432147965772,0.18832,0.391881309686221,"preeclampsia_vs_PretermControls","cmap","clozapine",1e-05,6,"MCF7","HT_HG-U133A","DMSO","Sigma-Aldrich","C-6305","clozapine","C0009079","NULL","DB00363",1
"952",4341,0.100672741050294,0.08285,0.202583567134269,"preeclampsia_vs_PretermControls","cmap","thioridazine",1e-05,6,"MCF7","HT_HG-U133A","DMSO","Sigma-Aldrich","T9025","thioridazine hydrochloride","C0039943","NULL","DB00679",1
"953",4344,0,1,1,"preeclampsia_vs_PretermControls","cmap","rosiglitazone",1e-05,6,"MCF7","HT_HG-U133A","DMSO","LKT Laboratories","R5772","rosiglitazone","C0289313","NULL","DB00412",1
"954",4346,-0.115323908616312,0.02716,0.0853120494335736,"preeclampsia_vs_PretermControls","cmap","genistein",1e-05,6,"MCF7","HT_HG-U133A","DMSO","Calbiochem","345834","genistein","NULL","NULL","DB01645",1
"955",4348,0.0777803693514044,0.29114,0.566673261008296,"preeclampsia_vs_PretermControls","cmap","fluphenazine",1e-05,6,"MCF7","HT_HG-U133A","DMSO","Sigma-Aldrich","F8548","fluphenazine dihydrochloride","C0700567","NULL","DB00623",1
"956",4349,0.100614534141043,0.08314,0.202942777110844,"preeclampsia_vs_PretermControls","cmap","fulvestrant",1e-08,6,"MCF7","HT_HG-U133A","DMSO","Tocris","1047","ICI 182,780","C0935916","NULL","DB00947",1
"957",4351,0,1,1,"preeclampsia_vs_PretermControls","cmap","valproic acid",5e-04,6,"MCF7","HT_HG-U133A","DMSO","Sigma-Aldrich","P4543","2-propylpentanoic acid","NULL","NULL","DB00313",1
"958",4352,0,1,1,"preeclampsia_vs_PretermControls","cmap","estradiol",1e-08,6,"MCF7","HT_HG-U133A","DMSO","Sigma-Aldrich","E1024","estradiol, USP","C1330622","NULL","DB00783",1
"959",4353,0,1,1,"preeclampsia_vs_PretermControls","cmap","sirolimus",1e-07,6,"MCF7","HT_HG-U133A","DMSO","Sigma-Aldrich","R0395","Rapamycin","C0072980","NULL","DB00877",1
"960",4356,0,1,1,"preeclampsia_vs_PretermControls","cmap","alfuzosin",9.4e-06,6,"MCF7","HT_HG-U133A","DMSO","Prestwick Chemical","322","Alfuzosin hydrochloride [81403-68-1]","C0051150","81403-68-1","DB00346",1
"961",4357,-0.0958831321179268,0.11413,0.260941904047976,"preeclampsia_vs_PretermControls","cmap","naloxone",1.1e-05,6,"MCF7","HT_HG-U133A","DMSO","Prestwick Chemical","111","Naloxone hydrochloride [357-08-4]","C0700549","357-08-4","DB01183",1
"962",4364,0,1,1,"preeclampsia_vs_PretermControls","cmap","phenoxybenzamine",1.18e-05,6,"MCF7","HT_HG-U133A","DMSO","Prestwick Chemical","944","Phenoxybenzamine hydrochloride [63-92-3]","C0242430","63-92-3","DB00925",1
"963",4366,0,1,1,"preeclampsia_vs_PretermControls","cmap","cefalexin",1.1e-05,6,"MCF7","HT_HG-U133A","DMSO","Prestwick Chemical","358","Cephalexin monohydrate [23325-78-2]","NULL","23325-78-2","DB00567",1
"964",4367,0,1,1,"preeclampsia_vs_PretermControls","cmap","enoxacin",1.24e-05,6,"MCF7","HT_HG-U133A","DMSO","Prestwick Chemical","353","Enoxacin [74011-58-8]","C0014310","74011-58-8","DB00467",1
"965",4368,0.102363763541179,0.07399,0.185583470394737,"preeclampsia_vs_PretermControls","cmap","dipyridamole",8e-06,6,"MCF7","HT_HG-U133A","DMSO","Prestwick Chemical","142","Dipyridamole [58-32-2]","C0012582","58-32-2","DB00975",1
"966",4369,0.119751732214436,0.01844,0.0636221719457014,"preeclampsia_vs_PretermControls","cmap","amiodarone",5.8e-06,6,"MCF7","HT_HG-U133A","DMSO","Prestwick Chemical","409","Amiodarone hydrochloride [19774-82-4]","C0700442","19774-82-4","DB01118",1
"967",4372,0,1,1,"preeclampsia_vs_PretermControls","cmap","guanfacine",1.42e-05,6,"MCF7","HT_HG-U133A","DMSO","Prestwick Chemical","339","Guanfacine hydrochloride [29110-48-3]","C0700472","29110-48-3","DB01018",1
"968",4373,0.1112535648627,0.03745,0.109671147383581,"preeclampsia_vs_PretermControls","cmap","sulfafurazole",1.5e-05,6,"MCF7","HT_HG-U133A","DMSO","Prestwick Chemical","334","Sulfisoxazole [127-69-5]","NULL","127-69-5","DB00263",1
"969",4374,0,1,1,"preeclampsia_vs_PretermControls","cmap","clioquinol",1.3e-05,6,"MCF7","HT_HG-U133A","DMSO","Prestwick Chemical","886","Clioquinol [130-26-7]","C0021978","130-26-7","DB04815",1
"970",4378,0.0766473217701127,0.30417,0.587927122940431,"preeclampsia_vs_PretermControls","cmap","azathioprine",1.44e-05,6,"MCF7","HT_HG-U133A","DMSO","Prestwick Chemical","94","Azathioprine [446-86-6]","C0887732","446-86-6","DB00993",1
"971",4381,0.0772246299845566,0.29762,0.577810948440484,"preeclampsia_vs_PretermControls","cmap","clozapine",1.22e-05,6,"MCF7","HT_HG-U133A","DMSO","Prestwick Chemical","350","Clozapine [5786-21-0]","C0009079","5786-21-0","DB00363",1
"972",4383,0.216417594085714,0,0,"preeclampsia_vs_PretermControls","cmap","loperamide",7.8e-06,6,"MCF7","HT_HG-U133A","DMSO","Prestwick Chemical","144","Loperamide hydrochloride [34552-83-5]","C0023992","34552-83-5","DB00836",1
"973",4387,0.093572450297261,0.13138,0.291849235251275,"preeclampsia_vs_PretermControls","cmap","testosterone",1.16e-05,6,"MCF7","HT_HG-U133A","DMSO","Prestwick Chemical","401","Testosterone propionate [57-85-2]","C0076195","57-85-2","DB00624",1
"974",4393,0.194552619873942,1e-05,0.000204697986577181,"preeclampsia_vs_PretermControls","cmap","clofazimine",8.4e-06,6,"MCF7","HT_HG-U133A","DMSO","Prestwick Chemical","376","Clofazimine [2030-63-9]","C0008996","2030-63-9","DB00845",1
"975",4395,0.122011162147724,0.01544,0.0561345238095238,"preeclampsia_vs_PretermControls","cmap","biperiden",1.14e-05,6,"MCF7","HT_HG-U133A","DMSO","Prestwick Chemical","502","Biperiden hydrochloride [1235-82-1]","C0304411","1235-82-1","DB00810",1
"976",4397,0.0963396796251972,0.11088,0.255522478277295,"preeclampsia_vs_PretermControls","cmap","procainamide",1.48e-05,6,"MCF7","HT_HG-U133A","DMSO","Prestwick Chemical","337","Procainamide hydrochloride [614-39-1]","C0033216","614-39-1","DB01035",1
"977",4401,0,1,1,"preeclampsia_vs_PretermControls","cmap","metyrapone",1.76e-05,6,"MCF7","HT_HG-U133A","DMSO","Prestwick Chemical","904","Metyrapone [54-36-4]","C0025876","54-36-4","DB01011",1
"978",4403,0,1,1,"preeclampsia_vs_PretermControls","cmap","betaxolol",1.16e-05,6,"MCF7","HT_HG-U133A","DMSO","Prestwick Chemical","382","Betaxolol hydrochloride [63659-19-8]","C0543470","63659-19-8","DB00195",1
"979",4405,-0.176210074448541,4e-05,0.000512605042016807,"preeclampsia_vs_PretermControls","cmap","doxorubicin",6.8e-06,6,"MCF7","HT_HG-U133A","DMSO","Prestwick Chemical","438","Doxorubicin hydrochloride [25316-40-9]","C1445757","25316-40-9","DB00997",1
"980",4406,0,1,1,"preeclampsia_vs_PretermControls","cmap","tyloxapol",4e-06,6,"MCF7","HT_HG-U133A","DMSO","Prestwick Chemical","954","Tyloxapol [25301-02-4]","C0077539","25301-02-4","DB06439",1
"981",4408,0.119577277082441,0.01879,0.0644651293588302,"preeclampsia_vs_PretermControls","cmap","bepridil",1e-05,6,"MCF7","HT_HG-U133A","DMSO","Prestwick Chemical","368","Bepridil hydrochloride [74764-40-2]","C0005116","74764-40-2","DB01244",1
"982",4409,0,1,1,"preeclampsia_vs_PretermControls","cmap","colchicine",1e-05,6,"MCF7","HT_HG-U133A","DMSO","Prestwick Chemical","363","Colchicine [64-86-8]","C0009262","64-86-8","DB01394",1
"983",4411,0.130567950398109,0.00679,0.0299270231213873,"preeclampsia_vs_PretermControls","cmap","bisacodyl",1.1e-05,6,"MCF7","HT_HG-U133A","DMSO","Prestwick Chemical","419","Bisacodyl [603-50-9]","C0005632","603-50-9","DB09020",1
"984",4414,0,1,1,"preeclampsia_vs_PretermControls","cmap","ritodrine",1.24e-05,6,"MCF7","HT_HG-U133A","DMSO","Prestwick Chemical","349","Ritodrine hydrochloride [23239-51-2]","C0035661","23239-51-2","DB00867",1
"985",4423,0,1,1,"preeclampsia_vs_PretermControls","cmap","crotamiton",1.96e-05,6,"MCF7","HT_HG-U133A","DMSO","Prestwick Chemical","951","Crotamiton [483-63-6]","C0056519","483-63-6","DB00265",1
"986",4436,0,1,1,"preeclampsia_vs_PretermControls","cmap","vanoxerine",7.6e-06,6,"MCF7","HT_HG-U133A","DMSO","Prestwick Chemical","386","GBR 12909 dihydrochloride [67469-78-7]","EXPT03312","67469-78-7","DB03701",1
"987",4437,0.0984904373417112,0.09655,0.229165369649805,"preeclampsia_vs_PretermControls","cmap","guanabenz",1.38e-05,6,"MCF7","HT_HG-U133A","DMSO","Prestwick Chemical","96","Guanabenz acetate [23256-50-0]","C0733381","23256-50-0","DB00629",1
"988",4438,0,1,1,"preeclampsia_vs_PretermControls","cmap","iohexol",4.8e-06,6,"MCF7","HT_HG-U133A","DMSO","Prestwick Chemical","512","Iohexol [66108-95-0]","C0022005","66108-95-0","DB01362",1
"989",4440,0.142076979838054,0.00206,0.0121645692158761,"preeclampsia_vs_PretermControls","cmap","mefloquine",9.6e-06,6,"PC3","HT_HG-U133A","DMSO","Prestwick Chemical","126","Mefloquine hydrochloride [51773-92-3]","C0282398","51773-92-3","DB00358",1
"990",4452,0,1,1,"preeclampsia_vs_PretermControls","cmap","trioxysalen",1.76e-05,6,"PC3","HT_HG-U133A","DMSO","Prestwick Chemical","709","Trioxsalen [3902-71-4]","NULL","3902-71-4","DB04571",1
"991",4483,0,1,1,"preeclampsia_vs_PretermControls","cmap","tretinoin",1.34e-05,6,"PC3","HT_HG-U133A","DMSO","Prestwick Chemical","257","Retinoic acid [302-79-4]","C0040845","302-79-4","DB00755",1
"992",4486,0,1,1,"preeclampsia_vs_PretermControls","cmap","saquinavir",5.2e-06,6,"PC3","HT_HG-U133A","DMSO","Prestwick Chemical","1114","Saquinavir mesylate [149845-06-7]","C0286737","149845-06-7","DB01232",1
"993",4487,0.12651354523629,0.01001,0.0401717105263158,"preeclampsia_vs_PretermControls","cmap","fluorometholone",1.06e-05,6,"PC3","HT_HG-U133A","DMSO","Prestwick Chemical","718","Fluorometholone [426-13-1]","C0016351","426-13-1","DB00324",1
"994",4488,0,1,1,"preeclampsia_vs_PretermControls","cmap","oxytetracycline",8e-06,6,"PC3","HT_HG-U133A","DMSO","Prestwick Chemical","307","Oxytetracycline dihydrate [6153-64-6]","C0030092","6153-64-6","DB00595",1
"995",4492,0,1,1,"preeclampsia_vs_PretermControls","cmap","hexestrol",1.48e-05,6,"PC3","HT_HG-U133A","DMSO","Prestwick Chemical","699","Hexestrol [84-16-2]","NULL","84-16-2","DB07931",1
"996",4503,0,1,1,"preeclampsia_vs_PretermControls","cmap","cefuroxime",9e-06,6,"PC3","HT_HG-U133A","DMSO","Prestwick Chemical","720","Cefuroxime sodium salt [56238-63-2]","C0007562","56238-63-2","DB01112",1
"997",4504,0,1,1,"preeclampsia_vs_PretermControls","cmap","azlocillin",8.2e-06,6,"PC3","HT_HG-U133A","DMSO","Prestwick Chemical","821","Azlocillin sodium salt [37091-65-9]","C0701436","37091-65-9","DB01061",1
"998",4525,0,1,1,"preeclampsia_vs_PretermControls","cmap","natamycin",6e-06,6,"PC3","HT_HG-U133A","DMSO","Prestwick Chemical","1104","Natamycin [7681-93-8]","C0027444","7681-93-8","DB00826",1
"999",4546,-0.120735826410603,0.01703,0.0600827067669173,"preeclampsia_vs_PretermControls","cmap","cefotaxime",8.4e-06,6,"PC3","HT_HG-U133A","DMSO","Prestwick Chemical","139","Cefotaxime sodium salt [64485-93-4]","EXPT00885","64485-93-4","DB00493",1
"1000",4552,0,1,1,"preeclampsia_vs_PretermControls","cmap","streptozocin",1.5e-05,6,"PC3","HT_HG-U133A","DMSO","Prestwick Chemical","732","Streptozotocin [18883-66-4]","C0038432","18883-66-4","DB00428",1
"1001",4556,-0.109528139852905,0.04286,0.121659376454165,"preeclampsia_vs_PretermControls","cmap","isoniazid",2.92e-05,6,"PC3","HT_HG-U133A","DMSO","Prestwick Chemical","161","Isoniazid [54-85-3]","C0022209","54-85-3","DB00951",1
"1002",4557,0,1,1,"preeclampsia_vs_PretermControls","cmap","podophyllotoxin",9.6e-06,6,"PC3","HT_HG-U133A","DMSO","Prestwick Chemical","782","Podophyllotoxin [518-28-5]","NULL","518-28-5","DB01179",1
"1003",4558,0,1,1,"preeclampsia_vs_PretermControls","cmap","ketotifen",9.4e-06,6,"PC3","HT_HG-U133A","DMSO","Prestwick Chemical","371","Ketotifen fumarate [34580-14-8]","C0022642","34580-14-8","DB00920",1
"1004",4560,0,1,1,"preeclampsia_vs_PretermControls","cmap","folic acid",9e-06,6,"PC3","HT_HG-U133A","DMSO","Prestwick Chemical","627","Folic acid [59-30-3]","C0016410","59-30-3","DB00158",1
"1005",4561,0.112575846997467,0.03368,0.100444281524927,"preeclampsia_vs_PretermControls","cmap","glibenclamide",8e-06,6,"PC3","HT_HG-U133A","DMSO","Prestwick Chemical","316","Glibenclamide [10238-21-8]","NULL","10238-21-8","DB01016",1
"1006",4562,0,1,1,"preeclampsia_vs_PretermControls","cmap","vidarabine",1.5e-05,6,"PC3","HT_HG-U133A","DMSO","Prestwick Chemical","768","Vidarabine [5536-17-4]","C0042646","5536-17-4","DB00194",1
"1007",4566,0.146619644094971,0.00125,0.00816381156316916,"preeclampsia_vs_PretermControls","cmap","corbadrine",2.18e-05,6,"PC3","HT_HG-U133A","DMSO","Prestwick Chemical","739","Levonordefrin [829-74-3]","NULL","829-74-3","DB06707",1
"1008",4568,0.104451139480977,0.0632,0.164400852878465,"preeclampsia_vs_PretermControls","cmap","milrinone",1.9e-05,6,"PC3","HT_HG-U133A","DMSO","Prestwick Chemical","1065","Milrinone [78415-72-2]","C0600487","78415-72-2","DB00235",1
"1009",4569,0.113463109073621,0.03126,0.0947743538767396,"preeclampsia_vs_PretermControls","cmap","isoconazole",9.6e-06,6,"PC3","HT_HG-U133A","DMSO","Prestwick Chemical","127","Isoconazole [27523-40-6]","C0700489","27523-40-6","DB08943",1
"1010",4573,0.117292593795922,0.02279,0.074541018766756,"preeclampsia_vs_PretermControls","cmap","diclofenac",1.26e-05,6,"PC3","HT_HG-U133A","DMSO","Prestwick Chemical","594","Diclofenac sodium [15307-79-6]","C0700583","15307-79-6","DB00586",1
"1011",4574,0.108357667630103,0.04728,0.131213830755232,"preeclampsia_vs_PretermControls","cmap","repaglinide",8.8e-06,6,"PC3","HT_HG-U133A","DMSO","Prestwick Chemical","1046","Repaglinide [135062-02-1]","C0246689","135062-02-1","DB00912",1
"1012",4577,0.0978752490974202,0.10055,0.236725202624469,"preeclampsia_vs_PretermControls","cmap","atropine",5.8e-06,6,"PC3","HT_HG-U133A","DMSO","Prestwick Chemical","565","Atropine sulfate monohydrate [5908-99-6]","C0004259","5908-99-6","DB00572",1
"1013",4578,0,1,1,"preeclampsia_vs_PretermControls","cmap","estriol",1.38e-05,6,"PC3","HT_HG-U133A","DMSO","Prestwick Chemical","1096","Estriol [50-27-1]","C0059648","50-27-1","DB04573",1
"1014",4583,0,1,1,"preeclampsia_vs_PretermControls","cmap","oxprenolol",1.32e-05,6,"PC3","HT_HG-U133A","DMSO","Prestwick Chemical","1057","Oxprenolol hydrochloride [6452-73-9]","C0030040","6452-73-9","DB01580",1
"1015",4592,0.128691791848781,0.00832,0.035122491349481,"preeclampsia_vs_PretermControls","cmap","fluphenazine",7.8e-06,6,"PC3","HT_HG-U133A","DMSO","Prestwick Chemical","320","Fluphenazine dihydrochloride [146-56-5]","C0700567","146-56-5","DB00623",1
"1016",4615,0.163893889880807,0.00017,0.00166720257234727,"preeclampsia_vs_PretermControls","cmap","thioridazine",1e-05,6,"PC3","HT_HG-U133A","DMSO","Sigma-Aldrich","T9025","thioridazine hydrochloride","C0039943","NULL","DB00679",1
"1017",4619,0,1,1,"preeclampsia_vs_PretermControls","cmap","fulvestrant",1e-06,6,"MCF7","HT_HG-U133A","DMSO","Tocris","1047","ICI182,780","C0935916","NULL","DB00947",1
"1018",4620,0.125151354523629,0.0115,0.0449679487179487,"preeclampsia_vs_PretermControls","cmap","sirolimus",1e-07,6,"MCF7","HT_HG-U133A","DMSO","Sigma-Aldrich","R0395","rapamycin, Streptomyces hygroscepicus","C0072980","NULL","DB00877",1
"1019",4622,0,1,1,"preeclampsia_vs_PretermControls","cmap","pioglitazone",1e-05,6,"PC3","HT_HG-U133A","DMSO","LKT Laboratories","P6594","pioglitazone HCl","C0872972","NULL","DB01132",1
"1020",4624,0.156429536851846,0.00041,0.00338430311231394,"preeclampsia_vs_PretermControls","cmap","sirolimus",1e-07,6,"PC3","HT_HG-U133A","DMSO","Sigma-Aldrich","R0395","rapamycin, Streptomyces hygroscepicus","C0072980","NULL","DB00877",1
"1021",4649,0.113576086780126,0.03106,0.0944496510468594,"preeclampsia_vs_PretermControls","cmap","fulvestrant",1e-06,6,"MCF7","HT_HG-U133A","DMSO","Tocris","1047","ICI182,780","C0935916","NULL","DB00947",1
"1022",4655,-0.0958202885274264,0.11453,0.261660299625468,"preeclampsia_vs_PretermControls","cmap","pioglitazone",1e-05,6,"MCF7","HT_HG-U133A","DMSO","LKT Laboratories","P6594","pioglitazone HCl","C0872972","NULL","DB01132",1
"1023",4657,0,1,1,"preeclampsia_vs_PretermControls","cmap","sirolimus",1e-07,6,"MCF7","HT_HG-U133A","DMSO","Sigma-Aldrich","R0395","rapamycin, Streptomyces hygroscepicus","C0072980","NULL","DB00877",1
"1024",4659,-0.1315034008401,0.00615,0.0277477810650888,"preeclampsia_vs_PretermControls","cmap","pioglitazone",1e-05,6,"PC3","HT_HG-U133A","DMSO","LKT Laboratories","P6594","pioglitazone HCl","C0872972","NULL","DB01132",1
"1025",4661,0,1,1,"preeclampsia_vs_PretermControls","cmap","sirolimus",1e-07,6,"PC3","HT_HG-U133A","DMSO","Sigma-Aldrich","R0395","rapamycin, Streptomyces hygroscepicus","C0072980","NULL","DB00877",1
"1026",4670,0.0792557861642094,0.27407,0.537682636655949,"preeclampsia_vs_PretermControls","cmap","thalidomide",1.54e-05,6,"MCF7","HT_HG-U133A","DMSO","Prestwick Chemical","192","Thalidomide [50-35-1]","C0039736","50-35-1","DB01041",1
"1027",4677,0,1,1,"preeclampsia_vs_PretermControls","cmap","imipenem",1.34e-05,6,"MCF7","HT_HG-U133A","DMSO","Prestwick Chemical","519","Imipenem [74431-23-5]","MMS_109","74431-23-5","DB01598",1
"1028",4683,0.173819244280571,4e-05,0.000512605042016807,"preeclampsia_vs_PretermControls","cmap","nortriptyline",1.34e-05,6,"MCF7","HT_HG-U133A","DMSO","Prestwick Chemical","254","Nortriptyline hydrochloride [894-71-3]","C0028420","894-71-3","DB00540",1
"1029",4686,0.125296126615842,0.01136,0.0445920205920206,"preeclampsia_vs_PretermControls","cmap","nifedipine",1.16e-05,6,"MCF7","HT_HG-U133A","DMSO","Prestwick Chemical","63","Nifedipine [21829-25-4]","C0028066","21829-25-4","DB01115",1
"1030",4689,0,1,1,"preeclampsia_vs_PretermControls","cmap","lansoprazole",1.08e-05,6,"MCF7","HT_HG-U133A","DMSO","Prestwick Chemical","1072","Lansoprazole [103577-45-3]","MMS_95","103577-45-3","DB00448",1
"1031",4698,-0.111985415319131,0.03552,0.104976744186047,"preeclampsia_vs_PretermControls","cmap","ribavirin",1.64e-05,6,"MCF7","HT_HG-U133A","DMSO","Prestwick Chemical","993","Ribavirin [36791-04-5]","C0035525","36791-04-5","DB00811",1
"1032",4700,0,1,1,"preeclampsia_vs_PretermControls","cmap","diphenhydramine",1.38e-05,6,"MCF7","HT_HG-U133A","DMSO","Prestwick Chemical","65","Diphenhydramine hydrochloride [147-24-0]","C1178484","147-24-0","DB01075",1
"1033",4701,0,1,1,"preeclampsia_vs_PretermControls","cmap","pentoxifylline",1.44e-05,6,"MCF7","HT_HG-U133A","DMSO","Prestwick Chemical","196","Pentoxifylline [6493-05-6]","C0030899","6493-05-6","DB00806",1
"1034",4703,0,1,1,"preeclampsia_vs_PretermControls","cmap","flunisolide",9.2e-06,6,"MCF7","HT_HG-U133A","DMSO","Prestwick Chemical","643","Flunisolide [3385-03-3]","C0060501","3385-03-3","DB00180",1
"1035",4708,-0.101193995100353,0.08,0.196694881096332,"preeclampsia_vs_PretermControls","cmap","promazine",1.24e-05,6,"MCF7","HT_HG-U133A","DMSO","Prestwick Chemical","693","Promazine hydrochloride [53-60-1]","C0546875","53-60-1","DB00420",1
"1036",4716,0,1,1,"preeclampsia_vs_PretermControls","cmap","sulfamerazine",1.52e-05,6,"MCF7","HT_HG-U133A","DMSO","Prestwick Chemical","694","Sulfamerazine [127-79-7]","C0038684","127-79-7","DB01581",1
"1037",4732,0,1,1,"preeclampsia_vs_PretermControls","cmap","ethotoin",1.96e-05,6,"MCF7","HT_HG-U133A","DMSO","Prestwick Chemical","696","Ethotoin [86-35-1]","C0015046","86-35-1","DB00754",1
"1038",4734,0,1,1,"preeclampsia_vs_PretermControls","cmap","pramocaine",1.22e-05,6,"MCF7","HT_HG-U133A","DMSO","Prestwick Chemical","716","Pramoxine hydrochloride [637-58-1]","NULL","637-58-1","DB09345",1
"1039",4742,-0.133882597906009,0.00485,0.0230170807453416,"preeclampsia_vs_PretermControls","cmap","finasteride",1.08e-05,6,"MCF7","HT_HG-U133A","DMSO","Prestwick Chemical","717","Finasteride [98319-26-7]","C0060389","98319-26-7","DB01216",1
"1040",4749,0,1,1,"preeclampsia_vs_PretermControls","cmap","tetryzoline",1.68e-05,6,"MCF7","HT_HG-U133A","DMSO","Prestwick Chemical","698","Tetrahydrozoline hydrochloride [522-48-5]","NULL","522-48-5","DB06764",1
"1041",4757,0.106955775334247,0.0527,0.143193763919822,"preeclampsia_vs_PretermControls","cmap","hexestrol",1.48e-05,6,"MCF7","HT_HG-U133A","DMSO","Prestwick Chemical","699","Hexestrol [84-16-2]","NULL","84-16-2","DB07931",1
"1042",4758,0,1,1,"preeclampsia_vs_PretermControls","cmap","trioxysalen",1.76e-05,6,"MCF7","HT_HG-U133A","DMSO","Prestwick Chemical","709","Trioxsalen [3902-71-4]","NULL","3902-71-4","DB04571",1
"1043",4759,0,1,1,"preeclampsia_vs_PretermControls","cmap","cefalotin",9.6e-06,6,"MCF7","HT_HG-U133A","DMSO","Prestwick Chemical","719","Cephalothin sodium salt [58-71-9]","NULL","58-71-9","DB00456",1
"1044",4768,0,1,1,"preeclampsia_vs_PretermControls","cmap","cefuroxime",9e-06,6,"MCF7","HT_HG-U133A","DMSO","Prestwick Chemical","720","Cefuroxime sodium salt [56238-63-2]","C0007562","56238-63-2","DB01112",1
"1045",4783,0,1,1,"preeclampsia_vs_PretermControls","cmap","podophyllotoxin",9.6e-06,6,"MCF7","HT_HG-U133A","DMSO","Prestwick Chemical","782","Podophyllotoxin [518-28-5]","NULL","518-28-5","DB01179",1
"1046",4786,0,1,1,"preeclampsia_vs_PretermControls","cmap","metoprolol",5.8e-06,6,"MCF7","HT_HG-U133A","DMSO","Prestwick Chemical","733","Metoprolol-(+,-) (+)-tartrate salt [56392-17-7]","C0025859","56392-17-7","DB00264",1
"1047",4790,0.196378023323169,0,0,"preeclampsia_vs_PretermControls","cmap","natamycin",6e-06,6,"HL60","HT_HG-U133A","DMSO","Prestwick Chemical","1104","Natamycin [7681-93-8]","C0027444","7681-93-8","DB00826",1
"1048",4797,0,1,1,"preeclampsia_vs_PretermControls","cmap","verteporfin",2.8e-06,6,"HL60","HT_HG-U133A","DMSO","Prestwick Chemical","1105","Verteporfin [129497-78-5]","C0387288","129497-78-5","DB00460",1
"1049",4799,0.22062356076586,0,0,"preeclampsia_vs_PretermControls","cmap","repaglinide",8.8e-06,6,"HL60","HT_HG-U133A","DMSO","Prestwick Chemical","1046","Repaglinide [135062-02-1]","C0246689","135062-02-1","DB00912",1
"1050",4800,0,1,1,"preeclampsia_vs_PretermControls","cmap","trifluridine",1.36e-05,6,"HL60","HT_HG-U133A","DMSO","Prestwick Chemical","1056","Trifluridine [70-00-8]","C0040987","70-00-8","DB00432",1
"1051",4803,0.170957997960523,7e-05,0.000807183364839319,"preeclampsia_vs_PretermControls","cmap","cycloserine",3.92e-05,6,"HL60","HT_HG-U133A","DMSO","Prestwick Chemical","1086","D-cycloserine [68-41-7]","C0010590","68-41-7","DB00260",1
"1052",4804,0,1,1,"preeclampsia_vs_PretermControls","cmap","estriol",1.38e-05,6,"HL60","HT_HG-U133A","DMSO","Prestwick Chemical","1096","Estriol [50-27-1]","C0059648","50-27-1","DB04573",1
"1053",4809,0.156406063653023,0.00041,0.00338430311231394,"preeclampsia_vs_PretermControls","cmap","oxprenolol",1.32e-05,6,"HL60","HT_HG-U133A","DMSO","Prestwick Chemical","1057","Oxprenolol hydrochloride [6452-73-9]","C0030040","6452-73-9","DB01580",1
"1054",4819,0.173420531092094,4e-05,0.000512605042016807,"preeclampsia_vs_PretermControls","cmap","benzylpenicillin",1.12e-05,6,"HL60","HT_HG-U133A","DMSO","Prestwick Chemical","1078","Benzylpenicillin sodium [69-57-8]","NULL","69-57-8","DB01053",1
"1055",4826,0.209346820776704,0,0,"preeclampsia_vs_PretermControls","cmap","mesalazine",2.62e-05,6,"HL60","HT_HG-U133A","DMSO","Prestwick Chemical","1069","Mesalamine [89-57-6]","NULL","89-57-6","DB00244",1
"1056",4827,0.14864094732697,0.00104,0.00702547065337763,"preeclampsia_vs_PretermControls","cmap","haloperidol",1e-05,6,"HL60","HT_HG-U133A","DMSO","Sigma-Aldrich","H1512","haloperidol","C0720809","NULL","DB00502",1
"1057",4828,0.23336863834913,0,0,"preeclampsia_vs_PretermControls","cmap","acetylsalicylic acid",1e-04,6,"HL60","HT_HG-U133A","DMSO","Sigma-Aldrich","A2093","aspirin, USP","EXPT00475","NULL","DB00945",1
"1058",4829,0.167511329233845,9e-05,0.000968253968253968,"preeclampsia_vs_PretermControls","cmap","fulvestrant",1e-06,6,"HL60","HT_HG-U133A","DMSO","Tocris","1047","ICI 182,780","C0935916","NULL","DB00947",1
"1059",4831,-0.151913409315291,7e-04,0.00517575757575757,"preeclampsia_vs_PretermControls","cmap","sirolimus",1e-07,6,"HL60","HT_HG-U133A","DMSO","Sigma-Aldrich","R0395","Rapamycin","C0072980","NULL","DB00877",1
"1060",4832,0.166139492568228,0.00012,0.00124914675767918,"preeclampsia_vs_PretermControls","cmap","valproic acid",0.001,6,"HL60","HT_HG-U133A","DMSO","Sigma-Aldrich","P4543","2-propylpentanoic acid","NULL","NULL","DB00313",1
"1061",4834,0,1,1,"preeclampsia_vs_PretermControls","cmap","tretinoin",1e-06,6,"HL60","HT_HG-U133A","DMSO","Sigma-Aldrich","R2625","retinoic acid","C0040845","NULL","DB00755",1
"1062",4837,0.212494671956458,0,0,"preeclampsia_vs_PretermControls","cmap","valproic acid",2e-04,6,"HL60","HT_HG-U133A","DMSO","Sigma-Aldrich","P4543","2-propylpentanoic acid","NULL","NULL","DB00313",1
"1063",4838,0.20089920153037,0,0,"preeclampsia_vs_PretermControls","cmap","prochlorperazine",1e-05,6,"HL60","HT_HG-U133A","DMSO","Sigma-Aldrich","P9178","prochlorperazine dimaleate salt","C0770888","NULL","DB00433",1
"1064",4840,0,1,1,"preeclampsia_vs_PretermControls","cmap","chlorpromazine",1e-06,6,"HL60","HT_HG-U133A","DMSO","Sigma-Aldrich","C0982","chlorpromazine hydrochloride","C0008286","NULL","DB00477",1
"1065",4843,0.185049783052996,2e-05,0.000301980198019802,"preeclampsia_vs_PretermControls","cmap","vorinostat",1e-05,6,"HL60","HT_HG-U133A","DMSO","BioVision","1604-1","SAHA","MMS_422","NULL","DB02546",1
"1066",4844,0.124532067784306,0.01221,0.046991167192429,"preeclampsia_vs_PretermControls","cmap","sirolimus",1e-07,6,"HL60","HT_HG-U133A","DMSO","Sigma-Aldrich","R0395","Rapamycin","C0072980","NULL","DB00877",1
"1067",4845,0.144924357513295,0.00146,0.00917198764160659,"preeclampsia_vs_PretermControls","cmap","valproic acid",5e-05,6,"HL60","HT_HG-U133A","DMSO","Sigma-Aldrich","P4543","2-propylpentanoic acid","NULL","NULL","DB00313",1
"1068",4847,0.192116250872276,1e-05,0.000204697986577181,"preeclampsia_vs_PretermControls","cmap","trifluoperazine",1e-05,6,"HL60","HT_HG-U133A","DMSO","Sigma-Aldrich","T6062","trifluoperazine dihydrochloride","C0304381","NULL","DB00831",1
"1069",4851,0,1,1,"preeclampsia_vs_PretermControls","cmap","geldanamycin",1e-06,6,"HL60","HT_HG-U133A","DMSO","MP Biomedicals","195994","geldanamycin","EXPT01571","NULL","DB02424",1
"1070",4852,0.149657829483398,0.00091,0.00626523702031603,"preeclampsia_vs_PretermControls","cmap","clozapine",1e-05,6,"HL60","HT_HG-U133A","DMSO","Sigma-Aldrich","C-6305","clozapine","C0009079","NULL","DB00363",1
"1071",4853,0.171158120435146,7e-05,0.000807183364839319,"preeclampsia_vs_PretermControls","cmap","thioridazine",1e-05,6,"HL60","HT_HG-U133A","DMSO","Sigma-Aldrich","T9025","thioridazine hydrochloride","C0039943","NULL","DB00679",1
"1072",4856,0.213521945246756,0,0,"preeclampsia_vs_PretermControls","cmap","rosiglitazone",1e-05,6,"HL60","HT_HG-U133A","DMSO","LKT Laboratories","R5772","rosiglitazone","C0289313","NULL","DB00412",1
"1073",4858,0.213495781116851,0,0,"preeclampsia_vs_PretermControls","cmap","genistein",1e-05,6,"HL60","HT_HG-U133A","DMSO","Calbiochem","345834","genistein","NULL","NULL","DB01645",1
"1074",4863,0.153481435556258,6e-04,0.00455790784557908,"preeclampsia_vs_PretermControls","cmap","valproic acid",5e-04,6,"HL60","HT_HG-U133A","DMSO","Sigma-Aldrich","P4543","2-propylpentanoic acid","NULL","NULL","DB00313",1
"1075",4864,-0.200875521336848,0,0,"preeclampsia_vs_PretermControls","cmap","estradiol",1e-08,6,"HL60","HT_HG-U133A","DMSO","Sigma-Aldrich","E1024","estradiol, USP","C1330622","NULL","DB00783",1
"1076",4865,0.152680987056704,0.00065,0.00485906862745098,"preeclampsia_vs_PretermControls","cmap","sirolimus",1e-07,6,"HL60","HT_HG-U133A","DMSO","Sigma-Aldrich","R0395","Rapamycin","C0072980","NULL","DB00877",1
"1077",4867,0.125658077545844,0.01097,0.0433962386511025,"preeclampsia_vs_PretermControls","cmap","haloperidol",1e-05,6,"HL60","HT_HG-U133A","DMSO","Sigma-Aldrich","H1512","haloperidol","C0720809","NULL","DB00502",1
"1078",4869,0.127251025948524,0.00946,0.0384450366422385,"preeclampsia_vs_PretermControls","cmap","mefloquine",9.6e-06,6,"MCF7","HT_HG-U133A","DMSO","Prestwick Chemical","126","Mefloquine hydrochloride [51773-92-3]","C0282398","51773-92-3","DB00358",1
"1079",4871,0.13534356648885,0.00425,0.0210089141004862,"preeclampsia_vs_PretermControls","cmap","clotrimazole",1.16e-05,6,"MCF7","HT_HG-U133A","DMSO","Prestwick Chemical","267","Clotrimazole [23593-75-1]","C0009074","23593-75-1","DB00257",1
"1080",4874,0,1,1,"preeclampsia_vs_PretermControls","cmap","disulfiram",1.34e-05,6,"MCF7","HT_HG-U133A","DMSO","Prestwick Chemical","97","Disulfiram [97-77-8]","C0012772","97-77-8","DB00822",1
"1081",4880,0.115730156411818,0.02628,0.0834469854469854,"preeclampsia_vs_PretermControls","cmap","trioxysalen",1.76e-05,6,"MCF7","HT_HG-U133A","DMSO","Prestwick Chemical","709","Trioxsalen [3902-71-4]","NULL","3902-71-4","DB04571",1
"1082",4904,0,1,1,"preeclampsia_vs_PretermControls","cmap","terbutaline",7.2e-06,6,"MCF7","HT_HG-U133A","DMSO","Prestwick Chemical","391","Terbutaline hemisulfate [23031-32-5]","C0039542","23031-32-5","DB00871",1
"1083",4907,0.116712511852517,0.02407,0.0779750398300584,"preeclampsia_vs_PretermControls","cmap","tretinoin",1.34e-05,6,"MCF7","HT_HG-U133A","DMSO","Prestwick Chemical","257","Retinoic acid [302-79-4]","C0040845","302-79-4","DB00755",1
"1084",4910,0.177088352954775,4e-05,0.000512605042016807,"preeclampsia_vs_PretermControls","cmap","saquinavir",5.2e-06,6,"MCF7","HT_HG-U133A","DMSO","Prestwick Chemical","1114","Saquinavir mesylate [149845-06-7]","C0286737","149845-06-7","DB01232",1
"1085",4916,0.0998751076786422,0.08769,0.211845148514851,"preeclampsia_vs_PretermControls","cmap","hexestrol",1.48e-05,6,"MCF7","HT_HG-U133A","DMSO","Prestwick Chemical","699","Hexestrol [84-16-2]","NULL","84-16-2","DB07931",1
"1086",4926,0.152363539986905,0.00066,0.00492176039119804,"preeclampsia_vs_PretermControls","cmap","azlocillin",8.2e-06,6,"MCF7","HT_HG-U133A","DMSO","Prestwick Chemical","821","Azlocillin sodium salt [37091-65-9]","C0701436","37091-65-9","DB01061",1
"1087",4932,0,1,1,"preeclampsia_vs_PretermControls","cmap","methazolamide",1.7e-05,6,"MCF7","HT_HG-U133A","DMSO","Prestwick Chemical","802","Methazolamide [554-57-4]","C0025631","554-57-4","DB00703",1
"1088",4945,0,1,1,"preeclampsia_vs_PretermControls","cmap","paracetamol",2.64e-05,6,"PC3","HT_HG-U133A","DMSO","Prestwick Chemical","868","Acetaminophen [103-90-2]","NULL","103-90-2","DB00316",1
"1089",4946,0,1,1,"preeclampsia_vs_PretermControls","cmap","amoxicillin",1.1e-05,6,"PC3","HT_HG-U133A","DMSO","Prestwick Chemical","357","Amoxicillin [26787-78-0]","MMS_106","26787-78-0","DB01060",1
"1090",4950,-0.0899297161920526,0.16275,0.348709167544784,"preeclampsia_vs_PretermControls","cmap","ganciclovir",1.56e-05,6,"PC3","HT_HG-U133A","DMSO","Prestwick Chemical","839","Ganciclovir [82410-32-0]","C0017066","82410-32-0","DB01004",1
"1091",4953,0.104549296367061,0.06261,0.163074722459436,"preeclampsia_vs_PretermControls","cmap","metolazone",1.1e-05,6,"PC3","HT_HG-U133A","DMSO","Prestwick Chemical","112","Metolazone [17560-51-9]","C0025854","17560-51-9","DB00524",1
"1092",4955,0,1,1,"preeclampsia_vs_PretermControls","cmap","aminohippuric acid",2.06e-05,6,"PC3","HT_HG-U133A","DMSO","Prestwick Chemical","895","Aminohippuric acid [61-78-9]","MMS_753","61-78-9","DB00345",1
"1093",4956,0.149749403938066,0.00091,0.00626523702031603,"preeclampsia_vs_PretermControls","cmap","aminophylline",9.6e-06,6,"PC3","HT_HG-U133A","DMSO","Prestwick Chemical","820","Aminophylline [317-34-0]","C1271551","317-34-0","DB01223",1
"1094",4961,0.110098244651837,0.04099,0.117665411764706,"preeclampsia_vs_PretermControls","cmap","dextromethorphan",1.08e-05,6,"PC3","HT_HG-U133A","DMSO","Prestwick Chemical","359","Dextromethorphan hydrobromide monohydrate [6700-34-1]","C0872890","6700-34-1","DB00514",1
"1095",4965,0.0911476315997776,0.15173,0.328910092395167,"preeclampsia_vs_PretermControls","cmap","nitrendipine",1.1e-05,6,"PC3","HT_HG-U133A","DMSO","Prestwick Chemical","916","Nitrendipine [39562-70-4]","C0028127","39562-70-4","DB01054",1
"1096",4980,0.127126373741017,0.00956,0.0387739361702128,"preeclampsia_vs_PretermControls","cmap","hexetidine",1.18e-05,6,"PC3","HT_HG-U133A","DMSO","Prestwick Chemical","551","Hexetidine [141-94-6]","C0019468","141-94-6","DB08958",1
"1097",4981,0,1,1,"preeclampsia_vs_PretermControls","cmap","nimodipine",9.6e-06,6,"PC3","HT_HG-U133A","DMSO","Prestwick Chemical","918","Nimodipine [66085-59-4]","C0028094","66085-59-4","DB00393",1
"1098",4984,0,1,1,"preeclampsia_vs_PretermControls","cmap","cefoperazone",5.8e-06,6,"PC3","HT_HG-U133A","DMSO","Prestwick Chemical","327","Cefoperazone dihydrate","MMS_125","NULL","DB01329",1
"1099",4985,0.101925886955724,0.07632,0.189711491442543,"preeclampsia_vs_PretermControls","cmap","ranitidine",1.14e-05,6,"PC3","HT_HG-U133A","DMSO","Prestwick Chemical","201","Ranitidine hydrochloride [66357-59-3]","C0139919","66357-59-3","DB00863",1
"1100",4990,0,1,1,"preeclampsia_vs_PretermControls","cmap","procaine",1.46e-05,6,"PC3","HT_HG-U133A","DMSO","Prestwick Chemical","41","Procaine hydrochloride [51-05-8]","C0033218","51-05-8","DB00721",1
"1101",4991,-0.0774923569277484,0.29455,0.572579668578713,"preeclampsia_vs_PretermControls","cmap","budesonide",9.2e-06,6,"PC3","HT_HG-U133A","DMSO","Prestwick Chemical","518","Budesonide [51333-22-3]","C0054201","51333-22-3","DB01222",1
"1102",4993,0,1,1,"preeclampsia_vs_PretermControls","cmap","proxymetacaine",1.2e-05,6,"PC3","HT_HG-U133A","DMSO","Prestwick Chemical","959","Proparacaine hydrochloride [5875-06-9]","NULL","5875-06-9","DB00807",1
"1103",4995,0.11066669349318,0.03925,0.11374109263658,"preeclampsia_vs_PretermControls","cmap","benzonatate",6.6e-06,6,"PC3","HT_HG-U133A","DMSO","Prestwick Chemical","12","Benzonatate [104-31-4]","C0053229","104-31-4","DB00868",1
"1104",4997,0,1,1,"preeclampsia_vs_PretermControls","cmap","propafenone",1.06e-05,6,"PC3","HT_HG-U133A","DMSO","Prestwick Chemical","499","Propafenone hydrochloride [34183-22-7]","C0033429","34183-22-7","DB01182",1
"1105",4999,0.135403346557811,0.00419,0.0207965825874695,"preeclampsia_vs_PretermControls","cmap","protriptyline",1.34e-05,6,"PC3","HT_HG-U133A","DMSO","Prestwick Chemical","930","Protriptyline hydrochloride [1225-55-4]","C0700557","1225-55-4","DB00344",1
"1106",5000,0,1,1,"preeclampsia_vs_PretermControls","cmap","pyrvinium",3.4e-06,6,"PC3","HT_HG-U133A","DMSO","Prestwick Chemical","1040","Pyrvinium pamoate [3546-41-6]","C0072804","3546-41-6","DB06816",1
"1107",5002,0.12908860068603,0.008,0.0340544312630844,"preeclampsia_vs_PretermControls","cmap","trifluoperazine",8.4e-06,6,"PC3","HT_HG-U133A","DMSO","Prestwick Chemical","313","Trifluoperazine dihydrochloride [440-17-5]","C0304381","440-17-5","DB00831",1
"1108",5003,0.12015085939231,0.01784,0.0620787221905305,"preeclampsia_vs_PretermControls","cmap","remoxipride",9.8e-06,6,"PC3","HT_HG-U133A","DMSO","Prestwick Chemical","971","Remoxipride Hydrochloride [73220-03-8]","C0771022","73220-03-8","DB00409",1
"1109",5009,0,1,1,"preeclampsia_vs_PretermControls","cmap","iopanoic acid",7e-06,6,"PC3","HT_HG-U133A","DMSO","Prestwick Chemical","1052","Iopanoic acid [96-83-3]","C0022028","96-83-3","DB08946",1
"1110",5014,0.109814330723213,0.04185,0.119768292682927,"preeclampsia_vs_PretermControls","cmap","amitriptyline",1.28e-05,6,"PC3","HT_HG-U133A","DMSO","Prestwick Chemical","74","Amitryptiline hydrochloride [549-18-8]","C0002600","549-18-8","DB00321",1
"1111",5019,-0.122990247072184,0.01414,0.0525618525289458,"preeclampsia_vs_PretermControls","cmap","naproxen",1.74e-05,6,"PC3","HT_HG-U133A","DMSO","Prestwick Chemical","45","Naproxen [22204-53-1]","C0546873","22204-53-1","DB00788",1
"1112",5033,0,1,1,"preeclampsia_vs_PretermControls","cmap","orlistat",1e-05,6,"MCF7","HT_HG-U133A","DMSO","Sigma-Aldrich","O4139","Orlistat","C0076275","NULL","DB01083",1
"1113",5036,0,1,1,"preeclampsia_vs_PretermControls","cmap","orlistat",1e-05,6,"PC3","HT_HG-U133A","DMSO","Sigma-Aldrich","O4139","Orlistat","C0076275","NULL","DB01083",1
"1114",5052,0,1,1,"preeclampsia_vs_PretermControls","cmap","orlistat",1e-05,6,"MCF7","HT_HG-U133A","DMSO","Sigma-Aldrich","O4139","Orlistat","C0076275","NULL","DB01083",1
"1115",5078,0,1,1,"preeclampsia_vs_PretermControls","cmap","phenoxybenzamine",1.18e-05,6,"MCF7","HT_HG-U133A","DMSO","Prestwick Chemical","944","Phenoxybenzamine hydrochloride [63-92-3]","C0242430","63-92-3","DB00925",1
"1116",5079,0,1,1,"preeclampsia_vs_PretermControls","cmap","tyloxapol",4e-06,6,"MCF7","HT_HG-U133A","DMSO","Prestwick Chemical","954","Tyloxapol [25301-02-4]","C0077539","25301-02-4","DB06439",1
"1117",5088,0,1,1,"preeclampsia_vs_PretermControls","cmap","clioquinol",1.3e-05,6,"MCF7","HT_HG-U133A","DMSO","Prestwick Chemical","886","Clioquinol [130-26-7]","C0021978","130-26-7","DB04815",1
"1118",5090,0,1,1,"preeclampsia_vs_PretermControls","cmap","fluspirilene",8.4e-06,6,"MCF7","HT_HG-U133A","DMSO","Prestwick Chemical","906","Fluspirilen [1841-19-6]","C0016383","1841-19-6","DB04842",1
"1119",5104,0.0898408326684663,0.16348,0.349904561403509,"preeclampsia_vs_PretermControls","cmap","promethazine",1.24e-05,6,"MCF7","HT_HG-U133A","DMSO","Prestwick Chemical","888","Promethazine hydrochloride [58-33-3]","C0772132","58-33-3","DB01069",1
"1120",5110,0,1,1,"preeclampsia_vs_PretermControls","cmap","timolol",9.2e-06,6,"MCF7","HT_HG-U133A","DMSO","Prestwick Chemical","948","Timolol maleate salt [26921-17-5]","C0724707","26921-17-5","DB00373",1
"1121",5111,0,1,1,"preeclampsia_vs_PretermControls","cmap","ursodeoxycholic acid",1.02e-05,6,"MCF7","HT_HG-U133A","DMSO","Prestwick Chemical","958","Urosiol [128-13-2]","NULL","128-13-2","DB01586",1
"1122",5117,0.0991379995568658,0.0924,0.221122008630836,"preeclampsia_vs_PretermControls","cmap","adipiodone",3.6e-06,6,"MCF7","HT_HG-U133A","DMSO","Prestwick Chemical","939","Iodipamide [606-17-7]","NULL","606-17-7","DB04711",1
"1123",5119,0.13031769380748,0.00696,0.0304781048097631,"preeclampsia_vs_PretermControls","cmap","proxymetacaine",1.2e-05,6,"MCF7","HT_HG-U133A","DMSO","Prestwick Chemical","959","Proparacaine hydrochloride [5875-06-9]","NULL","5875-06-9","DB00807",1
"1124",5128,0.109327023803728,0.04364,0.123442280945758,"preeclampsia_vs_PretermControls","cmap","aminocaproic acid",3.04e-05,6,"MCF7","HT_HG-U133A","DMSO","Prestwick Chemical","960","Aminocaproic acid [60-32-2]","APRD00791","60-32-2","DB00513",1
"1125",5130,0.106964179319011,0.05268,0.143193763919822,"preeclampsia_vs_PretermControls","cmap","remoxipride",9.8e-06,6,"MCF7","HT_HG-U133A","DMSO","Prestwick Chemical","971","Remoxipride Hydrochloride [73220-03-8]","C0771022","73220-03-8","DB00409",1
"1126",5174,-0.119398350864956,0.01906,0.0651715246636771,"preeclampsia_vs_PretermControls","cmap","alprostadil",1e-05,6,"PC3","HT_HG-U133A","DMSO","Sigma-Aldrich","P5515","Prostaglandin E1","C0002335","NULL","DB00770",1
"1127",5178,-0.112211743322599,0.03485,0.103347107438017,"preeclampsia_vs_PretermControls","cmap","alprostadil",1e-05,6,"MCF7","HT_HG-U133A","DMSO","Sigma-Aldrich","P5515","Prostaglandin E1","C0002335","NULL","DB00770",1
"1128",5196,0,1,1,"preeclampsia_vs_PretermControls","cmap","liothyronine",6.2e-06,6,"PC3","HT_HG-U133A","DMSO","Prestwick Chemical","853","Liothyronine [6893-02-3]","C0041014","6893-02-3","DB00279",1
"1129",5200,0,1,1,"preeclampsia_vs_PretermControls","cmap","omeprazole",1.16e-05,6,"PC3","HT_HG-U133A","DMSO","Prestwick Chemical","493","Omeprazole [73590-58-6]","C0771765","73590-58-6","DB00338",1
"1130",5201,0.121573782349545,0.016,0.0575811209439528,"preeclampsia_vs_PretermControls","cmap","benzthiazide",9.2e-06,6,"PC3","HT_HG-U133A","DMSO","Prestwick Chemical","824","Benzthiazide [91-33-8]","C0053245","91-33-8","DB00562",1
"1131",5204,-0.114439668662758,0.02915,0.0899873481781377,"preeclampsia_vs_PretermControls","cmap","carisoprodol",1.54e-05,6,"PC3","HT_HG-U133A","DMSO","Prestwick Chemical","423","Carisoprodol [78-44-4]","C0007248","78-44-4","DB00395",1
"1132",5208,0,1,1,"preeclampsia_vs_PretermControls","cmap","apramycin",7.4e-06,6,"PC3","HT_HG-U133A","DMSO","Prestwick Chemical","1005","Apramycin [37321-09-8]","NULL","37321-09-8","DB04626",1
"1133",5209,0.149689292677587,0.00091,0.00626523702031603,"preeclampsia_vs_PretermControls","cmap","miconazole",9.6e-06,6,"PC3","HT_HG-U133A","DMSO","Prestwick Chemical","67","Miconazole [22916-47-8]","MMS_579","22916-47-8","DB01110",1
"1134",5236,0,1,1,"preeclampsia_vs_PretermControls","cmap","doxazosin",7.4e-06,6,"PC3","HT_HG-U133A","DMSO","Prestwick Chemical","858","Doxazosin mesylate [77883-43-3]","C0077770","77883-43-3","DB00590",1
"1135",5238,0.115520760574697,0.02674,0.0843838592860838,"preeclampsia_vs_PretermControls","cmap","methapyrilene",1.34e-05,6,"PC3","HT_HG-U133A","DMSO","Prestwick Chemical","342","Methapyrilene hydrochloride [135-23-9]","C0025625","135-23-9","DB04819",1
"1136",5239,0,1,1,"preeclampsia_vs_PretermControls","cmap","glipizide",9e-06,6,"PC3","HT_HG-U133A","DMSO","Prestwick Chemical","131","Glipizide [29094-61-9]","C0017642","29094-61-9","DB01067",1
"1137",5240,0.135773370281059,0.00402,0.0201330049261084,"preeclampsia_vs_PretermControls","cmap","progesterone",1.28e-05,6,"PC3","HT_HG-U133A","DMSO","Prestwick Chemical","477","Progesterone [57-83-0]","C0873071","57-83-0","DB00396",1
"1138",5241,0.106290452973951,0.05536,0.148307422046552,"preeclampsia_vs_PretermControls","cmap","estrone",1.48e-05,6,"PC3","HT_HG-U133A","DMSO","Prestwick Chemical","914","Estrone [53-16-7]","C0014942","53-16-7","DB00655",1
"1139",5242,0.149600284957182,0.00091,0.00626523702031603,"preeclampsia_vs_PretermControls","cmap","clomifene",6.6e-06,6,"PC3","HT_HG-U133A","DMSO","Prestwick Chemical","397","Clomiphene citrate (Z,E) [50-41-9]","APRD00880","50-41-9","DB00882",1
"1140",5244,0.156484597441678,0.00041,0.00338430311231394,"preeclampsia_vs_PretermControls","cmap","amoxapine",1.28e-05,6,"PC3","HT_HG-U133A","DMSO","Prestwick Chemical","102","Amoxapine [14028-44-5]","C0002644","14028-44-5","DB00543",1
"1141",5246,0.140031996412533,0.00257,0.0142907930720146,"preeclampsia_vs_PretermControls","cmap","sulconazole",8.6e-06,6,"PC3","HT_HG-U133A","DMSO","Prestwick Chemical","810","Sulconazole nitrate [61318-91-0]","C0144004","61318-91-0","DB06820",1
"1142",5248,0,1,1,"preeclampsia_vs_PretermControls","cmap","methotrexate",8.8e-06,6,"PC3","HT_HG-U133A","DMSO","Prestwick Chemical","373","Amethopterin (R,S) [59-05-2]","C0025677","59-05-2","DB00563",1
"1143",5256,0.127297144367376,0.00938,0.0381707805203469,"preeclampsia_vs_PretermControls","cmap","fluspirilene",8.4e-06,6,"PC3","HT_HG-U133A","DMSO","Prestwick Chemical","906","Fluspirilen [1841-19-6]","C0016383","1841-19-6","DB04842",1
"1144",5258,0.154279979704584,0.00055,0.00430680359435173,"preeclampsia_vs_PretermControls","cmap","prochlorperazine",6.6e-06,6,"PC3","HT_HG-U133A","DMSO","Prestwick Chemical","399","Prochlorperazine dimaleate [84-02-6]","C0770888","84-02-6","DB00433",1
"1145",5266,0.13121447763977,0.00634,0.0284158706833211,"preeclampsia_vs_PretermControls","cmap","metixene",1.16e-05,6,"PC3","HT_HG-U133A","DMSO","Prestwick Chemical","491","Metixene hydrochloride [1553-34-0]","APRD01101","1553-34-0","DB00340",1
"1146",5271,0.261726580868192,0,0,"preeclampsia_vs_PretermControls","cmap","ciclopirox",1.5e-05,6,"PC3","HT_HG-U133A","DMSO","Prestwick Chemical","541","Ciclopirox ethanolamine [41621-49-2]","C0126169","41621-49-2","DB01188",1
"1147",5274,0,1,1,"preeclampsia_vs_PretermControls","cmap","ouabain",5.4e-06,6,"PC3","HT_HG-U133A","DMSO","Prestwick Chemical","471","Strophantine octahydrate [11018-89-6]","C0029904","11018-89-6","DB01092",1
"1148",5276,0,1,1,"preeclampsia_vs_PretermControls","cmap","lisuride",1.18e-05,6,"PC3","HT_HG-U133A","DMSO","Prestwick Chemical","106","Lisuride (S)(-) [18016-80-3]","C0023863","18016-80-3","DB00589",1
"1149",5284,-0.103512791113204,0.06815,0.17474358974359,"preeclampsia_vs_PretermControls","cmap","flucytosine",3.1e-05,6,"PC3","HT_HG-U133A","DMSO","Prestwick Chemical","934","Flucytosine [2022-85-7]","C0016278","2022-85-7","DB01099",1
"1150",5286,0.138432962365714,0.003,0.0161375661375661,"preeclampsia_vs_PretermControls","cmap","chlorprothixene",1.14e-05,6,"PC3","HT_HG-U133A","DMSO","Prestwick Chemical","348","Chlorprothixene hydrochloride [6469-93-8]","C0304384","6469-93-8","DB01239",1
"1151",5305,0,1,1,"preeclampsia_vs_PretermControls","cmap","puromycin",7.4e-06,6,"PC3","HT_HG-U133A","DMSO","Prestwick Chemical","480","Puromycin dihydrochloride [58-58-2]","NULL","58-58-2","DB08437",1
"1152",5318,0,1,1,"preeclampsia_vs_PretermControls","cmap","digoxin",5.2e-06,6,"PC3","HT_HG-U133A","DMSO","Prestwick Chemical","437","Digoxin [20830-75-5]","BIOD00046","20830-75-5","DB00390",1
"1153",5334,0.171947349822034,7e-05,0.000807183364839319,"preeclampsia_vs_PretermControls","cmap","cyproheptadine",1.24e-05,6,"PC3","HT_HG-U133A","DMSO","Prestwick Chemical","103","Cyproheptadine hydrochloride [969-33-5]","C0771807","969-33-5","DB00434",1
"1154",5349,0,1,1,"preeclampsia_vs_PretermControls","cmap","mitoxantrone",7.8e-06,6,"PC3","HT_HG-U133A","DMSO","Prestwick Chemical","385","Mitoxantrone dihydrochloride [70476-82-3]","C0700458","70476-82-3","DB01204",1
"1155",5354,0,1,1,"preeclampsia_vs_PretermControls","cmap","adenosine phosphate",1.1e-05,6,"PC3","HT_HG-U133A","DMSO","Prestwick Chemical","356","Adenosine 5'-monophosphate monohydrate [18422-05-4]","C0981812","18422-05-4","DB00131",1
"1156",5358,0.105832290908031,0.0571,0.151835222319093,"preeclampsia_vs_PretermControls","cmap","anisomycin",1.5e-05,6,"PC3","HT_HG-U133A","DMSO","Prestwick Chemical","412","Anisomycin [22862-76-6]","NULL","22862-76-6","DB07374",1
"1157",5374,0.134500394283502,0.00456,0.0219369085173502,"preeclampsia_vs_PretermControls","cmap","pimozide",8.6e-06,6,"MCF7","HT_HG-U133A","DMSO","Prestwick Chemical","308","Pimozide [2062-78-4]","C0031935","2062-78-4","DB01100",1
"1158",5376,0,1,1,"preeclampsia_vs_PretermControls","cmap","cycloserine",3.92e-05,6,"MCF7","HT_HG-U133A","DMSO","Prestwick Chemical","1086","D-cycloserine [68-41-7]","C0010590","68-41-7","DB00260",1
"1159",5377,-0.150405659930562,0.00085,0.00604312354312354,"preeclampsia_vs_PretermControls","cmap","canrenoic acid",1e-05,6,"MCF7","HT_HG-U133A","DMSO","Prestwick Chemical","148","Canrenoic acid potassium salt [2181-04-6]","C0282085","2181-04-6","DB09015",1
"1160",5385,0.100327970680277,0.08474,0.206352894211577,"preeclampsia_vs_PretermControls","cmap","berberine",1.08e-05,6,"MCF7","HT_HG-U133A","DMSO","Prestwick Chemical","586","Berberine chloride [633-65-8]","EXPT00672","633-65-8","DB04115",1
"1161",5387,0,1,1,"preeclampsia_vs_PretermControls","cmap","nocodazole",1.32e-05,6,"MCF7","HT_HG-U133A","DMSO","Prestwick Chemical","100","Nocodazole [31430-18-9]","NULL","31430-18-9","DB08313",1
"1162",5388,-0.114550410826518,0.0289,0.08948730964467,"preeclampsia_vs_PretermControls","cmap","naproxen",1.58e-05,6,"MCF7","HT_HG-U133A","DMSO","Prestwick Chemical","791","(R) -Naproxen sodium salt [26159-34-2]","C0546873","26159-34-2","DB00788",1
"1163",5394,0,1,1,"preeclampsia_vs_PretermControls","cmap","chlortalidone",1.18e-05,6,"MCF7","HT_HG-U133A","DMSO","Prestwick Chemical","351","Chlorthalidone [77-36-1]","NULL","77-36-1","DB00310",1
"1164",5401,0.162387216868511,0.00022,0.00206779661016949,"preeclampsia_vs_PretermControls","cmap","astemizole",8.8e-06,6,"MCF7","HT_HG-U133A","DMSO","Prestwick Chemical","136","Astemizole [68844-77-9]","C0085170","68844-77-9","DB00637",1
"1165",5405,0,1,1,"preeclampsia_vs_PretermControls","cmap","sertaconazole",8e-06,6,"MCF7","HT_HG-U133A","DMSO","Prestwick Chemical","1045","Sertaconazole nitrate [99592-39-9]","C0074391","99592-39-9","DB01153",1
"1166",5410,0.0869107813105978,0.19183,0.397338879456706,"preeclampsia_vs_PretermControls","cmap","dacarbazine",2.2e-05,6,"MCF7","HT_HG-U133A","DMSO","Prestwick Chemical","574","Dacarbazine [4342-03-4]","C0010927","4342-03-4","DB00851",1
"1167",5411,0,1,1,"preeclampsia_vs_PretermControls","cmap","verteporfin",2.8e-06,6,"MCF7","HT_HG-U133A","DMSO","Prestwick Chemical","1105","Verteporfin [129497-78-5]","C0387288","129497-78-5","DB00460",1
"1168",5412,0,1,1,"preeclampsia_vs_PretermControls","cmap","aminophenazone",1.72e-05,6,"MCF7","HT_HG-U133A","DMSO","Prestwick Chemical","88","Amidopyrine [58-15-1]","NULL","58-15-1","DB01424",1
"1169",5413,0.110437177771353,0.03993,0.115328125,"preeclampsia_vs_PretermControls","cmap","cefalotin",9.6e-06,6,"MCF7","HT_HG-U133A","DMSO","Prestwick Chemical","719","Cephalothin sodium salt [58-71-9]","NULL","58-71-9","DB00456",1
"1170",5416,0,1,1,"preeclampsia_vs_PretermControls","cmap","riboflavin",1.06e-05,6,"MCF7","HT_HG-U133A","DMSO","Prestwick Chemical","634","Riboflavine [83-88-5]","EXPT02760","83-88-5","DB00140",1
"1171",5417,0.189577585090553,1e-05,0.000204697986577181,"preeclampsia_vs_PretermControls","cmap","terfenadine",8.4e-06,6,"MCF7","HT_HG-U133A","DMSO","Prestwick Chemical","138","Terfenadine [50679-08-8]","C0085173","50679-08-8","DB00342",1
"1172",5419,0.163150571918073,0.00018,0.00175399361022364,"preeclampsia_vs_PretermControls","cmap","clomipramine",1.14e-05,6,"MCF7","HT_HG-U133A","DMSO","Prestwick Chemical","269","Clomipramine hydrochloride [17321-77-6]","C0282107","17321-77-6","DB01242",1
"1173",5426,0.0900331307434819,0.16176,0.34712517580872,"preeclampsia_vs_PretermControls","cmap","acepromazine",9e-06,6,"MCF7","HT_HG-U133A","DMSO","Prestwick Chemical","576","Acetopromazine maleate salt [3598-37-6]","C0000959","3598-37-6","DB01614",1
"1174",5433,0,1,1,"preeclampsia_vs_PretermControls","cmap","benzylpenicillin",1.12e-05,6,"MCF7","HT_HG-U133A","DMSO","Prestwick Chemical","1078","Benzylpenicillin sodium [69-57-8]","NULL","69-57-8","DB01053",1
"1175",5440,0,1,1,"preeclampsia_vs_PretermControls","cmap","metoprolol",5.8e-06,6,"MCF7","HT_HG-U133A","DMSO","Prestwick Chemical","733","Metoprolol-(+,-) (+)-tartrate salt [56392-17-7]","C0025859","56392-17-7","DB00264",1
"1176",5448,0,1,1,"preeclampsia_vs_PretermControls","cmap","fulvestrant",1e-06,6,"MCF7","HT_HG-U133A","DMSO","Tocris","1047","ICI182,780","C0935916","NULL","DB00947",1
"1177",5472,-0.136377091019047,0.0037,0.0187770382695507,"preeclampsia_vs_PretermControls","cmap","pioglitazone",1e-05,6,"MCF7","HT_HG-U133A","DMSO","LKT Laboratories","P6594","pioglitazone HCl","C0872972","NULL","DB01132",1
"1178",5494,0.140096620157442,0.00254,0.0141368613138686,"preeclampsia_vs_PretermControls","cmap","haloperidol",1e-05,6,"MCF7","HT_HG-U133A","DMSO","Sigma-Aldrich","H1512","haloperidol","C0720809","NULL","DB00502",1
"1179",5495,0,1,1,"preeclampsia_vs_PretermControls","cmap","acetylsalicylic acid",1e-04,6,"MCF7","HT_HG-U133A","DMSO","Sigma-Aldrich","A2093","aspirin, USP","EXPT00475","NULL","DB00945",1
"1180",5496,0.0860161088242337,0.20081,0.411985877605918,"preeclampsia_vs_PretermControls","cmap","fulvestrant",1e-06,6,"MCF7","HT_HG-U133A","DMSO","Tocris","1047","ICI 182,780","C0935916","NULL","DB00947",1
"1181",5498,-0.0826743864097548,0.23498,0.471350871423874,"preeclampsia_vs_PretermControls","cmap","sirolimus",1e-07,6,"MCF7","HT_HG-U133A","DMSO","Sigma-Aldrich","R0395","Rapamycin","C0072980","NULL","DB00877",1
"1182",5499,0.127042872079595,0.00961,0.0389249667994688,"preeclampsia_vs_PretermControls","cmap","estradiol",1e-07,6,"MCF7","HT_HG-U133A","DMSO","Sigma-Aldrich","E1024","estradiol, USP","C1330622","NULL","DB00783",1
"1183",5500,0.0919796674903399,0.14441,0.315735125448029,"preeclampsia_vs_PretermControls","cmap","valproic acid",0.001,6,"MCF7","HT_HG-U133A","DMSO","Sigma-Aldrich","P4543","2-propylpentanoic acid","NULL","NULL","DB00313",1
"1184",5502,0.106734498001425,0.0536,0.144993348115299,"preeclampsia_vs_PretermControls","cmap","tretinoin",1e-06,6,"MCF7","HT_HG-U133A","DMSO","Sigma-Aldrich","R2625","retinoic acid","C0040845","NULL","DB00755",1
"1185",5505,-0.10852719628827,0.0466,0.12991773308958,"preeclampsia_vs_PretermControls","cmap","valproic acid",2e-04,6,"MCF7","HT_HG-U133A","DMSO","Sigma-Aldrich","P4543","2-propylpentanoic acid","NULL","NULL","DB00313",1
"1186",5510,0,1,1,"preeclampsia_vs_PretermControls","cmap","vorinostat",1e-05,6,"MCF7","HT_HG-U133A","DMSO","BioVision","1604-1","SAHA","MMS_422","NULL","DB02546",1
"1187",5511,0,1,1,"preeclampsia_vs_PretermControls","cmap","sirolimus",1e-07,6,"MCF7","HT_HG-U133A","DMSO","Sigma-Aldrich","R0395","Rapamycin","C0072980","NULL","DB00877",1
"1188",5512,0,1,1,"preeclampsia_vs_PretermControls","cmap","valproic acid",5e-05,6,"MCF7","HT_HG-U133A","DMSO","Sigma-Aldrich","P4543","2-propylpentanoic acid","NULL","NULL","DB00313",1
"1189",5517,0,1,1,"preeclampsia_vs_PretermControls","cmap","geldanamycin",1e-06,6,"MCF7","HT_HG-U133A","DMSO","MP Biomedicals","195994","geldanamycin","EXPT01571","NULL","DB02424",1
"1190",5518,0,1,1,"preeclampsia_vs_PretermControls","cmap","clozapine",1e-05,6,"MCF7","HT_HG-U133A","DMSO","Sigma-Aldrich","C-6305","clozapine","C0009079","NULL","DB00363",1
"1191",5521,-0.0926904458864523,0.13828,0.304625496569158,"preeclampsia_vs_PretermControls","cmap","rosiglitazone",1e-05,6,"MCF7","HT_HG-U133A","DMSO","LKT Laboratories","R5772","rosiglitazone","C0289313","NULL","DB00412",1
"1192",5523,-0.118682935787595,0.02031,0.068485903814262,"preeclampsia_vs_PretermControls","cmap","genistein",1e-05,6,"MCF7","HT_HG-U133A","DMSO","Calbiochem","345834","genistein","NULL","NULL","DB01645",1
"1193",5525,0.103358621461674,0.06896,0.176301760268231,"preeclampsia_vs_PretermControls","cmap","fluphenazine",1e-05,6,"MCF7","HT_HG-U133A","DMSO","Sigma-Aldrich","F8548","fluphenazine dihydrochloride","C0700567","NULL","DB00623",1
"1194",5526,0,1,1,"preeclampsia_vs_PretermControls","cmap","fulvestrant",1e-08,6,"MCF7","HT_HG-U133A","DMSO","Tocris","1047","ICI 182,780","C0935916","NULL","DB00947",1
"1195",5528,-0.0883221953625901,0.17795,0.374696237487056,"preeclampsia_vs_PretermControls","cmap","estradiol",1e-08,6,"MCF7","HT_HG-U133A","DMSO","Sigma-Aldrich","E1024","estradiol, USP","C1330622","NULL","DB00783",1
"1196",5529,0,1,1,"preeclampsia_vs_PretermControls","cmap","sirolimus",1e-07,6,"MCF7","HT_HG-U133A","DMSO","Sigma-Aldrich","R0395","Rapamycin","C0072980","NULL","DB00877",1
"1197",5531,0.0883628905203383,0.17755,0.373983080110497,"preeclampsia_vs_PretermControls","cmap","haloperidol",1e-05,6,"MCF7","HT_HG-U133A","DMSO","Sigma-Aldrich","H1512","haloperidol","C0720809","NULL","DB00502",1
"1198",5532,0.111214235869962,0.03752,0.109718120805369,"preeclampsia_vs_PretermControls","cmap","haloperidol",1e-05,6,"MCF7","HT_HG-U133A","DMSO","Sigma-Aldrich","H1512","haloperidol","C0720809","NULL","DB00502",1
"1199",5533,0,1,1,"preeclampsia_vs_PretermControls","cmap","acetylsalicylic acid",1e-04,6,"MCF7","HT_HG-U133A","DMSO","Sigma-Aldrich","A2093","aspirin, USP","EXPT00475","NULL","DB00945",1
"1200",5534,0,1,1,"preeclampsia_vs_PretermControls","cmap","fulvestrant",1e-06,6,"MCF7","HT_HG-U133A","DMSO","Tocris","1047","ICI 182,780","C0935916","NULL","DB00947",1
"1201",5536,0.11168912310753,0.03632,0.107081681971967,"preeclampsia_vs_PretermControls","cmap","sirolimus",1e-07,6,"MCF7","HT_HG-U133A","DMSO","Sigma-Aldrich","R0395","Rapamycin","C0072980","NULL","DB00877",1
"1202",5537,0,1,1,"preeclampsia_vs_PretermControls","cmap","estradiol",1e-07,6,"MCF7","HT_HG-U133A","DMSO","Sigma-Aldrich","E1024","estradiol, USP","C1330622","NULL","DB00783",1
"1203",5538,0,1,1,"preeclampsia_vs_PretermControls","cmap","valproic acid",0.001,6,"MCF7","HT_HG-U133A","DMSO","Sigma-Aldrich","P4543","2-propylpentanoic acid","NULL","NULL","DB00313",1
"1204",5540,0.107612114124623,0.05023,0.138081568273997,"preeclampsia_vs_PretermControls","cmap","tretinoin",1e-06,6,"MCF7","HT_HG-U133A","DMSO","Sigma-Aldrich","R2625","retinoic acid","C0040845","NULL","DB00755",1
"1205",5543,0.0862790748893573,0.19815,0.408211752786221,"preeclampsia_vs_PretermControls","cmap","valproic acid",2e-04,6,"MCF7","HT_HG-U133A","DMSO","Sigma-Aldrich","P4543","2-propylpentanoic acid","NULL","NULL","DB00313",1
"1206",5544,0.143150164552506,0.00177,0.010690099009901,"preeclampsia_vs_PretermControls","cmap","prochlorperazine",1e-05,6,"MCF7","HT_HG-U133A","DMSO","Sigma-Aldrich","P9178","prochlorperazine dimaleate salt","C0770888","NULL","DB00433",1
"1207",5546,0,1,1,"preeclampsia_vs_PretermControls","cmap","chlorpromazine",1e-06,6,"MCF7","HT_HG-U133A","DMSO","Sigma-Aldrich","C0982","chlorpromazine hydrochloride","C0008286","NULL","DB00477",1
"1208",5549,0.114414622304225,0.02922,0.090066700353714,"preeclampsia_vs_PretermControls","cmap","vorinostat",1e-05,6,"MCF7","HT_HG-U133A","DMSO","BioVision","1604-1","SAHA","MMS_422","NULL","DB02546",1
"1209",5550,0,1,1,"preeclampsia_vs_PretermControls","cmap","sirolimus",1e-07,6,"MCF7","HT_HG-U133A","DMSO","Sigma-Aldrich","R0395","Rapamycin","C0072980","NULL","DB00877",1
"1210",5551,0,1,1,"preeclampsia_vs_PretermControls","cmap","valproic acid",5e-05,6,"MCF7","HT_HG-U133A","DMSO","Sigma-Aldrich","P4543","2-propylpentanoic acid","NULL","NULL","DB00313",1
"1211",5553,0.123989203487712,0.01293,0.049295625,"preeclampsia_vs_PretermControls","cmap","trifluoperazine",1e-05,6,"MCF7","HT_HG-U133A","DMSO","Sigma-Aldrich","T6062","trifluoperazine dihydrochloride","C0304381","NULL","DB00831",1
"1212",5558,0.139890826028076,0.00259,0.0143627272727273,"preeclampsia_vs_PretermControls","cmap","thioridazine",1e-05,6,"MCF7","HT_HG-U133A","DMSO","Sigma-Aldrich","T9025","thioridazine hydrochloride","C0039943","NULL","DB00679",1
"1213",5563,0.0856614441076227,0.20434,0.417579229480737,"preeclampsia_vs_PretermControls","cmap","genistein",1e-05,6,"MCF7","HT_HG-U133A","DMSO","Calbiochem","345834","genistein","NULL","NULL","DB01645",1
"1214",5565,0.166357126794354,0.00012,0.00124914675767918,"preeclampsia_vs_PretermControls","cmap","fluphenazine",1e-05,6,"MCF7","HT_HG-U133A","DMSO","Sigma-Aldrich","F8548","fluphenazine dihydrochloride","C0700567","NULL","DB00623",1
"1215",5566,0,1,1,"preeclampsia_vs_PretermControls","cmap","fulvestrant",1e-08,6,"MCF7","HT_HG-U133A","DMSO","Tocris","1047","ICI 182,780","C0935916","NULL","DB00947",1
"1216",5568,0,1,1,"preeclampsia_vs_PretermControls","cmap","valproic acid",5e-04,6,"MCF7","HT_HG-U133A","DMSO","Sigma-Aldrich","P4543","2-propylpentanoic acid","NULL","NULL","DB00313",1
"1217",5569,0,1,1,"preeclampsia_vs_PretermControls","cmap","estradiol",1e-08,6,"MCF7","HT_HG-U133A","DMSO","Sigma-Aldrich","E1024","estradiol, USP","C1330622","NULL","DB00783",1
"1218",5570,0.0964497594059219,0.11023,0.254478244419221,"preeclampsia_vs_PretermControls","cmap","sirolimus",1e-07,6,"MCF7","HT_HG-U133A","DMSO","Sigma-Aldrich","R0395","Rapamycin","C0072980","NULL","DB00877",1
"1219",5572,0,1,1,"preeclampsia_vs_PretermControls","cmap","haloperidol",1e-05,6,"MCF7","HT_HG-U133A","DMSO","Sigma-Aldrich","H1512","haloperidol","C0720809","NULL","DB00502",1
"1220",5577,0,1,1,"preeclampsia_vs_PretermControls","cmap","triprolidine",1.28e-05,6,"MCF7","HT_HG-U133A","DMSO","Prestwick Chemical","262","Triprolidine hydrochloride [550-70-9]","C0242525","550-70-9","DB00427",1
"1221",5578,0.0966573336896954,0.10887,0.251841865756541,"preeclampsia_vs_PretermControls","cmap","levocabastine",8.8e-06,6,"MCF7","HT_HG-U133A","DMSO","Prestwick Chemical","1039","Levocabastine hydrochloride [79547-78-7]","C0064870","79547-78-7","DB01106",1
"1222",5584,0.100204312047323,0.0857,0.208440988835726,"preeclampsia_vs_PretermControls","cmap","moxisylyte",1.26e-05,6,"MCF7","HT_HG-U133A","DMSO","Prestwick Chemical","42","Moxisylyte hydrochoride [964-52-3]","C0040108","964-52-3","DB09205",1
"1223",5588,-0.0908529125478862,0.15414,0.332715498938429,"preeclampsia_vs_PretermControls","cmap","hydroflumethiazide",1.2e-05,6,"MCF7","HT_HG-U133A","DMSO","Prestwick Chemical","13","Hydroflumethiazide [135-09-1]","C0020273","135-09-1","DB00774",1
"1224",5602,-0.0741050542806338,0.33389,0.639074050831503,"preeclampsia_vs_PretermControls","cmap","thiamphenicol",1.12e-05,6,"MCF7","HT_HG-U133A","DMSO","Prestwick Chemical","25","Thiamphenicol [15318-45-3]","C0039854","15318-45-3","DB08621",1
"1225",5604,0.127855698862125,0.00898,0.0369871708305199,"preeclampsia_vs_PretermControls","cmap","disopyramide",1.18e-05,6,"MCF7","HT_HG-U133A","DMSO","Prestwick Chemical","266","Disopyramide [3737-09-5]","C0012702","3737-09-5","DB00280",1
"1226",5605,0,1,1,"preeclampsia_vs_PretermControls","cmap","viomycin",5.2e-06,6,"MCF7","HT_HG-U133A","DMSO","Prestwick Chemical","1113","Viomycin sulfate [37883-00-4]","NULL","37883-00-4","DB06827",1
"1227",5607,0,1,1,"preeclampsia_vs_PretermControls","cmap","meclofenamic acid",1.18e-05,6,"MCF7","HT_HG-U133A","DMSO","Prestwick Chemical","206","Meclofenamic acid sodium salt monohydrate [6385-02-0]","C0025042","6385-02-0","DB00939",1
"1228",5610,-0.166641289116616,0.00012,0.00124914675767918,"preeclampsia_vs_PretermControls","cmap","lomustine",1e-04,6,"MCF7","HT_HG-U133A","DMSO","Sigma-Aldrich","L5918","lomustine","C0023972","NULL","DB01206",1
"1229",5615,0,1,1,"preeclampsia_vs_PretermControls","cmap","lomustine",1e-04,6,"PC3","HT_HG-U133A","DMSO","Sigma-Aldrich","L5918","lomustine","C0023972","NULL","DB01206",1
"1230",5616,-0.166177248401256,0.00012,0.00124914675767918,"preeclampsia_vs_PretermControls","cmap","alsterpaullone",1e-05,6,"MCF7","HT_HG-U133A","DMSO","Calbiochem","126870","Alsterpaullone","EXPT00590","NULL","DB04014",1
"1231",5621,-0.133295850733308,0.00511,0.0239408602150538,"preeclampsia_vs_PretermControls","cmap","alsterpaullone",1e-05,6,"PC3","HT_HG-U133A","DMSO","Calbiochem","126870","Alsterpaullone","EXPT00590","NULL","DB04014",1
"1232",5643,-0.137025067223598,0.00347,0.0179533502968618,"preeclampsia_vs_PretermControls","cmap","alsterpaullone",1e-05,6,"PC3","HT_HG-U133A","DMSO","Calbiochem","126870","Alsterpaullone","EXPT00590","NULL","DB04014",1
"1233",5653,-0.126565625102462,0.00997,0.0400638998682477,"preeclampsia_vs_PretermControls","cmap","pioglitazone",1e-05,6,"PC3","HT_HG-U133A","DMSO","LKT Laboratories","P6594","pioglitazone HCl","C0872972","NULL","DB01132",1
"1234",5654,0,1,1,"preeclampsia_vs_PretermControls","cmap","lomustine",1e-04,6,"MCF7","HT_HG-U133A","DMSO","Sigma-Aldrich","L5918","lomustine","C0023972","NULL","DB01206",1
"1235",5656,0.0608857518428323,0.46234,0.863525413349663,"preeclampsia_vs_PretermControls","cmap","fulvestrant",1e-06,6,"MCF7","HT_HG-U133A","DMSO","Tocris","1047","ICI182,780","C0935916","NULL","DB00947",1
"1236",5659,-0.155998780884023,0.00045,0.00366488651535381,"preeclampsia_vs_PretermControls","cmap","lomustine",1e-04,6,"PC3","HT_HG-U133A","DMSO","Sigma-Aldrich","L5918","lomustine","C0023972","NULL","DB01206",1
"1237",5672,0,1,1,"preeclampsia_vs_PretermControls","cmap","ribostamycin",7.2e-06,6,"PC3","HT_HG-U133A","DMSO","Prestwick Chemical","758","Ribostamycin sulfate salt [53797-35-6]","NULL","53797-35-6","DB03615",1
"1238",5675,0.145939997701531,0.00135,0.00870507399577167,"preeclampsia_vs_PretermControls","cmap","oxybutynin",1.02e-05,6,"PC3","HT_HG-U133A","DMSO","Prestwick Chemical","287","Oxybutynin chloride [1508-65-2]","C0069805","1508-65-2","DB01062",1
"1239",5694,0,1,1,"preeclampsia_vs_PretermControls","cmap","nocodazole",1.32e-05,6,"PC3","HT_HG-U133A","DMSO","Prestwick Chemical","100","Nocodazole [31430-18-9]","NULL","31430-18-9","DB08313",1
"1240",5695,0.204738456402445,0,0,"preeclampsia_vs_PretermControls","cmap","naproxen",1.58e-05,6,"PC3","HT_HG-U133A","DMSO","Prestwick Chemical","791","(R) -Naproxen sodium salt [26159-34-2]","C0546873","26159-34-2","DB00788",1
"1241",5701,0,1,1,"preeclampsia_vs_PretermControls","cmap","chlortalidone",1.18e-05,6,"PC3","HT_HG-U133A","DMSO","Prestwick Chemical","351","Chlorthalidone [77-36-1]","NULL","77-36-1","DB00310",1
"1242",5705,0.0882838185454665,0.17831,0.375195239737841,"preeclampsia_vs_PretermControls","cmap","midodrine",1.38e-05,6,"PC3","HT_HG-U133A","DMSO","Prestwick Chemical","191","Midodrine hydrochloride [3092-17-9]","C0026078","3092-17-9","DB00211",1
"1243",5707,0.124231387285094,0.01266,0.0484783427495292,"preeclampsia_vs_PretermControls","cmap","albendazole",1.5e-05,6,"MCF7","HT_HG-U133A","DMSO","Prestwick Chemical","247","Albendazole [54965-21-8]","C0001911","54965-21-8","DB00518",1
"1244",5710,0,1,1,"preeclampsia_vs_PretermControls","cmap","natamycin",6e-06,6,"MCF7","HT_HG-U133A","DMSO","Prestwick Chemical","1104","Natamycin [7681-93-8]","C0027444","7681-93-8","DB00826",1
"1245",5714,0,1,1,"preeclampsia_vs_PretermControls","cmap","pyridoxine",1.94e-05,6,"MCF7","HT_HG-U133A","DMSO","Prestwick Chemical","623","Pyridoxine hydrochloride [58-56-0]","C0772119","58-56-0","DB00165",1
"1246",5719,0.129996562232045,0.00724,0.0314110953058322,"preeclampsia_vs_PretermControls","cmap","trifluridine",1.36e-05,6,"MCF7","HT_HG-U133A","DMSO","Prestwick Chemical","1056","Trifluridine [70-00-8]","C0040987","70-00-8","DB00432",1
"1247",5729,0.0932049933082753,0.13408,0.296857816467175,"preeclampsia_vs_PretermControls","cmap","cefotaxime",8.4e-06,6,"MCF7","HT_HG-U133A","DMSO","Prestwick Chemical","139","Cefotaxime sodium salt [64485-93-4]","EXPT00885","64485-93-4","DB00493",1
"1248",5731,0.172405967276291,6e-05,0.000742393509127789,"preeclampsia_vs_PretermControls","cmap","fendiline",1.14e-05,6,"MCF7","HT_HG-U133A","DMSO","Prestwick Chemical","270","Fendiline hydrochloride [13636-18-5]","C0015824","13636-18-5","DB08980",1
"1249",5732,-0.106673393166393,0.05379,0.145313994685562,"preeclampsia_vs_PretermControls","cmap","iopamidol",5.2e-06,6,"MCF7","HT_HG-U133A","DMSO","Prestwick Chemical","871","Iopamidol [60166-93-0]","C0022026","60166-93-0","DB08947",1
"1250",5736,0.0895113799061469,0.16636,0.354699755330304,"preeclampsia_vs_PretermControls","cmap","streptozocin",1.5e-05,6,"MCF7","HT_HG-U133A","DMSO","Prestwick Chemical","732","Streptozotocin [18883-66-4]","C0038432","18883-66-4","DB00428",1
"1251",5740,0,1,1,"preeclampsia_vs_PretermControls","cmap","isoniazid",2.92e-05,6,"MCF7","HT_HG-U133A","DMSO","Prestwick Chemical","161","Isoniazid [54-85-3]","C0022209","54-85-3","DB00951",1
"1252",5741,0,1,1,"preeclampsia_vs_PretermControls","cmap","podophyllotoxin",9.6e-06,6,"MCF7","HT_HG-U133A","DMSO","Prestwick Chemical","782","Podophyllotoxin [518-28-5]","NULL","518-28-5","DB01179",1
"1253",5742,0,1,1,"preeclampsia_vs_PretermControls","cmap","ketotifen",9.4e-06,6,"MCF7","HT_HG-U133A","DMSO","Prestwick Chemical","371","Ketotifen fumarate [34580-14-8]","C0022642","34580-14-8","DB00920",1
"1254",5744,-0.134036229371322,0.00473,0.0225766823161189,"preeclampsia_vs_PretermControls","cmap","folic acid",9e-06,6,"MCF7","HT_HG-U133A","DMSO","Prestwick Chemical","627","Folic acid [59-30-3]","C0016410","59-30-3","DB00158",1
"1255",5745,0,1,1,"preeclampsia_vs_PretermControls","cmap","glibenclamide",8e-06,6,"MCF7","HT_HG-U133A","DMSO","Prestwick Chemical","316","Glibenclamide [10238-21-8]","NULL","10238-21-8","DB01016",1
"1256",5746,0.102203880835967,0.07496,0.187526855268553,"preeclampsia_vs_PretermControls","cmap","vidarabine",1.5e-05,6,"MCF7","HT_HG-U133A","DMSO","Prestwick Chemical","768","Vidarabine [5536-17-4]","C0042646","5536-17-4","DB00194",1
"1257",5749,0.0853000727627764,0.20808,0.423541027351568,"preeclampsia_vs_PretermControls","cmap","ivermectin",4.6e-06,6,"MCF7","HT_HG-U133A","DMSO","Prestwick Chemical","156","Ivermectin [70288-86-7]","C0022322","70288-86-7","DB00602",1
"1258",5751,0.135751097651488,0.00403,0.0201665299425759,"preeclampsia_vs_PretermControls","cmap","corbadrine",2.18e-05,6,"MCF7","HT_HG-U133A","DMSO","Prestwick Chemical","739","Levonordefrin [829-74-3]","NULL","829-74-3","DB06707",1
"1259",5753,0,1,1,"preeclampsia_vs_PretermControls","cmap","milrinone",1.9e-05,6,"MCF7","HT_HG-U133A","DMSO","Prestwick Chemical","1065","Milrinone [78415-72-2]","C0600487","78415-72-2","DB00235",1
"1260",5754,0.129515630749278,0.00764,0.0328660084626234,"preeclampsia_vs_PretermControls","cmap","isoconazole",9.6e-06,6,"MCF7","HT_HG-U133A","DMSO","Prestwick Chemical","127","Isoconazole [27523-40-6]","C0700489","27523-40-6","DB08943",1
"1261",5758,0,1,1,"preeclampsia_vs_PretermControls","cmap","diclofenac",1.26e-05,6,"MCF7","HT_HG-U133A","DMSO","Prestwick Chemical","594","Diclofenac sodium [15307-79-6]","C0700583","15307-79-6","DB00586",1
"1262",5759,0,1,1,"preeclampsia_vs_PretermControls","cmap","repaglinide",8.8e-06,6,"MCF7","HT_HG-U133A","DMSO","Prestwick Chemical","1046","Repaglinide [135062-02-1]","C0246689","135062-02-1","DB00912",1
"1263",5760,0.132433345223109,0.00559,0.0257739984882842,"preeclampsia_vs_PretermControls","cmap","nomifensine",1.12e-05,6,"MCF7","HT_HG-U133A","DMSO","Prestwick Chemical","108","Nomifensine maleate [32795-47-4]","C0028277","32795-47-4","DB04821",1
"1264",5762,-0.123892454165578,0.01302,0.0494841121495327,"preeclampsia_vs_PretermControls","cmap","atropine",5.8e-06,6,"MCF7","HT_HG-U133A","DMSO","Prestwick Chemical","565","Atropine sulfate monohydrate [5908-99-6]","C0004259","5908-99-6","DB00572",1
"1265",5763,0.110661477226774,0.03925,0.11374109263658,"preeclampsia_vs_PretermControls","cmap","estriol",1.38e-05,6,"MCF7","HT_HG-U133A","DMSO","Prestwick Chemical","1096","Estriol [50-27-1]","C0059648","50-27-1","DB04573",1
"1266",5764,0.129473238235001,0.00768,0.0329648629655657,"preeclampsia_vs_PretermControls","cmap","neomycin",4.2e-06,6,"MCF7","HT_HG-U133A","DMSO","Prestwick Chemical","158","Neomycin sulfate [1405-10-3]","C0770899","1405-10-3","DB00994",1
"1267",5766,0.133810729346649,0.00486,0.0230170807453416,"preeclampsia_vs_PretermControls","cmap","mepyramine",1e-05,6,"MCF7","HT_HG-U133A","DMSO","Prestwick Chemical","289","Pyrilamine maleate [59-33-6]","NULL","59-33-6","DB06691",1
"1268",5800,0.136297646453717,0.00377,0.0190688225538972,"preeclampsia_vs_PretermControls","cmap","aminocaproic acid",3.04e-05,6,"PC3","HT_HG-U133A","DMSO","Prestwick Chemical","960","Aminocaproic acid [60-32-2]","APRD00791","60-32-2","DB00513",1
"1269",5810,-0.149553669751053,0.00091,0.00626523702031603,"preeclampsia_vs_PretermControls","cmap","isoxicam",1.2e-05,6,"PC3","HT_HG-U133A","DMSO","Prestwick Chemical","44","Isoxicam [34552-84-6]","NULL","34552-84-6","DB08942",1
"1270",5816,-0.118611729611271,0.02043,0.068738554881412,"preeclampsia_vs_PretermControls","cmap","thiamphenicol",1.12e-05,6,"PC3","HT_HG-U133A","DMSO","Prestwick Chemical","25","Thiamphenicol [15318-45-3]","C0039854","15318-45-3","DB08621",1
"1271",5820,0,1,1,"preeclampsia_vs_PretermControls","cmap","viomycin",5.2e-06,6,"PC3","HT_HG-U133A","DMSO","Prestwick Chemical","1113","Viomycin sulfate [37883-00-4]","NULL","37883-00-4","DB06827",1
"1272",5822,0,1,1,"preeclampsia_vs_PretermControls","cmap","meclofenamic acid",1.18e-05,6,"PC3","HT_HG-U133A","DMSO","Prestwick Chemical","206","Meclofenamic acid sodium salt monohydrate [6385-02-0]","C0025042","6385-02-0","DB00939",1
"1273",5830,0.099916755012004,0.08749,0.211529528339279,"preeclampsia_vs_PretermControls","cmap","thalidomide",1.54e-05,6,"PC3","HT_HG-U133A","DMSO","Prestwick Chemical","192","Thalidomide [50-35-1]","C0039736","50-35-1","DB01041",1
"1274",5831,-0.131115327179133,0.00639,0.0284518248175182,"preeclampsia_vs_PretermControls","cmap","phenindione",1.8e-05,6,"PC3","HT_HG-U133A","DMSO","Prestwick Chemical","538","Phenindione [83-12-5]","C0031406","83-12-5","DB00498",1
"1275",5833,0.094843935932988,0.1219,0.275109097633136,"preeclampsia_vs_PretermControls","cmap","lymecycline",6.6e-06,6,"PC3","HT_HG-U133A","DMSO","Prestwick Chemical","1000","Lymecycline [992-21-2]","C0024200","992-21-2","DB00256",1
"1276",5834,0,1,1,"preeclampsia_vs_PretermControls","cmap","epirizole",1.7e-05,6,"PC3","HT_HG-U133A","DMSO","Prestwick Chemical","32","Epirizole [18694-40-1]","NULL","18694-40-1","DB08991",1
"1277",5835,0.100103133038639,0.08636,0.20951013916501,"preeclampsia_vs_PretermControls","cmap","tranylcypromine",2.36e-05,6,"PC3","HT_HG-U133A","DMSO","Prestwick Chemical","173","Tranylcypromine hydrochloride [1986-47-6]","C0040778","1986-47-6","DB00752",1
"1278",5836,0,1,1,"preeclampsia_vs_PretermControls","cmap","imipenem",1.34e-05,6,"PC3","HT_HG-U133A","DMSO","Prestwick Chemical","519","Imipenem [74431-23-5]","MMS_109","74431-23-5","DB01598",1
"1279",5842,0.106400077366338,0.05499,0.14793573943662,"preeclampsia_vs_PretermControls","cmap","nortriptyline",1.34e-05,6,"PC3","HT_HG-U133A","DMSO","Prestwick Chemical","254","Nortriptyline hydrochloride [894-71-3]","C0028420","894-71-3","DB00540",1
"1280",5858,-0.127782132946237,0.00902,0.0370679676985195,"preeclampsia_vs_PretermControls","cmap","ribavirin",1.64e-05,6,"PC3","HT_HG-U133A","DMSO","Prestwick Chemical","993","Ribavirin [36791-04-5]","C0035525","36791-04-5","DB00811",1
"1281",5861,-0.114771067175244,0.02851,0.0885493890020367,"preeclampsia_vs_PretermControls","cmap","pentoxifylline",1.44e-05,6,"PC3","HT_HG-U133A","DMSO","Prestwick Chemical","196","Pentoxifylline [6493-05-6]","C0030899","6493-05-6","DB00806",1
"1282",5863,0,1,1,"preeclampsia_vs_PretermControls","cmap","metacycline",8.4e-06,6,"MCF7","HT_HG-U133A","DMSO","Prestwick Chemical","964","Methacycline hydrochloride [3963-95-9]","NULL","3963-95-9","DB00931",1
"1283",5869,0.113520612200897,0.03119,0.0947743538767396,"preeclampsia_vs_PretermControls","cmap","etofenamate",1.08e-05,6,"MCF7","HT_HG-U133A","DMSO","Prestwick Chemical","1014","Etofenamate [30544-47-9]","C0059868","30544-47-9","DB08984",1
"1284",5878,0,1,1,"preeclampsia_vs_PretermControls","cmap","letrozole",1.4e-05,6,"MCF7","HT_HG-U133A","DMSO","Prestwick Chemical","1025","Letrozole [112809-51-5]","C0246421","112809-51-5","DB01006",1
"1285",5890,0,1,1,"preeclampsia_vs_PretermControls","cmap","fluticasone",8e-06,6,"MCF7","HT_HG-U133A","DMSO","Prestwick Chemical","997","Fluticasone propionate [80474-14-2]","C0117996","80474-14-2","DB00588",1
"1286",5894,0,1,1,"preeclampsia_vs_PretermControls","cmap","zalcitabine",1.9e-05,6,"MCF7","HT_HG-U133A","DMSO","Prestwick Chemical","1037","Zalcitabine [7481-89-2]","C0012132","7481-89-2","DB00943",1
"1287",5898,0.172374793874679,6e-05,0.000742393509127789,"preeclampsia_vs_PretermControls","cmap","zuclopenthixol",9.2e-06,6,"MCF7","HT_HG-U133A","DMSO","Prestwick Chemical","998","Zuclopenthixol hydrochloride [633-59-0]","C0350505","633-59-0","DB01624",1
"1288",5900,0.124514431835983,0.01221,0.046991167192429,"preeclampsia_vs_PretermControls","cmap","alprostadil",1.12e-05,6,"MCF7","HT_HG-U133A","DMSO","Prestwick Chemical","1018","Alprostadil [745-65-3]","C0002335","745-65-3","DB00770",1
"1289",5901,0,1,1,"preeclampsia_vs_PretermControls","cmap","benzathine benzylpenicillin",4.2e-06,6,"MCF7","HT_HG-U133A","DMSO","Prestwick Chemical","1028","Benzathine benzylpenicillin [5928-84-7]","NULL","5928-84-7","DB09323",1
"1290",5905,0.134842515121377,0.00439,0.0213208598726115,"preeclampsia_vs_PretermControls","cmap","griseofulvin",1.12e-05,6,"PC3","HT_HG-U133A","DMSO","Prestwick Chemical","226","Griseofulvin [126-07-8]","C0720718","126-07-8","DB00400",1
"1291",5909,0,1,1,"preeclampsia_vs_PretermControls","cmap","nalidixic acid",1.46e-05,6,"PC3","HT_HG-U133A","DMSO","Prestwick Chemical","187","Nalidixic acid sodium salt hydrate","C0027353","NULL","DB00779",1
"1292",5910,0.143822276338916,0.00161,0.00993023255813954,"preeclampsia_vs_PretermControls","cmap","metaraminol",8.6e-06,6,"PC3","HT_HG-U133A","DMSO","Prestwick Chemical","197","Metaraminol bitartrate [33402-03-8]","C0025575","33402-03-8","DB00610",1
"1293",5912,0.117315984196866,0.02275,0.0744900697799249,"preeclampsia_vs_PretermControls","cmap","mebendazole",1.36e-05,6,"PC3","HT_HG-U133A","DMSO","Prestwick Chemical","217","Mebendazole [31431-39-7]","C0025023","31431-39-7","DB00643",1
"1294",5917,0.153228612231366,6e-04,0.00455790784557908,"preeclampsia_vs_PretermControls","cmap","pentolonium",7.4e-06,6,"PC3","HT_HG-U133A","DMSO","Prestwick Chemical","188","Pentolinium bitartrate [52-62-0]","NULL","52-62-0","DB01090",1
"1295",5918,0.113954390291319,0.03016,0.0924967320261438,"preeclampsia_vs_PretermControls","cmap","salbutamol",1.68e-05,6,"PC3","HT_HG-U133A","DMSO","Prestwick Chemical","198","Salbutamol [18559-94-9]","NULL","18559-94-9","DB01001",1
"1296",5927,0,1,1,"preeclampsia_vs_PretermControls","cmap","cefazolin",8.4e-06,6,"PC3","HT_HG-U133A","DMSO","Prestwick Chemical","736","Cefazolin sodium salt [27164-46-1]","C0007546","27164-46-1","DB01327",1
"1297",5940,0.179198291316721,3e-05,0.000434679334916865,"preeclampsia_vs_PretermControls","cmap","levomepromazine",9e-06,6,"PC3","HT_HG-U133A","DMSO","Prestwick Chemical","797","Methotrimeprazine maleat salt [7104-38-3]","C0607673","7104-38-3","DB01403",1
"1298",5941,0,1,1,"preeclampsia_vs_PretermControls","cmap","sulfadimethoxine",1.28e-05,6,"PC3","HT_HG-U133A","DMSO","Prestwick Chemical","728","Sulfadimethoxine [122-11-2]","C0038676","122-11-2","DB06150",1
"1299",5947,0,1,1,"preeclampsia_vs_PretermControls","cmap","difenidol",1.16e-05,6,"MCF7","HT_HG-U133A","DMSO","Prestwick Chemical","252","Diphenidol hydrochloride [3254-89-5]","NULL","3254-89-5","DB01231",1
"1300",5950,0.0815923837211421,0.24698,0.491382257012394,"preeclampsia_vs_PretermControls","cmap","indometacin",1.12e-05,6,"MCF7","HT_HG-U133A","DMSO","Prestwick Chemical","272","Indomethacin [53-86-1]","NULL","53-86-1","DB00328",1
"1301",5951,0.084608917464093,0.21544,0.435734504474644,"preeclampsia_vs_PretermControls","cmap","trazodone",9.8e-06,6,"MCF7","HT_HG-U133A","DMSO","Prestwick Chemical","292","Trazodone hydrochloride [25332-39-2]","C0040805","25332-39-2","DB00656",1
"1302",5961,0,1,1,"preeclampsia_vs_PretermControls","cmap","trifluoperazine",8.4e-06,6,"MCF7","HT_HG-U133A","DMSO","Prestwick Chemical","313","Trifluoperazine dihydrochloride [440-17-5]","C0304381","440-17-5","DB00831",1
"1303",5963,0.173970681602079,4e-05,0.000512605042016807,"preeclampsia_vs_PretermControls","cmap","nortriptyline",1.34e-05,6,"MCF7","HT_HG-U133A","DMSO","Prestwick Chemical","254","Nortriptyline hydrochloride [894-71-3]","C0028420","894-71-3","DB00540",1
"1304",5980,0,1,1,"preeclampsia_vs_PretermControls","cmap","disopyramide",1.18e-05,6,"MCF7","HT_HG-U133A","DMSO","Prestwick Chemical","266","Disopyramide [3737-09-5]","C0012702","3737-09-5","DB00280",1
"1305",5982,0.157787836064173,0.00034,0.00292112676056338,"preeclampsia_vs_PretermControls","cmap","perhexiline",1.02e-05,6,"MCF7","HT_HG-U133A","DMSO","Prestwick Chemical","286","Perhexiline maleate [6724-53-4]","C0070413","6724-53-4","DB01074",1
"1306",5985,0.0804118101570478,0.26045,0.514295145631068,"preeclampsia_vs_PretermControls","cmap","8-azaguanine",2.62e-05,6,"MCF7","HT_HG-U133A","DMSO","Prestwick Chemical","1","Azaguanine-8 [134-58-7]","EXPT00603","134-58-7","DB01667",1
"1307",5988,0,1,1,"preeclampsia_vs_PretermControls","cmap","difenidol",1.16e-05,6,"MCF7","HT_HG-U133A","DMSO","Prestwick Chemical","252","Diphenidol hydrochloride [3254-89-5]","NULL","3254-89-5","DB01231",1
"1308",5990,0.123276148149914,0.01385,0.0517995095033722,"preeclampsia_vs_PretermControls","cmap","risperidone",9.8e-06,6,"MCF7","HT_HG-U133A","DMSO","Prestwick Chemical","1029","Risperidone [106266-06-2]","C0073393","106266-06-2","DB00734",1
"1309",5991,0.0975998219514401,0.10232,0.2399661668589,"preeclampsia_vs_PretermControls","cmap","levamisole",1.66e-05,6,"MCF7","HT_HG-U133A","DMSO","Prestwick Chemical","182","Levamisole hydrochloride [16595-80-5]","C0733383","16595-80-5","DB00848",1
"1310",5992,0,1,1,"preeclampsia_vs_PretermControls","cmap","triflusal",1.62e-05,6,"MCF7","HT_HG-U133A","DMSO","Prestwick Chemical","528","Triflusal [322-79-2]","C0077126","322-79-2","DB08814",1
"1311",5993,0,1,1,"preeclampsia_vs_PretermControls","cmap","trazodone",9.8e-06,6,"MCF7","HT_HG-U133A","DMSO","Prestwick Chemical","292","Trazodone hydrochloride [25332-39-2]","C0040805","25332-39-2","DB00656",1
"1312",5996,0,1,1,"preeclampsia_vs_PretermControls","cmap","dexpanthenol",1.94e-05,6,"MCF7","HT_HG-U133A","DMSO","Prestwick Chemical","22","Panthenol (D) [81-13-0]","C0057610","81-13-0","DB09357",1
"1313",5997,0.0895624661977657,0.1658,0.353876836948915,"preeclampsia_vs_PretermControls","cmap","chlorzoxazone",2.36e-05,6,"MCF7","HT_HG-U133A","DMSO","Prestwick Chemical","163","Chlorzoxazone [95-25-0]","C0008296","95-25-0","DB00356",1
"1314",6002,0.132197454064565,0.0057,0.0261232156273479,"preeclampsia_vs_PretermControls","cmap","acetazolamide",1.8e-05,6,"MCF7","HT_HG-U133A","DMSO","Prestwick Chemical","3","Acetazolamide [59-66-5]","C0000981","59-66-5","DB00819",1
"1315",6010,0.124132443819155,0.01273,0.0486242955541641,"preeclampsia_vs_PretermControls","cmap","halofantrine",7.4e-06,6,"MCF7","HT_HG-U133A","DMSO","Prestwick Chemical","1031","Halofantrine hydrochloride [36167-63-2]","C0148859","36167-63-2","DB01218",1
"1316",6025,0,1,1,"preeclampsia_vs_PretermControls","cmap","ajmaline",1.22e-05,6,"MCF7","HT_HG-U133A","DMSO","Prestwick Chemical","602","Ajmaline [4360-12-7]","C0001888","4360-12-7","DB01426",1
"1317",6031,0.103376712798333,0.06886,0.176193791946309,"preeclampsia_vs_PretermControls","cmap","fulvestrant",1e-06,6,"MCF7","HT_HG-U133A","DMSO","Tocris","1047","ICI182,780","C0935916","NULL","DB00947",1
"1318",6036,-0.132663647524791,0.00548,0.0253819286256644,"preeclampsia_vs_PretermControls","cmap","fulvestrant",1e-06,6,"PC3","HT_HG-U133A","DMSO","Tocris","1047","ICI182,780","C0935916","NULL","DB00947",1
"1319",6039,-0.125460025018207,0.01119,0.0440664945125888,"preeclampsia_vs_PretermControls","cmap","irinotecan",1e-04,6,"MCF7","HT_HG-U133A","DMSO","Sigma-Aldrich","I1406","irinotecan HCl","C0594375","NULL","DB00762",1
"1320",6048,0,1,1,"preeclampsia_vs_PretermControls","cmap","daunorubicin",1e-06,6,"MCF7","HT_HG-U133A","DMSO","Sigma-Aldrich","D8809","daunorubicin HCl","C0724567","NULL","DB00694",1
"1321",6052,0,1,1,"preeclampsia_vs_PretermControls","cmap","daunorubicin",1e-06,6,"PC3","HT_HG-U133A","DMSO","Sigma-Aldrich","D8809","daunorubicin HCl","C0724567","NULL","DB00694",1
"1322",6066,0,1,1,"preeclampsia_vs_PretermControls","cmap","daunorubicin",1e-06,6,"MCF7","HT_HG-U133A","DMSO","Sigma-Aldrich","D8809","daunorubicin HCl","C0724567","NULL","DB00694",1
"1323",6069,0,1,1,"preeclampsia_vs_PretermControls","cmap","pioglitazone",1e-05,6,"PC3","HT_HG-U133A","DMSO","LKT Laboratories","P6594","pioglitazone HCl","C0872972","NULL","DB01132",1
"1324",6071,-0.121591666691506,0.01596,0.0575390070921986,"preeclampsia_vs_PretermControls","cmap","irinotecan",1e-04,6,"MCF7","HT_HG-U133A","DMSO","Sigma-Aldrich","I1406","irinotecan HCl","C0594375","NULL","DB00762",1
"1325",6075,0.106701792839043,0.0537,0.145135135135135,"preeclampsia_vs_PretermControls","cmap","fulvestrant",1e-06,6,"MCF7","HT_HG-U133A","DMSO","Tocris","1047","ICI182,780","C0935916","NULL","DB00947",1
"1326",6076,-0.140572873560021,0.00244,0.0138455813953488,"preeclampsia_vs_PretermControls","cmap","irinotecan",1e-04,6,"PC3","HT_HG-U133A","DMSO","Sigma-Aldrich","I1406","irinotecan HCl","C0594375","NULL","DB00762",1
"1327",6080,0,1,1,"preeclampsia_vs_PretermControls","cmap","fulvestrant",1e-06,6,"PC3","HT_HG-U133A","DMSO","Tocris","1047","ICI182,780","C0935916","NULL","DB00947",1
"1328",6092,0,1,1,"preeclampsia_vs_PretermControls","cmap","vinblastine",1e-07,6,"MCF7","HT_HG-U133A","DMSO","Sigma-Aldrich","V1377","vinblastine sulfate","C0042670","NULL","DB00570",1
"1329",6097,-0.110263799011791,0.04054,0.116703161868806,"preeclampsia_vs_PretermControls","cmap","vinblastine",1e-07,6,"PC3","HT_HG-U133A","DMSO","Sigma-Aldrich","V1377","vinblastine sulfate","C0042670","NULL","DB00570",1
