"","value","lansoprazole","methotrexate","halofantrine","streptozocin","levopropoxyphene","domperidone","fulvestrant","haloperidol","metformin","estradiol","sirolimus","fludrocortisone","dapsone","rosiglitazone","guanabenz","cefotiam","azacitidine","mycophenolic acid","nadolol","clozapine","camptothecin","biperiden","doxorubicin","trimethobenzamide","diphenhydramine","geldanamycin","staurosporine","benzocaine","iodixanol","lomustine","alsterpaullone","isometheptene","resveratrol","tenoxicam","mitoxantrone","thiamazole","sulfadimethoxine","genistein","daunorubicin","canrenoic acid","isoxicam","molindone","zalcitabine","irinotecan","moxisylyte","pioglitazone","metronidazole","metaraminol","verteporfin","cyanocobalamin","folic acid","ethotoin","finasteride","tocainide","levonorgestrel","valproic acid","phenindione","tretinoin","ribavirin","quinethazone","demeclocycline","doxazosin","atropine"
"180",1,564,288,644,643,654,396,605,430,458,590,612,74,534,575,376,660,104,391,548,392,205,651,130,375,554,368,196,603,628,249,226,608,278,655,305,195,671,484,319,207,174,451,446,385,319,345,556,199,242,191,605,375,567,691,299,427,8,167,415,217,164,293,270
"116",2.77664974619289,418,545,673,382,528,571,508,550,592,601,567,516,551,551,347,245,209,337,662,393,220,313,192,531,563,322,299,659,674,339,164,227,293,484,280,331,464,447,366,158,398,232,479,506,190,372,546,138,210,66,499,126,595,569,181,521,113,237,358,139,166,253,78
"634",4.55329949238579,399,524,484,618,243,364,625,409,559,633,524,573,443,389,299,362,273,345,566,378,354,649,274,445,510,493,460,395,649,189,113,643,546,176,507,535,368,421,384,444,555,213,334,429,93,513,595,206,431,454,510,83,629,393,325,301,199,427,219,280.5,323,372,208
"305",6.32994923857868,233,359,665,259,254,654,180,695,691,263,665,456,20,210,363,411,321,157,676,226,530,675,458,364,7,572,8,698,372,29,504,123,655,9,486,28,135,2,61,47,314,10,664,71,554,32,674,447,604,636,686,448,676,57,646,9,654,73,78,693,25,686,13
"165",8.10659898477157,578,348,563,673,665,572,458,643,501,545,435,498,624,386,441,3,27,662,503,371,42,552,14,105,661,297,282,490,591,180,383,658,662,647,42,599,650,258,24,88,630,365,261,63,409,526,175,140,559,297,503,110,642,442,210,661,257,368,545,676,416,116,345
"34",9.88324873096447,696,299,197,37,381,304,478,135,74,79,376,359,681,410,390,636,495,321,287.5,343,274,434,468,230,218,58,633,274,434,245,590,668,197,408,169,32,520,253,487,113,389,442,322,90,469,516,61,61,172,378,231,416,338,10,141,410,284,17,348,416,405,650,501
"325",11.6598984771574,668,552,161,19,692,699,456,611,598,255,410,631,238,683,518,392,673,509,376,150,556,683,654,543,16,552,611,402,355,672,582,337,466,497,656,334,292,154,666,464,83,545,372,27,547,31,450,72,671,366,241,155,124,365,431,615,529,570,246,502,342,562,520
"99",13.4365482233503,398,439,25,604,146,558,505,307,576,58,447,420,630,329,538,275,184,385,340,439,246,570,190,689,681,277,151,696,459,235,281,146,94,97,274,85,65,434,320,189,511,475,464,211,238,286,553,68,293,93,433,210,261,229,150,391,297,181,612,214,248,298,194
"433",15.2131979695431,458,662,538,686,659,504,569,498,193,383,58,565,550,53,701,63,92,19,677,610,85,22,639,674,587,687,627,262,693,695,145,604,144,515,453,239,10,327,559,701,668,635,187,4,699,621,45,500,115,499,5,415,13,115,625,628,697,700,5,314,582,691,696
"402",16.989847715736,26,180,360,549,462,46,400,401,49,655,81,378,489,456,43.5,250,597,645,529,404,586,365,500,323,433,20,569,562,314,111,500,489,336,430,381,255,90,70,540,210,425,294,95,680.5,374,367,133,545,86,622,650,598,281,358,569,339,254,252,144,541,291,231,593
"446",18.7664974619289,683,358,398,403,684,79,5,49,384,18,684,696,260,31,587,131,390,15,698,688,100,389,604,592,116,56,4,335,489,653,428,6,461,345,615,463,472,541,464,559,138,567,648,98,10,659,153,55,653,40,284,122,696,244,547,228,569,523,131,3,115,692,582
"409",20.5431472081218,452,616,78,608,691,587,220,327,427,589,152,490,561,655,531,332,173,413,526,167,124,121,146,67,363,349,409,684,349,243,218,189,399,582,176,521,548,384,310,263,497,526,497,516,105,508,639,93,373,266,378,280,524,498,225,396,77,171,470,211,100,300,238
"166",22.3197969543147,626,361,507,560,656,260,488,344,452,2,298,316,53,138,605,481,120,526,261,337,326,497,193,418,372,651,186,665,290,408,102,523,597,572,556,400,216,620,165,565,408,559,636,559,318,587,290,548,130,581,613,167,291,545,637,546,212,105,423,286,145,509,57
"482",24.0964467005076,527,467,390,545,558,487,486,608,527,582,606,569.5,579,266,471,572,327,131,398,597,573,391,287,416,660,90,347,593,223,637,38,596,491,538,445,536,590,394,561,502,508,400,128,637,337,439,380,602,499,663,416,668,299,379,476,458,649,89,313,496,455,489,258
"439",25.8730964467005,672,115,680,406,404,687,360,699,289,447,368,122,364,672,662,426,432,21,478,232,50,656,506,251,358,675,398,325,508,198,345,393,605,476,69,97,298,126,32,45,295,166,675,565,644,227,114,650,42,440,86,141,74,347,521,104,44,438,305,569,456,619,581
"255",27.6497461928934,597,527,510,610,670,573,621,48,677,701,577,638,654,569,576,551,459,617,631,421,108,562,57,449,677,206,376,568,585,201,70,2,542,608,71,624,576,689,101,592,665,576,295,121,627,56,227,58,649,442,194,636,357,395,502,195,627,507,151,690,614,66,578
"680",29.4263959390863,585,478,344,556,554,435,363,385,590,504,385,495,524,411,381,594,356,271,420,308,366,572,341,427,528,526,455,539,512,205,341,545,554,385,438,610,544,359,362,414,268,427,276,219,402,454,529,373,393,143,546,211,572,273,308,402,215,305,328,452,433,383,263
"660",31.2030456852792,505,674,4,636,17,307,648,468,511,615,486,126,648,561,673,15,594,585,602,459,82,486,555,682,682,571,554,1,581,484,5,403,464,689,593,64,122,352,452,38,609,270,163,274,697,16,340,656,565,650,694,695,131,679,591,73,60,350,456,104,353,531,682
"502",32.9796954314721,164,665,96,246,305,685,105,548,91,98,545,497,162,348,104,72,691,692,312,118,661,272,626,410,328,616,656,63,431,614,632,280,543,144,383,81,460,444,665,341,431,597,474,686,584,347,403,641,486,658,702,240,64,543,455,133.5,632,340,428,195,360,256,662
"555",34.756345177665,565,409,588,629,531,445,426,408,553,464,608,447,433,588,546,585,445,305,413,564,395,541,272,533,489,373.5,360,508,633,448,259,346,324,611,397,503,620,515,461,472,565,604,511,434,361,333,563,203,248,523,492,577,420,270,287,643,219,318,511,512,282,244,369
"677",36.5329949238579,174,32,132,181,130,503,186,197,362,147,255,101,192,400,25,130,540,425,208,125,91,385,485,80,128,433,451,676.5,248,696,584,157,570,125,388,202,272,374,541,527,669,639,628,25,650,64,670,623,387,654,329,248,19,644,601,337,225,695,24,49,663,83,666
"595",38.3096446700508,328,591,683,394,350,340,447,530,518,668,534,522,468,367,359,205,603,409,405,242,441,196,553,511,461,270,622,401,627,588,608,694,99,39,435,691,189,428,601,200,206,387,85,572,290,307,504,629,516,676,437,320,426,501,267,664,247,602,400,573,622,553,640
"54",40.0862944162437,202,198,456,370,319,372,281,256,545,473,433,280,459,104,476,511,234,384,618,515,219,179,116,454,553,508,190,582,466,385,103,648,405,310,369,445,107,475,306,436,397,470,490,276,167,470,512,215,552,267,212,229,532,458,199,657,514,306,176,509,103,464,527
"519",41.8629441624365,690,449,377,446,95,26,6,10,8,134,108,693,685,666,2,109,17,563,139,14,593,243,368,76,227,282,27,41,202,209,6,102,194,461,518,122,448,539,44,678,377,638,126,228,294,619,663,181,611,572,639,113,174,681,20,567,52,65,623,64,22,667,592
"73",43.6395939086294,530,496,616,368,518,413,499,610,623,224.5,529,317,481,562,484,589,123,58,374,471,263,642,219,502,602,307,85,575,200,312,201,500,300,656,370,605,606,286,289,196,488,534,382,296,257,510,651,126,237,151,331,148,448,238,173,311,103,145,548,234,411,339,288
"429",45.4162436548223,575,419,637,525.5,637,337,600,406,640,550,607,659,388,534,480,653,167,333,617,605,48,635,217,518,621,393,191,644,547,330,176,527,342,565,410,519,374,587,198,259,490,527,476,342,225,545,578,224,240,113,556,335,576,586,244,515,147,298,206,10,151,259,143
"43",47.1928934010152,423,330,494,547,555,512,519,526,668,596,497,520,601,447,429,587,556,352,460,447,616,534,536,249,585,424,373,617,606,400,574,591,482,585,374,555,564,564,346,154,472,443,384,290,91.5,628,222,194,10,227,519,325,39,477,171,238,129,304,554,700,656,59,187
"175",48.9695431472081,376,407,504,474,498,455,644,639,639,542,525,455,387,576,481,642,346,76,650,405,393,561,415,510,454,578,286,634,660,517,400,588,60,624,474,626,642,114,111,78,230,516,650,587,468,289,315,589,395,415,263,492,394,97,558,290,538,119,279,327,386,525,120
"65",50.746192893401,427,589,492,210,252,332,420,646,685,656,463,537,577,552,611,428,262,517,585,620,172,576,60,565,672,357,399,515,41,700,30,609,538,596,570,372,660,314,385,350,563,415,576,420,311,566,386,4,190,29,351,227,697,529,352,50,337,293,630,15,653,9,309
"293",52.5228426395939,693,420,467,426,550,567,595,574,233,560,686,454,128,675,446,628,511,316,629,199,12,577,115,380,103,670,296,371,460,184,286,470,179,607,3,58,59,309,374,499,667,651,515,14,609,369,332.5,308,467,662,684,35,395,279,618,456,237,503,102,225,510,403,673
"701",54.2994923857868,681,613,675,679,237,701,686,39,75,698,5,428,68,654,583,371,598,674,702,88,5,422,13,376,99,623,5,346,448,698,269,64,5,153,5,9,128,305.5,376,234,658,569,695,5,11,554,696,588,584,519,504,32,59,65,16,72,690,652,11,103,467,18,394
"296",56.0761421319797,563,425,468,694,653,593,443,631,433,265,4,147,493,700,585,58,1,649,1,602,541,640,8,263,512,469,456,498,676,231,35,8,478,625,384,676,669,591,418,476,619,643,685,206,59,690,690,43,93,123,530,79,40,683,4,49,221,686,627,176,2,665,22
"205",57.8527918781726,378,521,632,454,626,540,633,586,620,607,506,548,634,578,466,445,189,343,57,598,259,555,270,379,666,483,400,480,152,341,372.5,605,403,175,161,631,627,408,330,151,455,517,521,315,236,441,638,246,163,265,427,197,647,554,120,349,146,148,465,200,140,162,140
"53",59.6294416243655,664,501,157,498,374,300,627,457,430,539,127,332,377,473,238,156,180,558,335,454,115,327,386,176,535,216,353,408,535,247,237,375,524,247,287,295,168,529,270,89,382,623,152,265,288,519,669,314,264,179,347,239,473,463,574,214,220,505,72,246,552,380,168
"254",61.4060913705584,296,1,668,404,240,33,10,158,3,217,309,327,686,83,71,108,687,22,96,44,686,129,662,12,36,188,677,419,244,587,678,448,586,78,629,339,415,57,676,653,109,47,30,697,486,695,98,531,701,588,682,515,144,157,55,580,28,21,301,688,460,695,678
"173",63.1827411167513,142,514,101,430,133,383,410,206,218,196,453.5,204,194,408,430,297,674,553,116,401,695,25,675,304,187,462,500,258,208,305,683,254,548,236,690,529,355.5,455,606,635,96,98,342,669,260,39,99,324,511,585,67,378,376,46,468,131,657,512,142,647,636,485,334
"316",64.9593908629442,456,434,464,602,575,399,328,533,585,496,530,479,482,466,479,635,427,428,615,511,302,553,366,422,507,33,423,615,531,641,188,419,430,564,194,580,477,441,417,627,224,33,113,450,321,148,251,183,562,517,290,369,279,104,621,182,473,554,422,148,536,596,305
"390",66.736040609137,259,259,402,586,342,328,386,549,612,360,318,552,616,23,276,538,446,370,571,376,523,548,201,459,595.5,466,381,42,381,485,194,59,535,604,472,47,63,420,350,23,426,334,603,153,338,325,351,252,407,15,444,316,323,372,349,509,275,329,303,302,698,516,180
"212",68.51269035533,497,503,292,461,628,485,558,429,611,556,430,407,503,371,353,378,207,386,458,434,285,461,209,396,577,377,217,532,597,258,252,481,437,432,234,488,648,407,277,159.5,477,353,366,406,375,469,593,261,411,162,543,313.5,478,590,228,371.5,243,348,474,174.5,365,155,204
"213",70.2893401015228,207,657,409,193,255,66,472,525,273,173,510,107,372,225,475,22,529,96,151,37,526,43,411,575,69,453,405,251,84,324,533,153,616,27,332,176,50,59,353,463,345,74,73,619,592,25,535,536,579,649,636,591,324,153,161,230,598,651,92,652,612,535,244
"22",72.0659898477157,151,236,129,274,78,65,162,95,204,280,64,287,389,54,136,165,358,327,191,187,342,270,59,668,62,187,291,138,155,576,61,256,127,255,88,115,241,132,295,562,416,167,68,77,562,232,240,570,451,178,105,585,275,293,366,101,532,443,214,529,408,62,467
"387",73.8426395939086,251,66,73,96,207,100,176,541,58,114,130,59,525,47,189,321,634,497,230,135,637,178,638,164,83,62,563,303,204,112,648,461,639,205,658,171,181,106,656.5,274,77,130,145,115,595,298,302,644,433,629,631,476,419,269,183,434,644,594,178,615,514,611,505
"669",75.6192893401015,489,532,598,595,534,498,473,575,471,579,388,481,406,406,635,550,534,505,525,575,414,527,17,397,481,367,415,611,568,652,12,581,320,555,196,567,589,61,53,648,541,368,18,395,49,655,307,9,592,115,627,41,321,511,278,662,184,683,541,60,399,113,529
"373",77.3959390862944,280,110,397,56,88,378,170,153,157,260,179,330,72,141,61,316.5,658,150,409,396,698,171,671,89,250,637,645,157,259,145,679,236,366,137,549,335,97,494,663,628,125,24,116,694,398,434,185,466.5,456,400,267,500,189,291,257,654,485,572,82,477,320,476,594
"143",79.1725888324873,592,568,657,591,667,342,612,623,577,532,559,384,380,698,526,621,279,379,169,369,206,633,263,451,463,280,683,460,37,342,253,532,584,616,404,647,646,571,223,18,412,499,495,432,90,534,621,154,228,147,382,406,614,654,283,651,328,313,365,295,297,307,16
"597",80.9492385786802,482,567,702,467,20,596,429.5,471,445,638,539,22,393,663,516,269,11,663,447,561,36,259,218,405,462,7,148,484,478,616,429,51,349,690,618,700,42,623,11,679,687,31,693,654,384,604,156,329,616,674,9,206,664,676,392,467,629,678,645,274,194,196,654
"581",82.7258883248731,463,519,369,487,397,517,248,622,547,151,494,525,541,382,413,260,494,81,534,287,323,103,430,461,498,326,368,495,635,321,295,555,518,467,367,304,396,608,360,446,298,405,542,314,439,202,394,417,441,327,232,491,276,313,206,203,429,616,447,583,638,527,563
"376",84.502538071066,460,367,527,472,566,314,459,501,552,490,412.5,386,537,345,378,387,198,380,253,472,357,431,334,371,394,309,592,421,185,283,327,221,484,553,362,530,442,610,258,371,378,399,291,427,276,173,446,238,302,139,395,94,256,328,259,401,298,128,413,352,126,246,291
"8",86.2791878172589,700,231,697,420,417,695,204,676,293,108,196,20,153,3,696,453,519,18,651,156,615,330,622,690,412,681,577,129,513,578,668,197,532,252,589,51,134,9,600,99,688.5,53,205,544,522,600,207,582,140,80,228,680,681,635,674,596,17,591,23,382,616,581,679
"673",88.0558375634518,11,252,406,677,268,146,677,5,133,660,677,684,64,662,72,465,648,117,672,595,676.5,10,672,468,700,700,600,689,421,579,642,230,657,181,686,17.5,687,194,632,655,58,479,690,97,15,673,136,53,652,697,687,671,677,695,700,647,676,27,255,586,666,108,499
"623",89.8324873096447,273,392,578,113,439,93,373,390,269,154,65,409,366,170,439,186,525,670,317,58,175,265,407,701,46,311,168,409,196,686,451,14,439,82,75,143,500,344,83,184,519,672,66,339,523,339,32,377,465,356,532,224,470,608,323,399,104,28,495,306,544,341,469
"467",91.6091370558376,347,199,354,364,260,368,303,287,358,220,304,506,294,623,608,287,422,445,324,457,430,303,431,486,351,528,169,205,333,518,495,564,238,418,543,441,400,340,155,540,238,609,561,340,301,332,477,334,526,422,321,338,280,389,313,318,490,478,225,284,188,214,158
"579",93.3857868020305,67,184,358,152,26,121,150,660,296,272,667,296,103,161,87,74,561,599,58,672,564,52,574,60,151,510,274,316,310,486,650,348,672,53,592,449,141,651,151,696,207,128,28,626,604,645,177,524,651,384,121,138,445,620,443,97,502,546,355,648,611,574,614
"434",95.1624365482234,361,333,576,589,541,492,641,598,588,569,644,595,478,407,389,504,117,430,649,520,275,636,125,474,518,252,102,506,11,379,221,63,578.5,560,321,601,643,319,397,112,605,384,569,382,106,658,597,182,311,121,476,202,628,215,138,684,36,143,375,167,239,267,257
"508",96.9390862944162,334,617,130,91,57,386,273,329,394,254,327,188,284,365,260,150,685,545,467,307,688,159,683,556,324,124,689,131,335,674,680,238,589,316,680,139,79,671,672,227,424,605,388,618,504,362,544,71,617,448,612,379,171,555,579,335,511,346,527,445,580,521,245
"310",98.7157360406091,685,500,165,62,175,669,91,54,701,692,9,471,11,70,31,701,526,206,659.5,664,407,261,592,11,175,554,667,357,34,619,481,47,653,30,681,93,418,602,520,51,310,637,659,510,624,637,183,70,31,647,676,675,41,197,464,283,420,53,243,702,697,701,19
"162",100.492385786802,167,335,117,537,583,6,490,424,164,164,213,364,497,432,202,9,287,355,581,113,477,27,85,198,24,375,365,342,135,229,97,351,372,468,377,396,425,179,287,497,46,101,8,672,411,356,420,57,495,79,186,689,78,15,269,606,32,336,343,601,650,472,494
"348",102.269035532995,644.5,679,575,320,118,506,675,155,542,31,479,551,444,498,399,522,563,610,94,679,613,283,561,652,205.5,668,575,188,151,492,438,411,93,513,647,491,81,426,597,316,485.5,436,530,367,570,464,401.5,585,497,258,66,432,290,397,25,433,468,341,274,267,186,225,393
"148",104.045685279188,270,111,249,188,247,254,135,241,225,223,68,260,659,57,186,138,323,177,315,271,348,126,68,233,291,520,222,162,400,73,416,308,79,136,171,217,212,204,169,493,254,156,136,145,511,225,294,532,689,84,261,489,243,156,111,109,43,464,217,375,340,461,503
"114",105.822335025381,655,658,164,442,340,600,48,111,409,643,96,396,225,253,53,336,33,446,62,180,399,294,18,678,201,127,610,103,122,101,27,86,13,356,187,33,98,637,134,589,71,155,305,42,27,189,469,422,46,533,296,634,229,426,436,11,543,36,139,538,337,14,672
"385",107.598984771574,431,326,660,281,483,563,428,232,638,694,208,431,588,634,633,590,659,46,697,625,548,187,544,481,617,465,612,550,698,691,675,568,488,551,205,603,25,694,602,57,594,348,663,634,639,27,122,318,502,390,18,499,159,447,89,307,317,701,625,590,641,636,102
"640",109.375634517766,394,561,518,386,511,301,594,600,660,629,597,594,620,474,370,532,116,357,632,368,145,645,291,363,455,407,28,623,487,474,313,632,164,637,31,650,488,556,179,11,635,666,586,374,157,524,510,298,353,12,539,392,580,351,582,559,98,94,419,54,216,271,62
"181",111.152284263959,548,632,508,637,506,545,635,617,672,619,495,528,572,546,638,641,208,263,19,381,156,589,197.5,598,651,413,88,479,659,562,25,624,70,240,220,544,52,595,305,252,607,297,423,263,317,546,513,303,209,233,566,4,608,441,151,189,87,226,569,221,259,184,308
"245",112.928934010152,382,577,509,300,630,525,576,383,658,580,383,657,427,548,589,643,476,501,621,583,536,502,444,580,656,694,284,606,529,535,460,649,36,671,585,633,596,676,478,72,657,70,638,487,478,45,335,684,623,690,293,640,165,701,438,594,702,629,683,312,549,612,656
"334",114.705583756345,156,398,237,140,293,341,369,198,178,441,274,301,137,413,280,223,487,450,276,357,429,289,494,549,190,574,401,378,336,524,588,387,534,287,375,273,182,413,437,385,201,373,330,500,275,549,523,521,171,453,247,389,370,303,652,359,470,238,95,619,577,481,371
"94",116.482233502538,610,488,629,660,434,623,512,613,401,477,281,266,272,671,382,656,149,474,684,385,8,641,524,332,302,1,184,308,699,162,455,432,118,280,476,343,297,181,502,424,356,671,428,54,408,551,518,131,101,342,138,536,598,78,3,614,453,326,345,625,494,578,182
"75",118.258883248731,226,659,151,352,356,672,279,356,364,365,100,310,169,289,670,682,550,606,674,191,625,361,576,187,286,696,264,318,533,548,572,463,564,395,456,161,289,691,587,100,255,120,191,620,689,612,400,395,543,640,91,576,673,169,58,208,636,531,657,341,434,429,651
"80",120.035532994924,590,603,511,480,662,489,422,460,652,462,386,563,611,489,442,599,130,338,624,553,325,571,308,305,636,376,560,641,634,289,148,562,373,617,395,538,587,429,284,278,560,413,436,441,96,397,587,139,294,277,345,376,615,548,273,475,116,149,631,179,250,295,145
"76",121.812182741117,445,482,8,626,523,592,362,389,653,508,419,635,644,435.5,561,499,16,694,512,587,79,603,426,368,675,227,462,584,614,592,452,637,507,278,107,640,599,598,642,425,20,542,160,55,21,528,433,558,457,489,666,483,237,632,632,21,448,579,226,612,11,693,687
"132",123.58883248731,503,157,255,161,577,431,513,24,282,400,82,232,105,554,38,66,629,293,327,521,438,379,552,236,138,38,536,140,425,654,521,442,61,263,29,159,453,574,113,432,79,97,665,613,160,315,107,520,12,430,304,571,452,47,208,98,496.5,561,66,670,303,284,350
"496",125.365482233503,50,424,81,251,43,677,671,544,131,434,499,405,74,217,116,305,656.5,686,463,49,676.5,74,644,224,154,652,621,311,392,573,471,435,682,203,624,297,191,677,652,214,198,75,189,682,560,210,516,592,606,614,665,516,313,192,415,464,255,502,443,342,619,548,556
"590",127.142131979695,674,385,438,128,353,663,263,123,33,103,192,527,349,659,102,233,60,679,126,72,585,357,569,687,38,551,658,150,428,544,489,42,566,336,491,5,46,596,108,42,334,76,660,142,455,692,664,627,41,598,154,53,691,171,629,107,527,680,654,316,473,696,17
"338",128.918781725888,643,145,393,296,120,173,210,672,9,105,216,683,149,119,118,10,579,90,284,348,575,55,545,113,91,679,691,164,201,692,586,52,173,81,204,383,91,681,570,469,7,514,621,527,677,50,373,56,454,24,622,171,666,651,397,616,589,6,633,351,679,122,702
"357",130.695431472081,676,295,579,252,383,403,476,274,173,153,238,276,394,399,213,213,277,579,320,443,17,226,613,297,220,678,653,143,439,147,258,350,296,231,572,43,166,139,646,606,527,407,169,152,299,386,476,347,288,610,47,330,571,246,198,649,559,44,409,550,691,529,286
"218",132.472081218274,567,270,381,145,323,490,391,414,283,516,550,187,375,388,315,257,368,151,372,295,240,492,388,315,371,146,153,406,213,453,130,266,212,271,104,310,190,290,373,398,95,93,109,116,487,156,352,346,664,508,386,407,98,324,456,382,500,577,230,397,488,333,396
"9",134.248730964467,677,675,52,318,698,167,676,227,368,680,75,224,694,611,665,396,605,471,70,73,18,686,509,49,304,345,567,31,435,566,338,301,389,349,637,181,18,619,497,465,591,665,394,251,134,696,701,683,2,219,523,52,643,34,681,110,314,4,624,18,525,8,388
"656",136.02538071066,601,607,379,518,328,516,602,637,664,567,472,369,483,517,619,603,255,240,3,631,560,1,4,610,643,350,572,493,2,680,193,682,533,455,583,484,3,565,15,522,361,465,600,244,267,540,688,6,282,686,610,92,655,680,41,261,332,211,604,144,381,6,230
"298",137.802030456853,513,431,483,569,538,398,445,523,565,587,439,489,470,512,541,625,266,453,494,502,204,419,145,450,568,200,314,537,645,439,233,554,380,580,291,611,495,437,266,161,192,242,430,476,227,499,397,380,146,303,430,414,587,334,284,593,267,287,280,186,191,165,188
"44",139.578680203046,234,175,283,301,248,235,338,215,148,399,366,303,418,422,239,349,509,262,283,252,295,268,399,370,287,464,411,418,267,515,374,319,299,254,314,351,256,255,331,353,262,488,212,75,465,199,312,262,532,279,438,399,508,413,280,180,449,469,420,540,583,359,363
"395",141.355329949239,701,248,307,388,476,702,27,341,19,689,337,259,185,322,147,261,633,643,98,266,644,456,684,2,165,676,568,72,186,98,629,679,555,232,653,377,364,673,599,633,74,645,673,502,423,643,353,551.5,53,535,218,674,63,42,644,17,507.5,580,686,596,476,131,462
"575",143.131979695431,671,222,253,469,448,239,669,686,313,104,115,494,328,593,74,665,90,200,281,195,183,277,377,698,266,335,442,220,114,450,336,55,608,261,514,110,260,580,383,384,384,622,567,260,60,498,22,256,274,137,369,196,683,493,37,700,84,26,611,233,76,12,356
"522",144.908629441624,635,298,34,45,242,336,692,700,12,332,359,73,684,417,356,685,111,405,701,400,134,692,108,316,168,590,105,3,102,298,119,355,671,518,411,508,24,430,392,132,65,515,454,19,86,411,564,663,178,506,550,347,472,126,678,547,651,206,39,244,210,237,186
"174",146.685279187817,469,400,636,555,497,290,544,569,558,576,428,511,417,363,472,607,462,8,168,411,601,479,36,499,552,171,23,581,561,697,530,613,20,646,527,623,604,3,514,9,365,684,683,202,466,320,363,701,591,657,1,44,674,19,698,368,678,118,109,31,700,73,66
"628",148.46192893401,470,570,553,495,581,523,504,506,560,519,470,532,536,378,618,552,175,350,606,582,164,559,90,329,540,450,336,559,598,322,136,553,407,587,347,584,546,398,311,159.5,557,430,507,417,187,550,527,697,199,234,448,286,512,502,6,175,309,132,622,199,193,263,240
"68",150.238578680203,545,553,633,593,588,292,614,422,687,446,632,458,637,34,591,657,6,513,547,551,141,610,99,613,668,218,89,37,16,390,320,625,289,653,425,12,651,603,398,123.5,572,1,578,266,217,337,398,315,218,305,579,191,625,686,157,479,222,193,570,215,621,370,222
"582",152.015228426396,665,691,192,48,451,199,30,358,35,228,13,335,351,32,15,46,624,684,142,17,701,131,699,106,93,80,687,288,62,85,701,41,684,64,698,50,485,82,699,673,67,44,211,683,571,7,236,680,578,371,40,42,38,145,561,142,630,19,264,89,517,543,423
"157",153.791878172589,612,39,413,553,634,482,570,592,633,574,400,627,618,376,250,501,636,584,579,638,572,524,515,476,658,677,445,13,86,677,573,524,523,537,504,608,583,638,480,664,644,42,161,222,537,193,359,74,702,699,620,459,228,16,450,585,25,694,658,548,65,117,599
"679",155.568527918782,577,534,498,563,607,481,423,434,645,594,563,474,498,278,482,516,337,361.5,232,441,466,481,155,373,594,432,319,596,632,410,367,576,161,600,515,637,232,456,200,261,575,431,468,412,229,353,481,165,45,192,371,232,326,565,110,621,260,129,579,87,129,19,285
"479",157.345177664975,248,448,548,232,269,141,103,42,256,44,465,63,104,640,388,247,569,669,102,313,680,518,676,21,131,396,561,240,105,560,635,307,547,142,670,156.5,138,257,683,614,283,147,96,635.5,396,129,264,637,309,163,370,424,249,500,596,316,507.5,426,537,683,576,606,657
"388",159.121827411168,315,349,327,640,195,360,449,469,302,422,214,477,282,294,401,200,451,308,114,397,310,664,327,122,397,365,382,625,441,421,385,207,191,613,469,397,514,502,232,360,302,394,580,215,325,466,155,275,434,576,297,302,563,520,205,251,361,412,357,394,480,297,362
"150",160.89847715736,546,88,424,306,90,664,110,412,437,308,232,208,165,390,69,455,632,615,152,77,639,328,617,351,71,560,589,127,222,644,624,339,670,583,622,116,335,640,624,600,149,417,307,671,601,38,198,595,362,382,320,272,242,106,549,363,617,325,359,508,398,203,667
"128",162.675126903553,467,450,555,614,595,377,581,564,579,540,561,500,606,274,366,613,282,619,445,452,684,538,697,281,589,598,690,518,621,449,561,583,171,471,691,497,416,162,696,572,304,65,260,69,525,238,486,497,525,301,264,361,263,575,664,365,377,576,463,344,177.5,424,533
"308",164.451776649746,91,311,173,112,15,309,24,19,371,669,227,239,346,191,60,129,667,210,295,75,225,423,631,458,92,642,666,219,63,280,606,369,347,115,626,234,178,566,656.5,363,42,541,450,196,692,535,545,285,561,689,524,490,146,280,680,459,652,480,77,537,533,664,621
"598",166.228426395939,31,81,198,103,161,99,212,82,62,288,538,270,62,99,78,253,578,551,51,236,581,120,563,58,504,403,374,462,237,402,623,424,628,182,290,282,294,14,532.5,586,299,18,89,59,526,74,281,600,84,200,195,371,458,374,592,294,345,471,651,67,294,277,72
"3",168.005076142132,511,609,493,514,649,415,636,641,642,559,443,553,539,531,553,593,91,561,595,635,27,460,2,616,635,274,64,612,647,151,74,616,664,645,35,528,647,34,3,430,467,295,206,400,645,21,181,226,679,150,679,688,391,528,116,646,217,38,568,593,499,150,697
"168",169.781725888325,652,693,469,221,156,696,293,164,254,642,358,151,159,616,656,348,593,248,479,169,421,320,42,291,382,589,586,132,520,55,349,663,582,266,478,92,32,523,127,16,676,668,256,486,638,635,74,678,89,587,693,684,77,23,426,53,622,702,341,467,108,61,701
"347",171.558375634518,524,406,626,607,604,402,566,512,635,505,574,466,513,396,494,432,251,306,292,549,279,428,232,308,606,498,343,465,655,308,146,491,485,338,164,579,454,376,309,226,474,464,386,477,269,449,390,208,307,228,574,410,510,552,319,277,373,263,613,279,298,218,157
"550",173.335025380711,699,186,685,441,330,693,298,231,65,131,352,81,99,144,192,296,680,529,231,263,697,447,702,180,331,666,693,27,408,648,702,373,443,340,700,423,466,120,700,404,19,265,199,687,44,613,381,44,496,480,108,662,154,94,441,154,692,39,224,539,34,466,432
"517",175.111675126904,522,498,87,286,302,335,359,298,260,97,279,271,52,470,208,405,325,486,404,60,343,433,511,489,275.5,474,332,178,305,307,440,140,276,160,452,428,153,575,466,267,445,377,171,465,467,445,263,474,236,653,315,626,50,508,220,450,287,393,186,235,465,505,436
"121",176.888324873096,429,533,293,699,562,524,640,461,505,300,609,230,479,643,468,678,128,118,32,430,34,111,52,586,492,287,172,556,76,241,134,356,247,594,40,87,482,310,19,156,434,658,630,240,153,358,668,263,612,25,685,24,665,623,281,539,311,589,458,43,483,498,483
"152",178.664974619289,352,671,11,80,179,22,157,51,16,48,17,142,677,22,650,18,635,519,22,110,443,36,419,271,365,16,384,321,47,580,458,66,611,328,528,56,150,55,427,571,264,591,355,221,593,602,415,82,466,613,82,62,305,112,673,177,560,644,304,476,502,53,42
"86",180.441624365482,446,487,515,546,661,323,572,392,473,653,578,607,552,543,358,479,139,410,574,565,140,574,121,234,586,248,477,633,541,467,124,488,167,143,302,494,580,270,312,265,622,340,409,20,340,364,246,660,168,127,489,208,653,613,77,555,305,284,619,177,285,344,127
"230",182.218274111675,153,185,109,27,96,605,140,191,54,240,288,557,121,420,46,346,614,573,157,284,655,325,655,75,183,84,663,126,332,369,671,96,355,178,645,203,110,118,628,654,387,104,103,627,626,425,384,356,513,193,45,511,489,136,544,103,189,568,99,611,599,408,635
"608",183.994923857868,646,15,669,684,685,613,668,195,121,667,701,700,160,71,661,418,369,172,495,6,406,164,432,188,68,137,404,21,331,591,526,413,65,41,574,391,479,39,577,650,679,647,376,557,643,139,91,557,403,604,699,56,76,55,577,678,415,673,694,630,472,537,479
"192",185.771573604061,290,216,367,345,348,190,285,214,412,444,248,263,202,247,279,464,44,198,422.5,278,67,396,37,654,368,213.5,33,215,424,121,355,368,115,681,109,322,384,696,64,75,263,600,679,160,534,271,378,103,123,402,257,482,433,312,368,210,367,364,667,72,504,427,414
"115",187.548223350254,440,396,152,60,144,98,356,381,535,551,477,371,367,106,177,419,474,415,683,391,559,97,589,636,225,423,175,109,99,431,549,462,290,214,487,83,409,125,610,49,228,554,279,581,678,126,160,364,523,627,547,661,346,255,417,304.5,238,308,156,526,330,478,389
"313",189.324873096447,477,495,225,530,602,474,613,627,472,431,558,558,511,258,592,480,376,560,170,425,491,296,532,500,513,547,629,500,679,584,563,623,551,548,607,253,533,614,598,376,484,336,452,401,397,205,322,345,348,437,516,145,492,483,367,645,346,590,437,578,375,573,379
"237",191.10152284264,76,321,290,304,189,505,649,458,541,172,322,502,174,236,517,273,644,84,689,494,570,9,513,493,105,655,681,174,94,196,664,689,511,201,616,36,557,418,563,337,241,667,631,570,212,368,121,666,599,584,678,453,552,356,490,653,390,489,170,603,404,507,642
"352",192.878172588832,488,624,640,579,561,472,647,588.5,625,588,648,475,500,360,454.5,289,18,268,501,643,232,624,135,626,571,499,97,467,43,585,496,17,367,380,380,591,541,285,378,192,617,621,427,440,379,319,125,27,154,114,55,654,435,573,657,514,292,154,429,608,518,31,349
"84",194.654822335025,380,630,624,540,610,484,485,516,550,341,515,381,523,385,547,543,380,638,484,486.5,531,380,466,566,597,48,473,521,639,87,333,499,345,526,575,639,431,568,98,496,559,299,333,437,147,480,479,46,528,120,353,279,368,589,288,393,145,553,484,142,542,433,318
"525",196.431472081218,371,525,621,645,616,365,389,531,649,534,593,600,610,535,341,562,259,431,493,558,174,545,195,639,630,692,82,635,648,668,311,631,596,623,315,513,516,252,335,230,666,642,524,698,357,497,648,20,212,549,472,396,17,170,375,610,597,160,36,287,217,325,213
"217",198.208121827411,667,58,436,218,367,602,174,166,241,168,32,47,281,633,179,352,416,101,277,216,462,400,73,667,248,39,50,369,371,142,550,226,626,374,602,41,109,8,538,491,208,251,202,569,448,668,680,376,681,628,188,164,430,360,562,40,362,596,339,113,673,687,44
"184",199.984771573604,221,509.5,272,224,221,176,144,270.5,160,348,109,200,360,627,111,231,639,626,435,56,619,232,537,165,222,640,528,235,330,570,529,302,285,307,418,198.5,347,675,268,567,216,274,228,650,573,87,79,619,635,479,341,493,262,294,304,522,574,637,288,588,401,584,443
"380",201.761421319797,486,473,634,490,400,385,608,616,669,622,457,513,639,381,552,531,365,65,584,475,96,491,474,508,476,627,75,586,664,618,380,497,138,669,150,546,588,206,63,408,595,536,651,461,543,186,92,23,602,33,63,487,649,262,29,620,683,687,688,378,75,547,537
"216",203.53807106599,630,681,688,329,25,275,117,349,295,264,180,130,270,187,219,95,697,664,33,170,694,19,674,259,238,698,696,442,242,509,658,240,652,457,682,403,69,679,616,695,64,522,609,693,532,639,208,682,534,18,28,686,668,335,607,206,568,107,676,628,519,490,539
"650",205.314720812183,190,663,670,670,60,366,667,294,73,382,660,689,9,664,218,112,585,642,63,460,588,134,573,108,524,611,407,168,26,168,465,681,647,676,498,477,6,629,543,91,217,56,327,667,517,243,391,369,40,337,168,589,282,605,106,590,469,35,647,70,92,419.5,596
"292",207.091370558376,422,331,485,456,361,351,233,474,467,605,446,465,569,427,222,666,500,628,533,345,415,452,256,36,441,638,550,44,573,202,261,469,123,416,426,459,473,613,402,379,616,511,240,520,429,590,559,300,354,52,422,645,568,176,635,528,430,316,581,321,451,579,296
"421",208.868020304569,435.5,566,607,681,611,546,618,415,523,499,396,569.5,398,684,572,634,589,682,626,550,587,637,529,485,479,336,421,523,651,547,532,515,219,562,520,527,597,219,609,434,637,450,681,480,671,632,310,1,521,287,642,39,71,637,1,640,100,68,159,401,368,152,650
"360",210.644670050761,598,441,612,695,545,547,28,581,688,65,555,662,645,693,383,700,69,25,696,618,113,699,566,515,670,298,187,519,701,690,240,498,263,659,53,473,692,303,13,394,648,201,670,423,690,5,416,273,121,675,170,691,417,660,291,687,331,699,446,638,12,617,699
"351",212.421319796954,442,583,684,672,168,77,450,479,508,699,132,54,542,661,606,60,645,473,673,458,700,79,698,622,496,26,643,670,380,520,687,194,695,122,697,674,428.5,662,691,698,59,154,78,702,679,152,20,416,600,444,240,681,289,73,59,581,675,690,698,441,509,657,605
"415",214.197969543147,611,547,544,606,673,527,440,475,683,691,638,43,475,691,344,544,311,334,433,632,344,606.5,131,589,601,131,52,622,677,430,284,287,330,663,7,689,679,298,237,329.5,612,300,461,301,395,395,605,245,8,561,568,374,622,460,275,541,89,442,434,1,289,442,372
"622",215.97461928934,379,627,523,499,494,434,599,467,666,536,622,434,643,72,634,579,555,228,562,572,398,148,453,620,637,143,279,595,446,574,363,606,282,573,137,597,524,69,426,416,597,633,331,170,480,285,113,523,410,683,97,504,195,261,82,152,341,458,629,364,344,138,564
"532",217.751269035533,576,422,43,183,377,559,152,292,82,100,120,476,320,587,493,409,431,484,362,112,561,395,324,517,72,536,200,639,418,185,328,125,569,277,458,175,385,248,512,584,346,364,303,602,326,317,127,606,215,449,664,400,247,513,553,397,567,266,431,232,383,283,179
"286",219.527918781726,329,472,182,377,312,347,503,371,351,331,659,308,251,339,261,322,435,514,120,335,425,412,512,239,315,71,573,434,142,306,597,334,502,250,153,189,380,631,623,517,253,157,278,154,332,399,612,494,482,424,235,289,422,173,457,346,384,439,659,514,607,622,480
"60",221.304568527919,224,352,392,683,122,344,236,577,521,677,438,57,17,426,528,37,449,10,26,533,460,693,176,386,288,385,594,94,619,288,15,695,641,2,27,125,5,293,484,327,464,6,396,456,320,331,685,291,350,97,587,678,584,484,330,2,125,448,483,665,690,470,137
"435",223.081218274112,607,453,491,484,675,535,562,413,589,523,546,488,432,311,529,595,102,353,682,546,284,638,112,430,458,261,143,461,672,277,147,492,266,554,427,628,608,534,186,309,460,341,558,310,339,393,582,128,165,107,557,306,613,532,245,390,263,165,599,191,198,270,26
"87",224.857868020305,312,304,347,360,235,635,235,300,481,249,406,649,362,175,355,359,96,518,95,624,484,498,391,345,421,491,240,525,309,234,325,365,234,376,226,342,622,173,139,32,452,565,317,484,399,547,417,450,372,427,641,564,624,461,97,565,403,385,281,332,111,364,510
"500",226.634517766497,616,305,421,525.5,473,265,380,571,503,478,619,209,220,320,604,379,627,697,282,241,635,612,619,504,482,255,509.5,660,559,615,609,607,270,375,632,587,543,124,605,222,493,593,547,556,615,678,178,406,504,116,365,63,422,646,328,680,119,365,163,458,655,585,609
"471",228.41116751269,411,244,649,652,530,520,451,636,684,56,414,533,649,111,584,649,399,100,12,654,554,629,448,358,680,701,537,683,6,260,232,522,615,649,557,470,623,348,36,699,699,578,74,653,559,693,681,699,57,698,237,3,79,662,654,358,656,676,700,25,596,29,60
"459",230.187817258883,515,586,630,25,629,486,568,485,490,5,485,463,650,19,617,598,405,159,35,444,56,558,635,605,616,421,680,692,90,67,19,537,397,10,55,364,691,586,26,453,536,3,701,467,471,657,85,671,667,474,632,27,60,638,305,688,41,55,444,566,19,700,637
"167",231.964467005076,584,176,599,104,372,311,95,310,203,390,349,295,319,131,81,193,668,468,396,111,638,564,645,353,424,639,688,106,433,534,603,304,4,207,644,167,120,13,668,651,18,151,195,3,625,284,337,519,636,450,262,497,34,40,373,413,694,532,202,480,526,569,638
"194",233.741116751269,554,371,617,592,587,416,642,612,512,606,616,543,635,518,205,290,590,655,371,424,670,579,621,246,683,441,587,468,653,123,618,598,654,675,663,502,566,210,659,225,281,504,545,645,352,75,459,360,576,333,307,274,553,196,209,47,193,70,352,193,328,34,380
"191",235.517766497462,435.5,368,585,541,543,560,431,391,556,40,415,274,600,372,477,667,363,632,42,545,365,408,235,385,437,444,391,630,470,651,144,191,415,400,567,678,489,545,29,443,210,159,39,699,216,239.5,73,624,188,552,554,694,265,116,481,607,545,342,70,347,334,86,532
"445",237.294416243655,277,543,466,642,425,419,549,490,568,544,519,512,495,508,523,563,503,614,592,543,459,427,429,434,522,239,309,367,518,432,257,439,593,306,356,598,451,260,479,367,407,519,233,549,474,398,454,539,426,569,143,485.5,106,208,329,357,308,573,150,562,211,331,398
"405",239.071065989848,346,104,224,327,170,127,654,62,89,113,154,284,219,619,41,422,366,174,75,302,102,453,387,53,264,199,276,59,60,92,346,115,112,353,57,287,125,156,67,46,97,641,645,149,555,640,130,651,654,488,78,594,192,132,557,95.5,435,386,155,692,370,465,118
"466",240.847715736041,517,338,638,570,600,320,546,615,594.5,472,389,624,106,475,601,650,272,346,591,648,226,485,325,642,565,405,590,566,542,294,154,504,620,566,263,621,653,458,364,187,614,305,559,322.5,353,401,637,210,285,141,426,204,545,487,135,698,128,175,489,170,237,106,136
"2",242.624365482234,455,357,522,497,502,327,518,513,450,566,392,505,440,469,357,591,274,361.5,553,505,37,515,310,601,628,315,188,574,605,355,199,585,392,533,295,634,559,473,361,232,506,408,519,214,104,475,628,249,227,98,458,350,477,473,186,394,155,279,517,198,3,313,203
"40",244.401015228426,108,526,174,222,10,465,350,173,64,203,28,313,333,652,577,19,531,91,47,516,394,358,427,272,171,448,432.5,134,70,45,305,394,308,185,320,464,551,44,485,369,47,359,445,48,363,295,174,51,678,624,129,647,42,361,677,67,665,592,75,506,531,554,49
"394",246.177664974619,437,651,426,544,539,213,374,277,372,325,639,265,448,601,648,413,599,188,477,451,10,128,686,593,399,596,699,647,484,11,692,458,200,331,696,378,370,355,697,670,309,380,76,6,576,83,129,608,529,313,134,359,142,405,583,473,465,669,205,568,468,517,406
"561",247.954314720812,644.5,628,387,691,690,494,615,451,621,3,640,540,613,544,534,663,236,601,636,450,7,438,328,599,533,479,533,650,133,344.5,365,692,685,8,484,673,666,560,359,262,385,14,477,22,347,26,683,218,21,314,251,218,541,497,671,52,107,310,148,141,41,191,353
"554",249.730964467005,201,655,163,275,176,641,315,261,297,340,461,235,67,404,496,421,542,680,305,101,453,317,584,452,256,452,564,265,345,634,564,269,683,246,289,369,316,110,341,505,343,540,549,82,663,442,211,590,594,504,526,573,81,202,641,644,259,518,410,626,606,567,325
"553",251.507614213198,187,29,51,49,292,164,346,673,123,135,670,186,88,125,62,691,463,510,39,235,603,381,35,144,2,573,1,680,116,679,639,97,702,177,577,215,217,23,493,2,655,523,118,207,698,687,693,530,674,632,227,569,327,183,418,690,487,642,252,679,36,681,690
"481",253.284263959391,425,541,364,476,505,561,399,540,484,604,471,623,599,457,569,514,414,575,567,562,527,537,479,513,646,324,502,301,658,581,235,475,387,499,325,427,584,499,511,492,369,192,361,532,461,283,372,389,319,457,555,480,463,172,290,236,319,535,608,459,167,425,437
"495",255.060913705584,243,461,448,341,421,240,407,558,298,631,498,334,183,369,385,356,329,506,521,292,192,362,309,218,318,410,242,379,365,207,198,496,470,324,166,432,390,349,252,508,388,493,302,230,247,288,565,461,385,470,456,388,311,292,365,463,476,285,539,348,234,314,391
"97",256.837563451777,518,554,653,509,605,298,398,497,665,454,586,430,626,409,566,661,286,283,625,504,15,628,180,400,657,313,99,627,509,228,186,566,643,192,17,635,638,291,300,264,339,20,582,680.5,279,354,515,436,183,696,591,190,537,5,531,13,343,319,3,231,236,5,294
"328",258.61421319797,220,223,228,316,389,248,94,244,275,292,201,67,157,178,182,302,455,24,260,229,23,242,450,102,174,106,338,267,367,14,41,388,552,371,24,183,290,687,57,76,326,513,662,47,701,154,36,397,609,429,675,488,143,119,461,6,604,662,204,44,79,591,548
"638",260.390862944162,260,656,56,459,386,626,33,12,292,278,20,319.5,7,127,687,450,527,500,692,697,476,373,625,87,688,628,432.5,36,429,625,536,450,496,197,600,261,348,138,536,67,269,86,194,57,502,222,142,555,646,361,209,418,304,377,554,39,541,581,93,599,109,395,33
"161",262.167512690355,355,374,514,372,492,286,308,348,359,492,432,365,397,460,360,286,194,219,275,484,290,410,204,303,229.5,266,256,520,438,136,189,437,181,230,170,365,392,264,228,504,196,529,275,111,533,329,283,390,488,529,116,326,186,415,639,239,409,557,84,565,403,416,262
"544",263.944162436548,125,14,465,470,152,72,247,373,692,412,702,687,231,251,155,39,684,173,364,7,567,394,700,10,80,674,652,281,467,188,690,686,12,109,701,356,172,195,701,445,62,162,154,26,72,666,436,630,586,13,630,692,152,166,61,179,392,588,12,666,626.5,52,28
"658",265.720812182741,498,337,20,680,373,589,260,462,678,93,642,155,207,18,42,121,507,79,670,28,551,37,472,567,500,680,494,78,42,608,450,353,9,4,605,696,690,621,580,441,226,679,27,541,3,41,15,631,596,701,96,659,383,663,81,697,30,696,86,46,90,609,56
"542",267.497461928934,43,109,45,169,217,193,693,203,195,121,48,336,139,168,184,49,584,102,240,66,510,206,588,670,158,619,665,341,287,138,602,29,630,478,512,114,17,104,687,450,147,507,336,586,694,44,280,394,626,536,670,574,692,266,357,577,440,664,143,92,628,649,698
"18",269.274111675127,10,466,376,594,636,519,646,432,485,632,635,632,589,12,340,659,190,29,669,386,452,33,258,640,564,684,511,439,123,440,300,202,556,251,83,614,644,237,218,378,37,702,22,134,113,316,146.5,418,3,388,518,11,443,661,364,472,5,20,20,33,82,39,298
"629",271.05076142132,282,480,203,262,40,227,624,21,28,59,633,26,670,9,412,211,652,654,699,87,671,41,657,553,284,193,485,190,78,6,637,698,601,37,683,2,58,300,647,494,132,636,642,674,556,648,77,124,627,685,276,605,87,604,670,668,645,472,692,664,658,698,686
"630",272.827411167513,594,507,542,241,625,508,525,488,530,664,496,31,593,297,427,11,260,295,694,384,234,539,141,617,432,302,74,560,10,213,271,5,370,660,124,512,547,316,23,30,450,118,676,453,219,593,641,200,167,184,391,484,659,509,148,366,290,52,609,350,189,352,86
"515",274.604060913706,494,366,564,449,76,499.5,534,142,192,456,189,98,92,472,403,584,7,676,167,117,6,377,382,72,191,615,509.5,410,164,212,490,31,232,472,266,173,424,170,442,357,135,383,192,10,214,258,603,599,241,567,303,260,7,445,404,629,277,307,668,551,244,64,452
"211",276.380710659898,337,251,356,167,458,139,155,267,262,483,169,255,425,221.5,414,456,609,564,196,136,658,449,641,173,159,332,625,526,199,278,511,371,614,225,630,326,227,459,608,545,98,196,265,629,239,450,349,290,642,563,160,624,66,195,276,225,592,484,321,549,521,444,600
"635",278.157360406091,657,23,160,110,475,37,2,102,67,177,16,206,701,128,17,662,607,647,687,15,643,695,651,237,257,612,616,429,405,681,657,71,607,486,613,78,325,553,654,473,355,283,184,624,67,609,677,110.5,52,463,58,567,4,643,667,23,540,681,376,326,431,670,507
"331",279.934010152284,606,499,560,414,438,355,553,449,626,682,603,641,421,76,636,139,58,494,50,431,602,670,74,177,440,237,555,488,700,158,62,201,242,32,33,518,532,272,432,438,405,439,684,271,400,671,404,302,54,187,401,699,457,451,143,57,158,689,521,19,120,699,407
"265",281.710659898477,402,225,324,349,509,331,307,370,278,259,184,89,359,536,151,117,544,437,551,556,496,82,502,235,232,373.5,370,331,523,371,548,145,331,210,532,257,14,197,375,426,336,137,196,577,149,197,162,510,503,251,533,544,535,539,394,259,349,297,133,470,311,264,524
"509",283.48730964467,679,254,408,179,277,644,113,77,411,413,134,394,504,197,345,313,301,603,346,63,22,244,593,337,135,669,437,46,445,331,505,429,477,79,300,34,103,202,651,649,492,663,463,11,109,660,541,696,14,639,396,464,316,22,588,444,191,87,125,116,283,366,191
"201",285.263959390863,660,215,451,409,415,653,325,378,255,358,319,286,265,602,294,454,566,448,455,277,388,454,346,217,407,550,280,380,477,165,76,430,39,415,499,262,358,16,554,611,156,198,71,546,548,135,288,396,109,619,130,75,94,167,448,589,518,650,382,303,438,28,428
"682",287.040609137056,13,293,75,254,327,477,589,124,376,495,289,440,145,579,458,494,490,68,686,609,377,426,119,559,615,112,290,472,696,99,360,340,376,384,511,684,386,641,272,501,296,351,422,468,401,564,34,427,568,294,208,409,411,469,462,454,519,63,326,642,312,338,162
"695",288.817258883249,283,687,677,324,131,668,564,78,139,11,206,400,1,296,180,6,628,586,370,12,689,2,661,644,8,361,549,74,59,683,644,696,174,90,617,35,209,699,674,391,643,149,67,269,428,170,698,195,608,175,114,159,431,682,8,601,216,654,605,651,428,702,98
"91",290.593908629442,638,355,661,620,184,369,464,599,480,32,434,510,567,64,550,688,513,185,454,578,479,11,493,574,483,36,486,557,687,110,537,425,81,686,550,685,377,122,529,94,219,48,204,482,633,140,300,463,548,532,178,665,163,286,615.5,281,24,611,123,442,591,60,611
"485",292.370558375635,170,560,213,219,405,548.5,70,119,242,205,102,236,325,373,478,399.5,263,92,500,220,529,249,516,79,45,87,266,222,501,414,477,305.5,284,282,243,332,258,283,530,268,279,171,213,498,445,338,159,537,413,215,316,625,593,490,165,288,413,312,451,561,440,423,366
"478",294.147208121827,46,528,545,552,520,496,481,417,572,1,445,587,544,681,525,622,623,700,228,633,623,643,601,555,506,97,123,551,616.5,647,562,618,385,631,688,559,571,514,414,582,10,50,686,679,693,669,210,382,425,693,387,658,8,98,429,384,33,646,687,623,665,688,192
"498",295.92385786802,229,585,243,390,288,233,244,304,237,252,501,596,211,229,500,189,144,260,336,346,186,231,214,182,387,150,312,327,362,302,214,134,269,298,190,170,96,435,259,280,329,349,467,666,205,426,482,52,152,208,434,362,522,285,338,419,492,268,637,140,160,262,236
"551",297.700507614213,678,670,121,293,700,479,616,580,525,666,493,253,24,699,668,420,398,534,34,657,9,702,505,96,219,32,523,652,33,662,4,700,143,5,46,7,697,548,522,672,694,646,106,165,24,702,405,613,558,4,696,67,422,91,420,584,660,22.5,690,380,702,37,689
"654",299.477157360406,547,336,532,701,679,251,461,440,634,363,444,562,485,644,563,53,25,218,17,656,329,694,132,447,579,685,110,15,7,688,331,587,428,605,25,690,681,280,60,632,429,698,682,552,316,366,695,344,19,92,623,696,447,702,687,526,325,5,626,696,358,342,381
"154",301.253807106599,478,143,194,229,347,659,547,472,79,84,246,104,196,306,264,375,558,690,264,161,563,425,312,27,240,397,422,120,462,16,516,118,248,362,566,55,70,183,90,530,188,586,348,543,308,180,123,62,102,413,242,559,378,290,437,124,404,537,331,449,366,575,552
"229",303.030456852792,529,468,543,533,576,345,526,554,483,511,311,441,555,435.5,272,573,340,216,514,436,446,336,78,389,559,512,417,375,550,595,245,654,213,386.5,229,554,268,235,321,447,604,40,332,248,121,272,327,153,170,322,589,308,72,621,348,168,151,408,402,614,469,404,178
"441",304.807106598985,353,661,338.5,373,162,627,249,208,280,329,671,135,197,615,284,452,564,525,444,238,442,326,413,238,369,209,357,200,354,589,77,283,452,341.5,542,237,306,626,161,413,371,521,359,579,441,224,377,543,90,396,224,522,632,349,581,635,506,601,222,469,81,515,569
"185",306.583756345178,661,516,603,628,59,544,638,644,581,561,416,604,407,2,560,483,108,296,569,383,187,340,144,608,653,244,177,448,190,389,229,3,340,577,386,514,609,605,86,300,538,347,413,391,188,511,606,142,279,310,570,405,600,563,187,504,204,296,560,294,249,336,326
"528",308.360406091371,15,290,417,120,21,168,632,13,128,700,650,656,655,230,328,696,447,550,4,418,488,153,462,629,588,140,331,5,15,12,9,688,274,158,52,39,2,663,644,691,316,22,289,457,630,133,274,107,435,630,15,440,685,672,669,70,288,657,311,29,464,668,424
"609",310.137055837563,384,442,648,624,639,514,609,480,442,527,450,24,365,565,331,498,682,580,354,577,662,463,685,310,557,565,697,456,661,689,601,599,686,591,671,495,594,693,645,483,697,595,119,656,498,142,473,692,637,596,698,131,351,619,505,325,686,11,198,694,425,512,559
"318",311.913705583756,528,579,567,479,631,420,591,423,618,488,480,535,604,563,521,244,254,136,630,390,168,588,278,624,610,460,136,478,555,35,195,510,354,529,309,638,630,448,210,121,631,301,591,255,232,472,577,134,324,249,594,292,607,594,130,592,256,207,476,134,17,350,154
"74",313.690355329949,648,614,517,535.5,123,326,516,137,482,47,481,491,147,450,354,496,524,49,325,663,539,48,579,336,101,242,194,28,271,31,342,90,520,480,310,254,123,423,467,237.5,675,662,502,329,641,416,179.5,253,68,152,661,402,156,219,395,595,272,538,662,680,29.5,419.5,693
"234",315.467005076142,323,664,158,8,416,75,326,22,326,690,24,86,695,38,76.5,310,137,309,490,31,162,298,271,18,28,456,90,231,69,214,267,270,196,55,30,682,383,611,166,338,646,566,523,451,295,597,642,568,249,10,325,365,591,41,27,420,6,212,18,247,273,323,7
"127",317.243654822335,532,370,540,616,521,444,402,9,654,630,542,639,424,482,543,626,226,367,614,510,457,632,175,631,638,293,272,499,558,301,158,627,328,657,281,617,567,288,357,375,447,332,267,250,259,573,501,247,334,224,436,494,644,462,152,695,133,323,407,358,300,169,126
"477",319.020304568528,538,492,462,599,524,295,465,532,514,460,412.5,561,454,392,425,505,469,197,557,482,385,653,598,521,395,327,341,377,654,396,520,257,458,549,596,410,465,569,633,288,400,388,344,490,200,117,112,159,450,466,294,628,408,329,119,183,264.5,370,323,261,500,555,515
"349",320.796954314721,326,578,385,291,680,223,190,289,414,387,442,339,301,618,559,324,38,286,519,560,624,29,550.5,545,521,256,558,289,326,599,354,556,368,24,207,336.5,582,501,486,539,182,140,632,368,370,486,444,311,316,19,380,25,400,627,30,489,130,202,200,145,671,16,159
"253",322.573604060914,138.5,63,396,343,259,52,68,43,300,671,38,192,663,11,316,388,74,633,49,45,535,697,570,691,436,2,608,662,111,488,510,56,100,52,501,29,167,685,420,490,695,249,150,555,66,90,692,634,638,502,59,84,398,421,407,696,662,665,674,576.5,649,506,676
"379",324.350253807107,600,310,561,580,186,531,340,396,453,157,379,399,381,480,432,133,375,366,156,557,505,375,467,359,547,558,380,184,134,155,351,332,455,28,146,370,350,622,528,125,308,61,41,470,85,250,634,616,243,377,295,54,471,127,296,386,143,361,98,36,372,328,216
"171",326.126903553299,604,313,582,10,560,330,563,297,602,178,554,15,545,568,342,695,331,696,643,413,597,674,624,612,502,247,26,22,510,649,538,635,325,318,186,664,71,53,92,62,647,690,652,370,599,691,700,605,631,271,690,650,51,678,640,94,278,675,208,687,601,457,21
"32",327.903553299492,29,230,470,413,363,287,304.5,291,216,448,317,176,476,331,548,292,314,287,600,359,170,213,297,309,383,443,67,399,414,454,227,69,151,15,286,336.5,371,570,20,442,394,616,550,184,45,463,289,462,381,414,368,619,312,465,109,466,122,387,50,328,182,522,359
"123",329.680203045685,628,137,351,678,1,174,64,351,29,158,53,691,295,15,667,307,419,226,326,696,419,38,395,655,237,556,292,23,300,478,542,677,87,700,200,338,469,84,30,528,187,640,667,78,528,269,66,639,62,38,34,139,439,626,19,623,422,435,28,656,99,93,476
"16",331.456852791878,56,684,90,85,18,41,126,89,37,129,195,134,136,80,242,32,686,666,59,435,699,132,693,84,47,613,702,92,148.5,343,700,49,650,156,672,138,124,103,688,570,167,38,101,614,527,256,84,633,478,593,30,252,479,125,497,147,531,462,259,582,626.5,406,387
"289",333.233502538071,666,598,410,187,311,289,679,492,381,236,153,419,344,567,329,434,342,436,124,473,341,308,354,311,44,387,527,681,130,239,464,376,382,392,363,389,441,497,444,244,610,469,615,236,564,249,201,229,30,190,465,162,516,481,408,531,178,251,439,259,219,663,153
"62",335.010152284264,589,631,558,488,660,480,434,542,451,494,394,446,474,368,640,489,197,341,560,445,258,503,265,354,469,234,606,583,574,655,246,653,676,640,213,533,509,470,339,336,518,422,472,205,261,583,575,150,181,243,357,183,586,579,132,173,203,147,559,245,264,167,14
"64",336.786802030457,535,530,501,260,564,591,574,606,646,491,573,653,629,677,407,539,235,74,527,645,224,516,319,583,662,480,565,464,643,313,298,132,321,535,13,656,617,607,229,372,122,2,666,333,380,314,5,271,544,559,552,301,536,578,177,254,82,168,191,224,302,188,166
"400",338.56345177665,55,227,363,34,453,150,118,237,320,369,157,65,127,352,3,404,580,653,462,53,599,279,581,44,231,658,518,273,126,597,571,40,69,95,513,286,328,643,535,555,164,132,158,688,443,86,388,601,436,365,124,68,136,254,634,268,582,110,636,436,94,511,603
"98",340.340101522843,533,637,291,554,658,321,520,438,551,502,514,589,488,496,209,381,661,403,523,395,242,597,694,506,647,643,639,618,576,373,587,589.5,539,597,693,616,163,382,698,553,373,573,177,13,568,350.5,118,626,338,521,191,357,288,567,519,356,521,2,329,276,572,676,546
"626",342.116751269036,392,393,549,485,648,391,577,386,446,552,582,613.5,512,511,501,645,285,419,620,467,324,573,301,483,457,496,114,637,626,271,207,364,244,525,217,539,626,236,365,233,381,461,414,369,282,570,643,179,9,103,562,157,617,639,346,448,268,45,600,283,199,180,264
"487",343.893401015228,90,362,361,402,307,180,524,426,323,324,250,178,553,532,154,469,520,587,197,243,546,521,508,349,389,198,201,441,210,536,506,87,445,325,525,465,578,330,539,486,286,211,178,551,546,144,508,509,369,491,300,174,335,503,311,442,417,398,457,339,204,600,517
"309",345.670050761421,186,59,232,129,226,278,185,328,189,198,345,393,508,307,59,197,573,238,133,279,475,342,440,254,226,68,263,527,368,465,554,247,353,235,521,201,195,38,299,671,305,207,46,264,509,296,250,618,669,513,200,303,611,295,320,79,619,449,334,552,484,340,146
"195",347.446700507614,508,413,569,571.5,612,410,502,466,502,600,491,616,447,459,522,545,205,281,582,437,179,506,113,498,556,260,106,514,623,381,222,525,220,545,308,520,545,531,205,178,448,261,517,383,144,502,498,292,284,167,527,185,539,606,488,453,233,191,576,131,98,257,324
"591",349.223350253807,602,391,628,517,674,551,317,527,531,637,604,433,641,555,499,488,145,434,597,599,264,437,330,378,673,172,211,578,54,586,95,509,666,632,407,652,616,578,238,382,45,143,570,610,137,504,536,508,375,494,585,547,550,151,483,600,641,25,325,425,301,1,243
"549",351,65,634,127,225,109,69,168,118,144,61,261,109,76,62,139,344,518,195,145,231,579,314,546,40,65,54,479,133,224,96,442,107,599,428,559,155,483,630,498,579,118,184,19,592,648,248,135,691,80,57,29,88,149,214,693,18,673,556,209,390,308,78,629
"42",351,7,569,454,697,82,629,479,15,698,696,71,508,37,686,580,690,506,701,475,102,380,688,79,413,697,635.5,355,62,167,669,65,690,113,17,450,419,688,702,482,626,213,583,310,625,696,69,667,28,666,600,680,69,672,357,7,118,585,625,300,649,560,661,607
"261",351.697813121272,120,283,318,256,100,237,203,161,352,305,89,293,259,214,285,476,480,625,356,285,431,669,483,287,379,50,356,98,322,124,362,203,617,508,128,318,459,627,510,61,179,115,285,186,33,247,661,328,95,404,260,538,636,432,428,265,488,406,361,101,315,46,112
"207",352.395626242545,86,147,199,335,202,322,270,273,303,233,277,347,245,86,233.5,208,46,147,296,207,60,301,46,137,326,286,244,118,383,325,59,80,304,292,103,300,375,461,110,345,160,178,483,143,315,334,249,112,88,69,120,383,297,268,435,71,242,223,337,363,112,405,536
"451",353.093439363817,130,203,486,338,208,38,178,225,231,301,103,202,184,194,57,113,78,623,117,19,426,89,403,245,374,604,56,326,93,153,389,198,136,286,457,69,66,196,123,524,275,538,134,538,43,231,419,573,401,345,640,581,638,392,556,583,475,81,168,654,487,614,411
"670",353.791252485089,595,690,546,630,567,522,403,500,596,584,426,601,378,545,699,583,3,416,648,540,151,525,203,14,593,110,467,483,665,463,118,565,132,540,296,305,39,240,207,310,552,602,587,407,131,493,631,149,256,217,354,198,564,634,203,248.5,322,241,574,124,197,280,10
"306",354.489065606362,75,277,441,278,357,698,128,53,21,657,380,174,4,580,55,471,187,396,257,265,159,309,152,288,428,233,87,430,288,326,174,111,422,304,261,390,180,518,62,107,624,216,597,226,164,523,616,243,153,2,402,283,575,470,193,566,102,183,617,187,143,240,281
"335",355.186878727634,53,228,220,122,150,81,343,143,165,137,141,118,241,123,23,316.5,530,597,224,662,634,105,640,207,54,608,235,50,289,164,589,127,680,166,598,165,162,184,569,557,306,54,156,659,437,94,287,507,448,590,190,540,188,391,510,296,602,515,372,460,343,502,73
"536",355.884691848907,364,621,613,510,603,382,582,561,667,617,588,633,419,539,631,530,243,399,518,636,271,598,102,318,659,472,281,640,609,357,203,611,333,650,324,561,603,506,327,131,509,458,527,366,169,572,618,132,226,110,595,299,597,525,127,536,157,200,520,205,205,332,205
"188",356.582504970179,214,91,297,192,354,124,269,311,318,353,335,375,673,259,103,406,545,176,407,217,485,411,495,192,310,647,35,287,286,113,482,220,574,402,468,244,322,636,454,419,323,202,296,220,444,157,305,594,428,433.5,236,471,412,340,566,276,667,491,196,388,374,69,108
"130",357.280318091451,172,271,141,77,116,242,101,29,22,75,80,56,113,152,304,151,409.5,132,219.5,143,379,256,396,156,77,527,246,121,87,47,432,58,64,234,552,366,114,36,506,64,28,611,179,596,590,125,38,672,684,534,77,609,111,118,451,82,426,483,141,346,341,607,591
"193",357.978131212724,93,224,371,228,224,181,169,172,168,69,70,145,335,207,674,128,428,466,189,185,487,233,486,273,246,220,237,310,458,163,485,73,563,448,531,223,30,632,148,520,220,278,122,585,58,106,301,386,96,380,44,611,213,274,112,211,523,492,234,547,80,101,473
"444",358.675944333996,62,125,146,84,182,132,102,372,163,257,159,58,131,357,230,281,666,449,112,108,663,227,642,103,20,117,574,254,212,645,641,416,130,365,611,52,378,146,640,498,114,135,153,553,613,149,239,437,698,642,658,667,230,152,94,272,536,513,136,602,637,523,626
"204",359.373757455268,490,360,487,639,482,395,467,504,522,234,466,588,409,288,556,571,253,417,410,426,294,467,154,356,544,312,254,522,187,263,150,514,413,665,257,583,450,522,239,228,556,500,592,337,204,530,590,301,124,108,424,188,610,560,396,498,239,231,549,322,138,211,95
"236",360.071570576541,17,646,60,359,233,13,82,664,392,673,50,672,123,157,80,446,565,233,179,351,610,457,610,262,699,689,526,85,227,13,52,244,668,91,162,438,200,17,496,474,670,634,657,660,700,40,83,689,555,88,48,583,160,675,374,45,246,475,7,402,683,417,692
"639",360.769383697813,302,688,407,89,55,118,339,376,331,155,695,220,60,46,119,78,510,657,461,123,528,49,457,151,360,113,285,206,195,68,415,664,573,155,510,228,8,32,517,675,136,203,157,609,622,244,396,438,571,41,662,616,128,189,344,306,682,403,666,644,322,124,644
"685",361.467196819085,136,654,211,131,352,9,199,229,48,428,123,300,358,82,79,295,615,658,132,39,702,661,687,51,163,595,694,70,138,118,698,89,594,451,609,31,280,35,679,558,17,9,104,568,76,159,387,496,149,473,68,509,390,48,459,8,388,415,117,98,392,550,412
"428",362.165009940358,496,405,489,367,481,228,514,473,454,126,323,143,441,486,332,380,576,211,541,134,501,586,521,463,362,594,535,280,410,268,514,594,483,281,424,323,556,367,428,383,280,356,175,193,162,308,395,384,440,456,189,408,476,242,380,496,474,584,364,331,371,177,231
"160",362.86282306163,510,508,444,173,428,90,196,134,244,493,518,71,156,36,497,383,642,511,342,163,652,568,580,429,211,123,682,122,436,37,666,276,42,477,523,60,291,43,590,204,50,327,70,8,620,376,361,564,312,213,149,601,137,149,252,494,611,488,425,223,558,538,579
"197",363.560636182903,100,4,80,16,253,89,130,331,347,23,658,223,275,202,36,88,440,89,211,227,511,56,439,158,344,69,59,86,157,34,474,133,565,321,488,90,27,25,443,578,70,66,90,200,588,188,132,483,570,565,118,592,343,199,377,12,600.5,587,26,475,589,410,547
"472",364.258449304175,386,384,264,231,196,91,366,157,305,475,126,207,307,287,150,427,193,85,123,406,237,533,331,523,229.5,176,181,104,247,461,393,311,384,227,258,113,414,460,149,365,520,240,176,105,306,373,550,429,97,459,142,291,328,178,339,506,313,516,266,513,538,201,260
"221",364.956262425447,516,562,658,243,592,374,637,621,334,378,425,617,522,537,486,553,318,373,607,585,218,392,562,341,607,128,297,387,624,694,580,633,207,296,346,576,315,503,552,609,141,560,473,321,406,563,502,516,48,458,335,220,561,77,442,392,369,360,43,695,678,386,279
"302",365.65407554672,112,98,254,206,103,152,213,120,363,133,338,183,240,96,96,185,385,482,363,281,369,26,39,282,200,139,363,351,374,137,14,358,571,107,58,412,457,79,58,608,78,582,208,155,442,614,117,513,134,495,271,85,258,155,525,43,570,399,644,359,448,390,71
"4",366.351888667992,104,44,107,69,313,267,53,677,141,42,699,91,117,184,225,127,698,678,328,29,690,92,691,276,89,108,651,166,382,78,694,103,648,74,654,440,275,669,682,82,358,599,143,657,675,305,423,581,556,617,655,91,47,667,610,212,19,344,126,407,585,460,435
"563",367.049701789264,540,327,495,543,645,501,596,528,647,609,611,648,619,492,535,604,99,392,546,569,59,273,255,20,644,251,642,605,594,462,24,619,454,575,345,551,530,333,181,128,422,291,594,387,88,175,602,163,157,134,549,323,296,546,270,692,177,166,538,126,260,215,311
"600",367.747514910537,155,71,204,118,192,120,194,330,171,347,429,157,392,115,144,218,238,288,216.5,175,98,182,92,423,273,268,42,193,295,134,251,171,193,302,253,208,248,165,122,417,183,206,266,147,360,204,474,307,619,172,342,470,442,322,251,362,451,173,257,325,255,192,107
"463",368.445328031809,222,669,33,119,19,219,296,217,40,64,355,231,22,169,689,12,415,205,99,119,412,59,481,212,82,567,481,339,162,156,524,217,117,311,188,399,206,169,77,460,335,564,647,217,483,279,53,505,106,544,133,528,300,84,628,149,63,566,197,553,462,565,115
"282",369.143141153082,78,193,217,265,149,212,320,313,357,469,521,435,258,75,216,212,508,273,242,321,303,370,283,244,274,61,349,192,249,447,558,255,182,187,353,409,365,113,301,544,124,79,56,338,551,57,88,459,254,355,101,427,235,287,533,116,609,452,378,290,421,519,468
"112",369.840954274354,415,599,647,654,591,370,542,347,534,613,408,585,385,479,395,512,284,275,576,647,213,493,305,399,456,484,6,471,556,444,282,487,425,642,409,644,560,243,406,328,627,32,514,277,297,330,533,209,329,16,611,310,493,453,214,471,75,170,397,149,45,219,392
"297",370.538767395626,426,430,556,566,519,499.5,522,535,492,558,535,567,533,425,512,614,164,320,554,568,182,466,164,522,546,420,108,547,566,216,217,493,240,590,275,604,456,551,336,292,526,396,564,272,177,494,552,297,298,317,470,193,528,450,172,468,304,235,618,120,218,213,212
"384",371.236580516899,395,563,513,523,515,421,532,649,584,627,484,410,415,547,400,654,10,6,540,438,569,575,361,328,627,85,512,475,112,290,149,540,526,543,181,654,645,238,618,607,611,693,381,628,97,328,355,18,506,648,3,685,695,688,49,194,9,42,4,473,634,133,683
"696",371.934393638171,24,633,50,63,474,221,108,4,1,679,21,16,2,1,653,2,499,168,671,524,653,35,665,112,1,3,508,58,128,56,493,77,595,682,627,316,49,12,593,630,235,64,2,158,5,594,167,414,119,22,19,554,101,630,506,75,29,521,25,663,432,43,560
"67",372.632206759443,519,590,625,581,409,437,552,444,600,572,397,351,428,455,490,575,88,310,535,501,40,560,150,367,464,634,25,263,282,264,100,610,98,652,178,622,591,446,243,146,661,675,424,93,345,467,494,546,281,501,606,189,566,71,599,331,154,172,180,69,63,127,274
"322",373.330019880716,81,33,286,82,427,106,13,665,32,410,25,682,54,92,37,14,4,32,134,686,24,54,103,268,95,67,497,213,318,572,302,338,273,128,403,479,37,289,225,381,569,354,516,247,224,375,520,643,174,135,603,181,531,4,353,297,214,338,16,17,97,603,348
"277",374.027833001988,204,470.5,357,379,582,548.5,579,320,370,362,344,421,342,154,167,241,402,261,489,298,334,183,320,320,90,530,247,542,530,425,410,329,302,133,241,486,265,396,369,298,379,548,437,615,524,242,58,241,509,236,266,462,126,536,615.5,51,141,461,88,674,645,261,278
"416",374.72564612326,619,25,472,2,39,73,42,698,422,650,346,19,248,315,43.5,683,595,689,41,294,692,76,695,155,334,561,701,90,88,22,697,385,559,519,695,80,468,684,690,569,12,652,281,647,654,649,326,29,414,537,697,570,167,45,631,245,515,565,646,57,547,564,519
"134",375.423459244533,579,340,329,107,499,296,132,73,104,166,148,61,305,103,492,102,602,148,226,570,499,101,557,424,478,240,540,165,406,437,653,333,217,284,584,89,145,100,508,617,261,173,185,34,497,261,324,567,537,538,71,565,298,51,190,324,339,33,199,494,617,580,405
"448",376.121272365805,383,546,615,674,526,532,509,520,657,628,384,484,617,572,579,612,374,592,11,596,80,621,436,299,639,622,310,599,14,624,382,640,689,672,37,659,659,15,35,17,22,289,378,590,655,134,46,81,607,644,277,629,320,80,498,667,496.5,598,185,535,564,26,521
"374",376.819085487078,465,307,446,465,532,338,442,578,477,512,362,577,465,218,314,433,269,236,550,408,217,300,285,383,527,419,203,545,456,316,244,468,222,441,358,480,345,371,197,260,386,337,369,284,170,492,371,144,87,302,449,231,176,139,306,270,291,228,494,112,430,289,220
"21",377.51689860835,307,181,100,267,238,196,252,278,228,349,92,124,167,263.5,309,249,386,86,249,274,260,165,514,163,341,126,159,130,393,281,499,196,111,421,340,231,243.5,667,313,282,265,219,241,122,489,433,143,351,315,462,155,553,217,174,230,626,520,519.5,479,249,437,90,346
"6",378.214711729622,390,148,412,336,387,363,436,481,258,370,170,346,486,597,679,179.5,549,589,586,16,626,291,565,688,221,650,521,691,337,217,463,320,395,592,147,406,202,71,524,451,514,524,629,96,277,89,41,221,657,154,336,664,526,570,658,258,366,607,275,41,185,561,643
"490",378.912524850895,357,636,639,457,504,579,578,638,354,306,280,665,226,421,443,407,333,440,333,603,367,592,307,561,431,540,452,391,369,418,330,466,202,474,448,675,228,274,507,531,437,472,457,291,440,233,463,424,366,511,226,95,49,225,122,284,387,234,174,147,541,275,129
"613",379.610337972167,448,538,5,6,570,51,466,30,671,693,581,651,151,577,594,680,394,9,690,548,464,405,61,530,634,77,198,354,694,224,272,12,216,679,360,426,334,557,409,306,577,126,589,404,359,174,86,11,587,688,573,672,212,645,702,387,86,158,414,6,293,682,322
"105",380.308151093439,495,429,41,659,676,310,645,650,632,43,617,658,386,10,511,506,62,698,563,374,600,522,628,440,474,267,544,589,58,590,547,639,286,491,151,540,539,653,555,437,515,236,674,424,634,3,42,260,430,311,52,670,97,13,286,252,159,621,525,660,625,697,695
"488",381.005964214712,59,190,256,172,79,266,138,144,113,139,197,342,102,97,317,149,467,583,223,280,568,353,435,256,199,165,414,105,124,504,436,239,149,179,138,260,198,54,490,415,311,252,263,631,591,108,368,529,131,503,153,165,310,609,590,250,655,551,256,59,511,399,482
"504",381.703777335984,173,381,474.5,230,72,59,107,224,109,127,149,478,430,142,452,141,505,531,181,121,552,72,535,140,514,47,476,77,104,353,457,518,558,377,79,376,266,209,337,523,103,378,288,665,651,80,64,457,286,557,443,222,319,210,188,512,501,278,89,256,49,439,661
"632",382.401590457256,523,328,530,539,522,325,592,538,569,531,595,608,460,559,616,588,140,390,21,466,293,587,290,431,583,230,124,570,12,443,197,602,185,670,232,646,517,511,184,22,633,508,596,443,287,592,584,130,297,259,366,322,627,601,279,406,99,270,587,282,287,199,373
"361",383.099403578529,69,375,40,155,216,194,429.5,147,272,435,533,291,150,502,677,221,655,683,314,80,696,190,688,374,166,543.5,628,412,179,455,686,233,687,145,668,220,111,360,689,334,41,434,335,695,240,447,47,370,541,285,72,249,482,249,179,408,483,77,403,293,435,504,601
"326",383.797216699801,127,700,458,149,429,647,163,36,308,89,37,103,14,688,690,447,153,661,430,361,317,376,342,283,57,109,311,228,27,473,421,349,500,12,371,218,158,559,416,71,686,681,640,598,19,322,691,576,370,541,601,26,689,133,43,686,26,333,13,75,29.5,621,133
"179",384.495029821074,335,164,427,489,479,611,439,663,567,515,353,555,517,391,249,448,295,256,466,234,88,566,168,161,689,166,385,580,506,529,178,575,239,598,15,498,508,321,230,224,282,185,371,167,330,558,485,372,378,351,481,136,301,537,401,333,201,288,332,207,122,324,202
"672",385.192842942346,166,168,187,339,132,140,299,369,378,289,356,196,124,204,645,242,442,504,355,168,89,109,45,260,285,226,65,172,110,60,64,224,92,315,94.5,474,379,129,87,581,243,144,125,140,545,141,343,385,655,428,617,168,360,371,47,608,67,463,261,557,466,148,542
"15",385.890656063618,350,55,352,22,108,276,657,678,114,361,694,93,33,327,277,184,335,608,361,50,123,20,32,651,141,134,337,295,49,127,371,292,489,59,121,104,481,189,28,73,104,562,611,76,670,88,442,512,461,607,673,439,203,190,552,642,51,624,299,338,670,582,597
"420",386.588469184891,568,556,583,559,510,467,371,596,536,597,556,547,379,415,330,567,252,284,498,538,249,609,245,544,548,401,593,636,615,445,352,512,315,524,292,577,595,318,334,114,613,235,551,435,378,520,610,13,351,232,417,223,549,550,118,560,90,163,589,210,135,268,167
"636",387.286282306163,502,411,477,558,617,352,556,510,549,480,421,470,564,514,436,561,160,149,507,493,245,488,233,514,576,278,466,494,596,327,171,521,256,162,208,545,321,442,278,163,578,205,434,398,197,589,540,337,310,264,339,182,336,547,403,422,261,201,477,323,362,134,116
"674",387.984095427435,561,611,566,493,633,554,408,455,616,37,630,611,565,493,586,639,135,595,647,407,167,618,207,301,445,409,547,619,652,273,1,570,283,668,441,489,499,406,405,245,638,5,601.5,227,108,228,679,299,498,694,279,557,57,652,322,412,188,113,48,42,162,484,402
"319",388.681908548708,401,512,239,277,440,405,330,245,367,303,218,216,574,248,273,439,482,451,367,272,387,371,575,538,380,492,395,407,256,541,307,390,223,116,408,294,336,609,572,303,237,258,250,403,582,536,370,294,233,464,512,514,181,491,540,431,522,309,526,77,369,486,416
"72",389.37972166998,336,303,265,486,355,299,515,247,156,184,240,486,244,379,398,252,220,213,87,617,107,90,249,186,300,406,269,347,283,394,209,433,233,103,339,413,72,481,260,366,482,423,262,422,122,448,493,240,290,174,581,238,483,530,233,289,168,190,488,212,107,353,156
"526",390.077534791253,571,542,529,649,650,533,554,431,591,592,571,545,568,318,459,602,355,460,234,559,163,626,224,512,613,290,367,609,543,210,413,327,96,615,219,625,550,489,273,295,583,304,447,346,248,596,282,147,122,238,350,521,388,541,154,573,169,477,454,488,269,374,282
"557",390.775347912525,697,250,696,690,699,667,35,2,185,398,3,87,253.5,180,675,319,516,142,29,244,507,5,65,17,3,114,333,10,44,109,390,30,469,354,177,53,360,207,142,60,277,483,137,488,664,654,55,654,535,583,700,127,272,105,528,65,573,530,296,495,648,626,440
"41",391.473161033797,663,19,440,126,411,657,98,255,327,156,113,7,300,582,45,368,305,11,316,347,13,329,5,645,386,13,469,353,472,230,551,367,218,413,12,26,68,242,264,217,618,676,492,262,198,685,11,5,29,7,404,633,682,669,9,520,336,164,258,357,657,290,150
"462",392.17097415507,163,8,145,165,250,54,63,694,53,193,121,398,664,124,678,687,625,455,476,193,566,667,394,159,4,178,659,47,121,20,419,117,514,394,113,387,115,83,636,535,152,111,634,176,26,208,414,667,75,83,192,677,404,123,101,304.5,442,122,340,30,38,685,664
"378",392.868787276342,500,341,488,627,601,575,381,446,656,484,424,439,573,468,374,525,472,35,549,639,409,619,449,637,443,503,444,563,552.5,664,434,529,550,618,195,524,575,645,430,392,266,669,680,135,619,155,266,37,484,637,103,545,121,175,90,619,616,656,105,594,471,434,69
"30",393.566600397614,430,377,94,574,158,468,437,587,403,530,275,380,651,147,532,615,515,476,233,676,537,480,447,487,427,231,517,510,503,527,531,380,512,390,216,184,399,468,501,312,271,194,272,466,342,539,492,228,545,389,490,343,533,289,388,295,466,48,282,299,299,315,239
"422",394.264413518887,101,648,311,116,63,312,100,249,287,189,508,100,110,438,268,135,646,375,357,76,656,73,632,250,203,334,650,95,125,62,640,336,612,88,608,160,183,161,573.5,66,30,392,181.5,399,249,428,293,607,614,512,244,411,184,359,343,455,552,382,54,507,620,590,606
"103",394.962226640159,319,417,63,237,166,107,187,167,181,239,41,69,48,193,168,403,50,111,69,32,390,310,518,457,241,306,129,249,145,15,180,183,303,339,141,302,245,128,255,48,353,339,405,517,631,641,217,336,73,53,407,341,155,50,598,80,279,620,207,677,267,321,252
"57",395.660039761431,261,695,36,392,436,110,131,151,206,27,334,34,308,340,133,462,496,673,358,95,525,167,414,92,177,671,542,292,278,505,497,243,640,85,569,451,338,665,483,485,273,510,671,584,531,601,413,83,540,615,689,166,227,363,487,597,405,631,290,439,445,500,647
"452",396.357852882704,544,447,116,94,580,109,74,384,211,603,348,136,518,275,76.5,126,570,562,173,62,604,254,455.5,241,194,292,161,567,147,568,560,168,77,196,546,144,404,397,519,621,513,117,42,475,196,101,509,547,554,571,362,115,499,198,238,209,250,559,239,318,553,415,226
"676",397.055666003976,279,46,323,190,185,31,139,258,224,182,273,46,203,73,82,280,681,126,194,69,542,276,443,214,119,523,556,182,264,479,567,293,51,303,534,196,119,99,475,69,177,174,35,534,514,181,354,449,663,591,309,618,403,438,501,317,398,418,335,531,310,566,615
"241",397.753479125249,57,517,382,298,22,452,234,85,250,449,33,215,402,625,507,337,377,569.5,524,140,550,590,538,420,148,381,607,128,582,303,579,50,352,106,319,263,194,282,367,284,43,320,406,297,610,374,362,189,690,196,668,455,260,220,295,405,170,509,535,501,71,186,663
"315",398.451292246521,183,108,447,123,331,68,240,146,285,337,536,114,268,155,469,169,664,569.5,150,492,533,140,488,484,497,576,326,352,226,631,543,571,600,260,561,200,223,661,488,290,221,238,53,188,175,130,331,482,522,509,310,469,529,267,249,663,368,431,333,389,529,639,506
"399",399.149105367793,169,269,433,204,68,115,97,219,95,162,257,35,331,347,245,167,640,607,140,84,629,124,582,664,124,618,532,398,101,77,654,274,509,190,496,232,318,655,518,106,366,227,341,662,78,48,214,511,137,542,652,533,467,111,518,120,45,560,42,76,610,599,612
"470",399.846918489066,555,379,541,619,620,436,497,546,574,570,547,580,538,464,503,580,196,289,589,495,202,608,148,366,538,331,189,554,537,366,177,495,404,578,299,596,569,380,274,229,531,416,433,359,220,440,549,225,230,128,442,305,520,549,216,440,134,240,509,184,176,242,198
"381",400.544731610338,34,139,76,463,688,143,29,152,388,439,2,694,352,270,162,99,84,477,429,677,268,299,159,265,34,6,495,12,528,261,323,691,224,693,444,13,43,537,18,359,598,136,581,392,350,512,1,306,164,254,486,5,104,8,316,378,95,146,582,153,675,365,141
"83",401.24254473161,240,201,166,151,124,273,289,333,166,176,682,27,287,85,231,358,404,593,329,22,543,657,489,225,214,581,71,171,173,481,418,148,50,352,212,150,263,646,47,456,31,285,358,542,518,172,273,357,676,595,654,518,116,204,79,320,681,347,650,532,581,653,632
"377",401.940357852883,138.5,460,150,501,105,201,393,321,220,213,306,60,242,281,141,548,582,640,332,194,580,451,666,52,192,107,626,469,169,593,646,237,619,184,640,209,305,335,648,536,189,598,319,444,171,618,570,464,549,341,463,542,469,658,265,166,525,501,145,641,490,432,85
"438",402.638170974155,36,650,61,15,403,271,300,8,2,102,239,167.5,8,4,686,360,621,137,53,681,632,352,3,23,393,500,2,368,525,502,2,25,562,501,172,308,702,1,2,681,671,214,618,492,14,2,6,636,85,554,38,72,350,649,2,150,596,635,370,22,329,413,32
"497",403.335984095427,241,74,263,214,145,432,120,125,212,190,161,164,91,384,343,147,541,406,383,83,504,173,351,355,283,485,215,112,82,352,430,494,444,104,420,290,106,268,226,162,284,437,604,519,389,360,223,498,658,492,338,282,109,288,237,674,557,259,127,250,639,604,652
"244",404.0337972167,360,206,133,419,382,375,507,92,277,244,549,163,190,477,126,294,328,538,219.5,519,104,115,347,193,308,672,435,293,352,329,51,72,369,237,446,121,343,633,338,587,399,371,656,41,594,437,140,326,266,603,123,446,150,362,211,155,600.5,339,450,471,535,602,427
"599",404.731610337972,393,296,586,601,351,599,323,477,463,611,223,292,449,401,495,220,216,303,473,356,241,184,288,321,316,320,492,544,565,559,159,467,519,312.5,470,415,327,439,298,362,571,281,415,304,432,595,585,156,357,292,439,275,500,412,142,485,132,300,480,71,512,360,199
"323",405.429423459245,605,522,380,428,119,598,353,656,408,29,404,603,229,584,289,4,79,88,464,611,92,285,47,327,632,341.5,141,449,471,532,243,408,337,347,56,446,430,338,88,591,420,553,528,104,364,432,67,527,622,425,42,637,139,137,516,302,249,609,149,355,396,491,251
"648",406.127236580517,94,173,337,387,167,674,18,168,201,152,233,123,693,44,664,136,317,223,399,126,30,99,22,109,694,95,344,99,671,514,426,85,583,159,81,272,20,123,43,700,653,90,677,67,51,656,26,679,105,359,26,82,55,67,409,599,610,390,111,415,57,384,620
"256",406.825049701789,474,369,503,590,435,400,475,411,540,419,585,417,338,526,540,597,583,622,218,446,480,623,533,582,574,384,362,300,481,469,289,164,401,664,307,627,300,224,82,580,297,462,220,425,303,176,514,566,644,329,313,460,425,236,469,476,628,327,115,406,139,455,206
"386",407.522862823062,160,494,305,308,249,388,20,207,134,562,307,514,471,257,166,158,660,609,130,479,672,251,647,56,155,545,585,338,296,171,656,158,638,198,599,276,188,357,629,652,525,221,201,678,173,418,172,411,289,602,498,477,491,226,666,221,399,224,396,624,221,200,267
"567",408.220675944334,485,604,539,638,669,564,480,557,624,500,553,485,570,558,622,565,406,175,604,422,455,549,446,587,446,504,301,497,640,577,468,592,153,571,494,499,635,87,450,669,200,57,16,210,566,113,68,574,400,476,87,478,210,352,527,102,635,400,153,420,436,530,631
"558",408.918489065606,348,245,366,36,412,21,650,93,112,101,177,318,180,220,183,449,345,110,293,74,361,652,356,99,39,509,223,83,260,493,401,209,481,391,49,361,193,218,143,85,159,41,146,162,453,300,148,471,481,381,132,465,348,339,571,338,389,549,203,391,338,495,426
"206",409.616302186879,41,207,177.5,458,225,259,357,365,243,179,675,234,188,621,248,293,57,498,263,319,94,355,349,71,263,179,372,400,376,510,356,248,561,434,76,271,243.5,700,119,593,53,558,353,132,636,653,298,612,44,77,222,546,309,205,447,105,447,558,63,418,317,422,511
"49",410.314115308151,77,166,280,83,114,87,111,283,135,46,245,343,261,87,117,122,460.5,307,78,93,463,175,534,369,208,31,146,91,141,38,576,54,577,180,327,349,113,650,302,564,76,62,51,312,563,147,33,420,473,346,162,373,253,117,241,115,489,486,534,576.5,633,239,518
"577",411.011928429423,553,426,534,585,540,569,523,436,561,465,537,646,554,509,449,513,237,356,252,534,382.5,236,276,578,493.5,265,354,534,284,491,200,593,423.5,547,174,281,579,390.5,249,279,606,363,505,436,183,501,596,137,195,140,475,256,386,444,285,360,329,254,523,237,154,178,330
"460",411.709741550696,272,273,62,47,489,18,382,46,36,395,55,159,383,8,229,77,610,134,66,129,502,119,615,677,447,59,562,69,50,93,663,95,503,363,535,19,87,46,473,549,68,366,36,536,464,143,237,477,487,349,99,247,581,74,169,85,556,388,71,606,660,631,624
"366",412.407554671968,304,267,235,361,239,220,358,163,338,344,276,345,126,285,655,673,48,208,448,661,418,274,441,692,325,221,37,212,479,190,85,397,156,269,115,392,179,223,75,74,333,608,692,493,73,631,241,542,50,334,119,588,631,382,433,598,462,525,212,307,51,119,103
"354",413.105367793241,284,606,207,196,127,541,311,296,191,313,599,238,506,249,286,64,653,541,337,105,657,117,692,627,319,546,695,207,353,219,688,299,621,72,692,248,133,561,693,638,75,84,48,173,460,71,202,674,444,612,171,355,123,404,626,234,494,7,469,653,602,327,571
"209",413.803180914513,210,141,271,422,181,612,209,200,393,661,158,416,267,172,226,146,41,99,212,288,126,359,87,284,691,182,44,682,675,182,55,84,72,520,481,448,213,157,130,556,664,237,649,483,38,215,401.5,352,126,74,246,124,662,614,51,220,378,99,262,396,74,71,104
"156",414.500994035785,491,408,353,598,535,450,531,628,475,635,647,621,631,549,335,521,103,272,640,634,210,613,314,539,664,4,227,645,670,206,104,513,567,534,433,642,649,505,325,135,700,579,345,623,366,422,557,32,81,670,515,363,85,159,665,548,364,209,344,189,137,204,175
"408",415.198807157058,343,315,401,71,696,354,629,379,410,557,253,161,318,14,195,123,418,576,131,158,352,333,401,395,56,284,478,598,166,130,454,22,374,373,573,61,219,562,469,354,430,189,290,421,430,420,408,288,169,129,571,466,70,14,11,435,108,371,284,633,600,354,82
"266",415.89662027833,19,486,463,12,264,349,372,522,461,593,382,469,15,126,613,87,528,651,691,630,647,689,559,406,642,72,515,30,75,542,599,1,513,431,538,648,51,668,594,511,300,125,193,689,510,606,313,621,699,586,618,519,640,283,414,253,423,574,308,510,110,151,549
"278",416.594433399602,466,390,505,588,300,510,573,338,498.5,626,489,542,369,402,364,581,185,358,531,579,153,496,183,662,490,475,397,614,570,522,276,533,557,643,249,582,215,525,291,239,573,410,506,280,195,565,538,266,162,197,478,143,547,519,434,591,148,101,504,119,254,226,276
"642",417.292246520875,689,612,210,201,177,470,665,684,564,685,456,11,526,540,337,215,245,572,162,164,46,519,181,227,541,591,218,225,72,344.5,16,104,91,593,373,571,668,305.5,42,14,390,480,149,33,324,670,367,434,398,655,477,73,96,424,499,395,229,404,46,524,256,659,681
"260",417.990059642147,269,404,338.5,330,380,177,345,322,315,397,330,326,277,243,474,436,82,194,366,249,103,390,380,475,367,329,140,279,416,114,220,344,531,466,134,379,417,201,290,55,293,199,380,133,215,234,443,220,114,67,259,529,429,383,372,139,365,363,350,84,200,451,76
"196",418.687872763419,271,233,362,143,229,274,116,306,61,130,381,227,200,107,99,106,171,574,136,160,142,198,169,171,335,442,104,80,132,18,99,138,295,124,454,269,94,590,411,183,403,448,314,235,115,567,675,295,368,3,333,258,623,527,131,460,310,41,594,301,286,355,383
"620",419.385685884692,692,113,335,666,442,689,62,25,695,343,11,383,19,27,649,430,551,598,24,659,508,154,542,63,81,667,599,702,25,699,614,701,486,683,60,444,695,648,630,693,3,163,350,491,29,220,684,91,665,416,701,698,382,233,668,625,577,671,702,88,61,377,67
"138",420.083499005964,85,226,216,311,173,241,23,222,214,261,122,333,142,605,91,183,330,480,414,149,99,315,67,223,355,538,38,277,415,519,57,229,465,127,136,347,252,101,73,101,649,482,257,164,585,304,316,403,408,486,671,526,363,330,427,681,376,389,210,424,426,94,565
"612",420.781312127237,289,169,72,102,69,165,288,187,304,55,244,51,679,240,227,325,291,675,390,18,322,176,109,121,137,548,505,161,261,642.5,206,286,606,161,14,96,83,427,380,287,190,39,17,692,129,582,296,640,383,436,388,17,67,400,638,127,587,210,389,173,177.5,312,347
"190",421.479125248509,113,220,137,452,200,1,90,141,124,41,295,62,87,100,646,61,400,467,38,262,77,319,83,100,408,129,267,426,108,609,56,170,633,399,132,226,246,635,50,104,195,245,87,603,470,187,330,433,597,379,248,579,416,53,80,81,351,125,193,558,378,111,456
"430",422.176938369781,301,34,185,81,178,34,47,131,71,224.5,29,211,674,69,50,248,497,112,144,144,465,367,476,54,216,111,457,208,239,46,507,106,24,333,482,204,281,111,84,480,142,141,21,159,596,171,139,375,589,360,115,530,284,251,477,31,411,345,135,97,474,396,538
"223",422.874751491054,673,462,110,435,559,414,401,136,385,336,93,424,256,629,349,153,131,221,504,59,78,280,231,344,133,272,315,218,603,318,172,310,441,76,235,382,367,592,387,77,441,561,323,295,371,476,254,304,208,256,598,135,179,687,38,196,50,261,338,161,231,241,364
"573",423.572564612326,417,559,521,516,553,534,460,387,608,585,548,566,607,451,570,523,142,267,561,591,188,540,107,535,629,355,133,624,629,297,88,508,418,644,278,504,563,454,283,256,470,360,499,327,133,408,572,204,232,101,431,277,557,515,302,424,131,157,493,192,144,228,185
"27",424.270377733598,294,76,64,309,280,660,16,139,174,106,85,17,140,695,12,416,352,629,665,206,133,147,473,85,22,593,7,432,411,685,83,79,41,272,90,117,238,127,638,435,2,660,697,171,673,153,451,700,391,51,182,61,43,38,691,613,504,98,2,678,693,135,93
"564",424.968190854871,620,638,48,26,51,71,193,122,115,171,162,352,171,242,153,227,373,227,149,13,660,387,668,141,228,657,504,55,51,170,662,177,137,226,675,30,56,230,589,538,153,13,24,668,612,627,101,121,618,369,24,641,380,625,647,655,666,358,634,484,413,666,622
"512",425.666003976143,40,324,84,567,83,55,259,189,375,665,395,288,71,398,578,124,138,340,237,291,389,218,385,183,562,5,214,505,97,79,183,360,170,50,252,283,428.5,322,147,340,234,271,385,390,403,421,542,673,160,144,435,60,349,107,224,575,406,405,119,226,361,317,360
"447",426.363817097416,349,95,455,168,13,86,79,28,127,81,18,113,96,63,682,92,30,125,341,264,87,151,34,671,98,103,221,16,119,531,37,37,476,469,93,127,314,193,34,495,341,528,607,94,452,182,52,648,107,478,104,623,220,56,96,627,360,354,672,81,31,616,522
"202",427.061630218688,71,47,244,450,190,238,122,682,197,450,657,690,221,604,684,203,600,699,440,326,31,80,701,274,687,513,29,686,507,76,379,361,25,442,702,677,496,690,702,546,191,580,110,182,31,77,422,553,35,409,181,631,108,394,560,624,431,32,656,668,629,514,51
"493",427.75944333996,42,697,79,86,306,12,12,353,80,377,262,78,63,26,290,424,384,62,107,4,582,666,340,50,696,34,446,54,673,23,277,176,11,126,406,147,693,618,173,240,44,21,390,643,223,192,439,412,463,373,98,7,44,39,676,157,35,76,9,11,387,24,31
"189",428.457256461233,293,642,349,92,463,85,65,246,20,218,57,79,176,290,95,394,81,590,279,9,683,248,600,47,234,606,646,269,220,678,655,167,545,383,576,107,249,343,695,622,88,58,7,700,458,257,154,387,560,528,70,690,645,422,452,181,624,12,641,503,33,556,63
"26",429.155069582505,47,284,301,88,220,645,683,661,697,16,690,115,73,158,24,431,2,7,54,228,21,369,31,88,63,440,34,119,23,27,90,43,314,11,179,662,307,269,27,686,634,318,655,362,385,697,10,267,219,20,521,702,11,180,126,19,73,10,558,117,699,15,447
"285",429.852882703777,165,196,218,234,203,144,143,156,246,251,200,360,446,135,397,119,523,527,301,290,471,91,522,247,306,217,506,230,262,438,594,252,580,295,544,330,199,550,457,211,393,473,127,31,176,190,228,419,480,70,487,543,577,504,399,491,397,321,567,421,316,540,561
"77",430.55069582505,493,626,589,682,537,426,559,447,648,497,646,572,391,478,639,638,125,435,599,508,135,616,293.5,381,488,363,649,66,74,223,87,612,201,633,227,620,634,543,215,373,396,446,566,375,386,487,649,223,336,278,609,384,556,521,218,484,81,198,424,271,241,181,55
"71",431.248508946322,37,378,188,253,110,178,673,98,196,455,150,529,528,351,122,268,647,30,510,509,283,127,412,439,26,161,390,135,117,83,568,436,82,312.5,127,454,144,26,352,185,121,574,398,564,575,18,144,25,508,485,112,596,29,99,255,501,696,275,238,324,220,361,675
"222",431.946322067594,464,463,531,513,420,462,536,609,489,333,373,453,472,208,505,640,313,257,289,640,157,614,339,479,542,183,366,324,562,154,316,284,177,436,159,668,665,350,183,351,409,180,223,204,161,548,158,101,518,290,626,194,494,526,298,231,458,57,448,343,424,346,200
"362",432.644135188867,438,582,415,529,507,491,610.5,618,578,411,313,599,334,444,488,658,596,98,642,485,664,321,673,438,592,211,489,569,464,222,591,427,603,482,676,374,614,379,667,84,173,467,200,701,130,485,188,16,643,385,80,436,198,401,446,487,338,688,455,384,390,393,413
"336",433.341948310139,558,484,651,561,364,333,494,463,659,624,592,395,587,334,621,232,201,278,352,503,86,235,252,501,561,338,174,255,608,506,378,285,453,662,389,242,449,500,176,241,462,241,482,336,199,477,347,222,225,165,410,315,219,448,92,441,93,136,449,238,272,230,253
"370",434.039761431412,420,529,620,663,551,597,533,640,397,498,641,492,628,641,351,578,604,33,108,593,364,535,616,614,485,645,96,638,601,19,502,119,637,505,636,6,592,493,614,677,683,28,237,677,649,10,255,49,575,553,346,114,9,121,660,432,595,691,663,636,668,11,558
"606",434.737574552684,180,587,671,250,683,218,224,45,10,207,194,252,699,696,237,425,638,57,266,693,467,360,560,618,12,587,402,160,106,40,540,161,6,140,473,425,19,656,133,6,9,699,167,169,57,663,90,664,69,608,653,651,93,307,410,345,414,498,58,102,540,552,64
"96",435.435387673956,237,285,154,323,265,130,195,288,257,342,133,294,193,271,313,442,51,231,121,82,109,345,66,261,235,181,58,315,379,511,43,313,459,309,87,373,405,205,137,389,166,116,620,84,481,262,445,423,83,344,275,463,418,264,378,576,509,465,283,367,48,421,463
"458",436.133200795229,520,297,181,350,368,211,397,634,444,78,303,328,442,167,262,308,124,140,176,488,171,523,184,219,376,250,289,217,494,252,348,389,103,26,184,492,271,278,219,111,347,456,585,237,135,427,323,402,138,161,110,354,23,384,460,87,412,155,272,349,410,220,471
"565",436.831013916501,688,531,482,676,695,123,17,16,694,445,1,676,676,694,387,134,169,439,77,328,269,6,295,576,11,364,135,7,397,442,254,675,279,61,80,687,357,576,6,1,499,683,277,442,394,457,613,254,374,255,517,364,684,636,258,609,92,16,507,300,458,351,173
"109",437.528827037773,653,247,399,164,419,387,158,159,337,211,181,670,455,179,267,288,182,247,441,375,148,245,177,419,495,379,358,247,351,333,116,480,495,221,255,137,330,411,248,291,579,385,470,363,123,496,412,235,200,95,461,81,158,514,178,184,218,225,518,243,170,265,247
"158",438.226640159046,242,183,439,325,422,103,251,318,325,417,487,391,337,113,283,236,203,266,379,297,273,225,267,172,366,17,230,350,482,58,441,405,510,422,516,360,412,214,288,253,285,200,226,341,529,275,560,280,303,368,223,184,594,435,163,262,396,151,492,228,280,140,451
"443",438.924453280318,88,194,320,297,160,234,352,35,136,374,360,137,66,246,300,100,403,544,113,57,58,246,465,696,114,620,24,159,497,507,63,445,472,65,158,429,116,199,125,640,654,603,174,203,561,169,218,444,598,431,159,517,465,331,113,218,634,608,192,570,495,382,649
"689",439.62226640159,300,240,350,273,193,422,416,494,310,375,341,392,163,596,158,391,283,515,565,420,248,473,196,453,413,516,252,336,521,398,308,383,522,224,330,178,463,483,246,150,475,489,419,396,336,484,517,479,300,411,399,300,339,162,361,437,296,188,467,320,350,76,254
"249",440.320079522863,132,682,126,215,148,36,81,96,98,526,99,70,235,195,142,176,303,400,143,98,614,417,517,134,55,155,192,329,184,612,604,166,251,220,313,225,295,121,521,613,106,30,45,617,344,161,261,586,527,525,197,575,202,299,594,158,566,497,154,236,475,99,307
"187",441.017892644135,582,600,574,669,503,371,529,626,460,482,623,467,438,383,620,524,568,254,502,627,628,531,634,603,471,81,516,463,403,194,593,650,487,658,506,665,672,220,548,659,63,138,229,494,516,150,321,361,645,611,31,485.5,634,629,360,5,653,58,298,546,524,501,680
"126",441.715705765408,633,306,148,52,219,609,14,582,426,88,129,634,480,487,263,679,533,652,426,604,45,701,572,277,353,380,212,145,364,314,248,15,343,183,519,42,683,326,583,231,487,490,316,307,365,260,31,549,662,578,375,586,570,419,613,529,315,434,459,684,351,402,301.5
"19",442.41351888668,212,45,242,282,370,681,99,213,130,167,350,72,45,283,48,209,488,300,408,179,287,64,23,22,50,614,86,268,228,74,29,298,678,132,6,298,353,362,124,155,72,193,37,175,124,568,629,26,567,597,608,687,1,278,44,373,491,1,132,681,52,125,27
"294",443.111332007952,107,28,289,342,222,257,652,679,235,229,325,105,336,235,243,399.5,618,616,313,258,665,263,658,248,149,592,686,360,313,48,689,303,121,458,633,221,80,136,658,102,272,165,249,648,621,214,466,617,677,475,234,556,277,337,419,260,424,603,271,635,503,414,109
"667",443.809145129225,680,592,6,285,53,582,634,476,636,688,551,29,35,232,551,699,671,83,106,417,514,51,410,298,409,308,164,2,306,610,483,652,175,459,160,289,438,42,109,10,600,656,367,53,676,1,4,296,580,393,14,16,107,659,682,702,101,698,472,35,688,45,123
"66",444.506958250497,559,481,595,609,589,453,452,491,570,518,528,615,502,445,451,549,165,325,530,462,230,536,194,448,558,163,345,610,580,412,152,621,408,614,357,526,593,480,241,251,562,397,539,416,207,491,548,265,262,186,198,262,590,535,167,327,194,186,552,132,171,252,277
"69",445.204771371769,253,86,276,436,369,224,313,312,380,429,664,425,309,186,130,369,359,133,438,311,76,416,50,150,430,156,73,414,500,564,344,281,527,435,149,416,427,145,153,471,350,254,246,172,68,184,431,442,143,447,219,107,428,368,64,32,358,103,356,447,407,385,460
"476",445.902584493042,451,602,698,665,258,129,181,238,488,7,375,499,28,682,615,283,296,77,46,423,152,306,247,360,415,429,51,697,19,227,122,242,411,249,19,681,673,370,118,130,453,694,252,567,327,387,671,652,129,438,647,527,30,320,683,551,452,161,669,7,261,376,23
"274",446.600397614314,374,249,404,400,153,253,368,418,311,426,137,262,376,213,377,528,218,323,267,339,605,458,591,160,322,495,396,482,398,221,470,378,419,405,579,126,573,296,613,317,247,45,365,414,484,230,157,348,420,304,299,87,519,179,387,313,484,218,391,264,508,646,492
"48",447.298210735587,389,235,619,333,214,225,498,149,205,533,467.5,370,230,538,422,487,141,461,238,315,250,475,163,519,307,390,350,616,377,435,213,407,214,134,342,493,553,399,244,285,543,122,364,286,117,495,594,193,273,244,454,387,527,478,145,502,241,177,566,277,69,207,190
"604",447.996023856859,122,191,71,344,230,170,208,130,186,107,225,158,182,324,305,240,370,143,297,172,454,407,480,292,314,119,49,216,165,129,388,143,462,262,68,398,255,147,431,468,229,195,320,547,435,151,233,533,148,86,233,508,377,245,463,639,583,539,194,482,347,526,514
"690",448.693836978131,573,364,284,502,596,458.5,454,566,562,623,560,644,408,231,513,619,338,115,290,555,227,258,251,563,526,300,571,572,637,387,126,289,327,171,394,578,462,419,231,286,461,389,601.5,343,305,388,464,409,187,222,528,1,102,603,337,137,262,64,562,40,321,496,197
"235",449.391650099404,331,262,241,437,563,231,261,325,607,242,258,408,323,557,211,466,98,387,394,209,239,584,240,325,570,408,324,392.5,590,293,204,362,272,639,348,132,610,400,234,215,550,391,546,365,125,531,591,116,258,171,398,535,498,496,162,374,207.5,227,542,450,187,249,165
"120",450.089463220676,143,48,331,57,36,616,37,242,100,394,681,340,115,594,641,17,412,154,192,148,437,31,362,694,359,63,429,101,491,173,501,23,110,257,547,359,29,198,422,620,691,150,668,528,47,66,131,657,494,539,64,608,201,63,636,108,47,586,242,646,687,400,646
"414",450.787276341948,258,136,183,445,241,250,290,337,207,275,221,140,661,310,322,342,436,539,199,166,478,413,393,679,373,580,248,435,430,157,407,312,581,447,77,421,304,213,425,86,354,277,304,521,583,278,392,325,659,352,625,566,635,433,370,330,437,92,327,464,603,520,484
"31",451.485089463221,403,319,345,199,67,159,283,407,96,481,165,39,345,183,159,537,522,528,268,54,674,511,646,242,25,276,631,177,192,33,659,142,159,71,606,185,108,67,620,594,113,234,86,691,136,95,270,59,687,560,74,209,199,114,133,95.5,588,550,147,517,569,463,404
"28",452.182902584493,267,165,343,310,227,222,384,175,200,241,333,201,227,182,306,382,347,212,384,522,189,297,162,170,254,168,121,328,231,274,335,341,246,264,293,266,313,229,368,574,134,177,120,246,422,123,306,279,577,281,308,273,244,258,336,160,503,366,181,373,373,161,339
"243",452.880715705765,61,308,460,478,485,185,344,454,162,379,6,4,615,5,420,697,453,155,415,303,673,684,612,607,262,27,648,9,323,702,672,473,105,414,529,483,696,670,617,24,158,230,242,601,1,611,187,31,691,28,76,635,333,253,381,659,642,618,648,661,496,75,39
"486",453.578528827038,73,660,168,227,75,148,489,86,356,320,73,167.5,311,93,203,225,395,624,222,528,524,252,487,660,281,75,275,313,245,530,291,67,236,141,96,589,184,51,388,258,131,333,129,608,567,410,332.5,610.5,314,206,146,584,267,182,246,84,565,534,462,645,574,48,408
"510",454.27634194831,694,96,687,93,469,661,659,26,117,432,104,692,313,639,206,374,43,189,678,120,75,50,416,3,692,656,453,96,689,646,33,662,463,21,467,3,112,231,481,687,6,701,698,673,8,677,434,38,17,44,176,30,25,700,686,612,689,62,201,581,86,620,677
"104",454.974155069582,209,54,342,226,279,417.5,304.5,262,291,514,282,350,170,272,125,328,231,160,236,306,212,287,225,110,356,142,45,333,469,370,456,294,73,449,139,240,235,167,256,577,204,212,203,351,281,245,348,443,245,60,196,548,366,193,507,125,498,409,270,433,380,67,280
"541",455.671968190855,123,73,395,156,80,315,262,209,108,293,674,221,371,446,193,298,302,94,207,79,286,172,454,470,217,563,464,229,344,291,478,182,291,425,108,275,146,72,285,321,60,570,448,409,283,383,109,69,229,522,334,520,233,486,371,411,172,289,351,632,664,266,293
"625",456.369781312127,362,596,604,622,556,407,415,509,557,614,502,436,520,419,637,510,592,611,570,476,654,495,614,570,486,153,491,538,662,172,643,544,635,532,568,562,585,660,566,52,199,563,633,690,535,622,325,677,510,410,117,442,91,103,600,618,561,117,295,629,121,104,602
"506",457.0675944334,195,241,261,197,276,162,250,282,226,291,217,181,189,234,258,196,268,285,190,332,378,247,408,460,269,353,127,304,217,557,397,440,139,274,505,292,220,453,516,236,163,182,107,354,323,203,190,268,471,262,451,358,173,265,470,199,455,417,268,555,497,513,481
"280",457.765407554672,550,581,584,500,578,526,567,570,597,474,531,526,514,527,614,620,221,314,538,584,146,432,170,338,580,382,224,561,552.5,433,140,584,294,576,222,563,612,292,358,277,588,455,573,344,179,515,601,136,340,169,590,294,583,540,223,542,68,216,496,272,251,357,354
"586",458.463220675944,21,281,15,68,464,113,355,76,199,30,662,699,18,674,171,82,77,161,9,20,64,142,30,279,94,597,249,653,215,606,612,4,186,163,64,469,57,19,471,623,458,549,688,12,681,195,19,78,694,468,210,103,287,696,383,650,3,668,691,66,479,625,665
"418",459.161033797217,82,318,93,284,52,272,322,343,348,461,254,517,596,16,157,285,192,354,307,219,215,441,220,314,320,398,142,457,316,338,212,21,176,289,288,324,362,440,235,193,496,357,532,349,202,616,583,122,280,131,452,328,506,431,197,449,209,179,464,171,156,254,209
"492",459.858846918489,475,438,21,534,457,495,528,553,617,271,509,362,315,515,567,323,178,456,613,589,70,504,182,516,520,402,233,642,610,359,107,223,80,7,333,553,393,279,182,331,500,382,571,257,254,239.5,611,175,213,100,289,441,603,602,520,418,245,174,528,434.5,417,348,344
"125",460.556660039761,218,208,322,160,295,197,121,360,213,145,178,225,250,149,346,83,538,462,359,594,440,98,498,442,265,352,488,270,407,102,546,122,393,121,580,256,142,143,435,509,259,81,140,433,424,340,314,569,179,372,166,537,206,409,430,186,224,192,360,345,579,367,183
"455",461.254473161034,178,623,618,562,632,411,530,547,537,421,422,414,636,443,571,237,458,37,451,541,209,646,564,588,611,236,84,620,602,328,49,347,172,58,571,362,285,422,315,642,485.5,350,537,298,485,522,48,98,517,516,102,370,699,60,50,430,407,380,638,172,367,174,528
"556",461.952286282306,92,35,98,75,111,74,205,171,111,304,251,199,209,68,145,175,86,234,382,304,336,122,71,46,76,21,348,107,131,59,392,162,23,228,152,213,218,95,150,615,92,183,139,100,580,73,271,575,418,484,216,505,264,344,347,61,614,116,164,371,554,615,589
"275",462.650099403579,189,242,136,136,309,104,104,221,301,238,193,245,343,55,56,333,389,167,298,309,417,384,343,201,253,207,79,245,255,186,361,88,102,329,175,123,310,107,172,506,130,110,100,150,539,105,284,87,133,419,89,578,356,188,542,255,394,432,294,55,104,391,485
"81",463.347912524851,63,635,138,314,45,29,67,115,276,136,63,149,204,323,200,40,56,499,115,700,489,157,442,142,15,212,449,137,253,603,509,45,124,337,206,45,337,76,135,407,294,224,696,28,642,235,71,366,38,32,204,612,270,230,504,24,355,485,293,399,592,139,508
"474",464.045725646123,308,272,411,492,500,339,167,285,415,232,339.5,389,296,519,421,393,297,555,590,330,318,430,282,437,268,279,76,355,395,376,278,208,394,574,376,95,48,311,189,190,84,215,431,535,322,365,268,322,55,275,432,337,224,100,274,248.5,235,320,482,456,318.5,398,125
"1",464.743538767396,695,477,422,696,702,584,183,87,575,489,649,6,27,224,565,624,13,691,128,615,307,500,138,392,609,468,410,385,171,626,387,156,312,444,442,679,677,345,5,12,202,620,115,281,367,14,699,287,37,260,405,51,651,584,125,538,320,84,34,86,689,112,395
"345",465.441351888668,636,153,471,289,423,262,651,326,400,425,336,139,675,108,66,676,372,204,474,256,93,672,460,148,425,55,72,334,490,638,347,457,16,481,145,307,421,45,477,568,362,35,387,24,553,223,358,339,111,406,203,97,99,135,385,145,478,567,652,61,64,583,574
"589",466.13916500994,410,575,12,507,466,471,643,90,459,506,591,609,563,377,404,535,170,488,623,623,51,631,215,532,422,515,493,501,538,276,141,563,329,552,440,525,538,563,401,137,561,27,47,378,114,630,660,609,423,562,575,76,633,12,53,16,114,69,571,672,54,287,352
"404",466.836978131213,618,195,681,108,689,58,336,148,252,45,151,42,112,98,9,217,401,478,348,694,338,402,459,93,40,219,538,667,191,617,403,672,525,420,455,277,661,144,93,423,331,557,383,106,50,219,206,428,70,403,274,632,92,164,444,174,486,645,367,643,546,141,45
"33",467.534791252485,18,459,536,427,106,154,412,218,593,163,637,368,558,431,485,35,669,581,659.5,190,553,439,627,324,590,662.5,632,388,170,66,569,105,544,358,540,515,242,93,526,616,102,425,646,279,577,158,399,572,512,577,440,112,209,92,529,90,664,632,244,379,604,557,653
"516",468.232604373757,60,202,179,272,99,39,255,107,322,273,174,218,683,199,323,230,339,182,86,90,382.5,341,428,647,329,196,238,664,229,482,453,94,152,323,98,430,151,190,448,634,120,134,142,146,69,70,311,426,432,339,229,498,355,272,555,233,371,526,223,640,124,126,489
"686",468.93041749503,109,351,281,166,236,60,32,524,60,262,97,190,350,505,127,98,271,491,205,115,267,205,280,127,132,65,134,420,203,238,175,188,688,268,224,404,349,477,459,180,338,88,80,7,112,506,588,45,268,160,496.5,142,410,130,362,480,677,299,85,63,513,153,313
"571",469.628230616302,450,445,442,512,613,488,603,604,513,520,564,503,549,461,448,631,206,393,556,427,203,601,185,401,531,310,298,621,554,388,125,551,231,521,338,547,605,474,267,249,516,452,493,415,228,460,470,164,186,245,509,161,554,434,166,443,200,250,553,242,174,142,176
"389",470.326043737575,318,597,359,519,517,263,301,316,470,245,283,461,347,485,271,364,126,516,471,428,154,347,281,290,442,437,253,302,427,386,262,214,339,542,460,154,549,233,391,344,421,512,362,320,410,415,411,379,189,157,349,317,138,517,84,343,321,311,363,474,268,121,110
"569",471.023856858847,116,232,143,109,48,650,166,260,103,187,116,212,130,109,672,101,378,465,159,64,370,67,400,199,51,603,258,340,250,135,480,275,530,218,477,227,287,639,103,410,203,588,197,144,618,270,328,559,493,543,302,501,466,223,393,617,482,450,320,431,594,63,419
"661",471.721669980119,400,399,654,653,615,293,453,630,526,258,629,438,490,571,483,500,19,153,593,554,512,494,51,491,654,24,206,454,631,611,448,560,371,523,530,636,100,153,627,684,57,129,83,530,653,218,103,563,125,605,615,693,352,30,356,537,481,115,697,604,32,38,75
"545",472.419483101392,79,56,95,95,74,56,241,319,18,204,668,411,213,40,89,110,695,489,90,147,590,138,663,45,290,41,660,79,265,65,696,62,627,378,612,354,269,58,649,663,48,49,44,49,540,36,37,470,500,94,25,606,667,35,114,7,618,456,110,589,453,518,455
"327",473.117296222664,631,189,679,331,459,288,341,265,449,470,297,237,585,171,368,574,336,187,427,316,165,677,260,162,279,533,570,417,292,232,287,447,184,213,45,141,320,234,195,198,459,102,138,151,475,136,329,358,574,312,283,48,362,556,453,326,493,394,468,58,439,288,474
"269",473.815109343936,98,118,153,125,191,188,655,354,413,335,143,422,70,608,175,373,324,78,654,673,66,659,398,673,259,104,19,405,399,675,54,249,28,382,140,357.5,435,28,152,666,161,72,168,70,491,661,110,526,546,383,147,120,399,160,45,263,357,453,354,650,686,473,117
"513",474.512922465209,89,31,113,29,201,64,201,362,78,174,188,180,186,74,109,90,536,55,350,183,381,71,463,119,113,57,185,125,218,424,498,130,178,92,157,216,161,80,95,619,119,403,61,141,155,53,262,342,514,370,62,372,175,81,489,323,615,524,68,395,382,587,555
"407",475.210735586481,363,435,512,528,624,404,585,421,609,598,610,650,562,196,352,568,574,16,499,483,571,650,605,609,595.5,151,122,470,8,49,598,501,675,559,666,510,13,351,573.5,448,85,673,144,684,268,525,87,659,536,681,672,700,322,69,22,588,591,693,236,701,695,21,400
"684",475.908548707753,12,702,7,468,487,666,698,66,702,681,651,28,79,78,702,13,397,656,27,698,521,96,404,13,180,702,468,123,682,687,23,428,623,498,545,447,264,228,40,96,696,700,49,199,603,55,27,21,33,691,150,23,686,410,36,328,620,121,157,673,395,673,88
"587",476.606361829026,649,126,24,170,64,676,277,302,88,644,320,76,696,669,303,353,35,630,666,668,29,12,530,663,52,476,17,53,48,693,423,16,434,677,479,188,44,307,527,20,505,418,687,430,28,76,23,316,569,274,358,74,688,516,229,683,71,460,516,685,684,475,18
"284",477.304174950298,135,154,478,74,308,131,21,674,299,389,663,377,299,252,680,28,692,540,180,41,449,83,667,206,398,644,678,259,370,682,677,392,479,243,635,472,413,98,655,646,352,244,672,17,507,605,81,504,56,634,268,646,274,315,474,3,353,578,57,443,661,388,50
"13",478.001988071571,252,171,171,35,77,169,71,251,81,118,98,82,327,45,7,173,479,582,235,317,520,401,549,31,239,148,416,33,57,549,622,57,46,62,554.5,168,121,652,578,98,13,26,29,524,635,28,28,125,585,656,32,49,177,90,605,114,479,487,292,91,556,654,551
"359",478.699801192843,215,62,88,137,58,102,242,67,87,250,117,119,247,117,120,262,354,121,97,154,199,446,206,221,134,174,137,81,177,116,545,110,230,300,99,238,139,102,261,377,61,303,221,125,222,444,51,584,437,461,54,417,122,128,486,371.5,293,536,116,444,276,394,249
"693",479.397614314115,38,22,58,3,3,8,257,60,339,380,83,353,680,24,1,263,619,122,304,689,578,397,556,294,13,10,70,38,277,3,634,44,3,146,449,111,196,6,637,694,14,80,6,640,684,20,226,469,670,34,624,617,361,250,65,41,599,666,64,564,559,644,422
"232",480.095427435388,133,60,215,138,62,70,61,56,119,547,51,337,510,650,134,190,151,348,227,414,228,118,139,343,188,435,144,473,232,365,211,173,261,216,316,457,82,342,333,205,517,367,258,495,262,489,495,237,180,280,500,255,427,476,158,447,205,265,557,194,243,305,201
"588",480.79324055666,562,188,28,511,552,542,395,559,539,67,399,41,29,685,654,644,290,433,511,442,331,510,97,537,59,18,412,513,474,460,187,434,183,69,265,629,562,383,354,318,693,685,343,638,180,465,65,3,323,631,100,12,612,79,472,398,27,239,306,190,27,282,327
"633",481.491053677932,111,80,176,235,231,45,192,114,26,267,131,480,172,60,101,118,613,503,122,55,633,316,611,181,195,600,624,540,154,300,631,74,590,191,578,264,288,325,622,590,73,63,25,386,291,65,357,502,492,433.5,156,327,197,217,389,100,512,481,302,516,89,311,465
"247",482.188866799205,264,257,443,443,232,662,699,186,341,28,377,314,21,43,683,674,42,156,378,682,62,349,15,699,157,617,48,389,443,181,334,386,126,446,51,363,278,31,10,433,4,653,251,201,39,620,13,535,610,667,245,176,84,184,609,275,54,83,146,592,588,32,54
"491",482.886679920477,675,446,388,64,273,308,351,448,438,19,234,298,494,452,296,491,665,650,470,260,667,404,587,384,305,629,548,679,536,640,512,273,585,23,648,197,187,482,558,315,446,60,239,593,381,35,179.5,368,327,531,184,385,164,213,242,436,161,51,544,204,615,588,619
"537",483.58449304175,441,416,473,505,622,529,392,507,495,339,522,462,416,529,498,482,275,402,652,612,200,478,238,557,530,78,132,415,607,392,162,636,192,411,382,436,486,528,227,145,449,319,216,345,141,556,543,216,320,407.5,508,452,415,459,191,630,401,159,440,107,266,109,377
"299",484.282306163022,177,440,580,583,366,553,388,121,532,317,19,442,602,680,146,386,577,559,172,581,433,421,510,29,641,632,617,356,9,630,544,199,262,697,379,344,503,601,568,348,372,689,363,533,186,266,561.5,551.5,59,320,7,31,560,386,358,510,439,628,121,533.5,379,624,228
"228",484.980119284294,216,142,189,431,413,195,284,280,391,427,260,152,671,291,312,441,100,242,439,233,345,409,69,675,378,224,62,373,504,183,75,382,521,475,167,411,461,133,415,105,663,509,328,197,414,282,652,94,117,76,287,158,658,622,62,572,344,356,384,94,72,456,458
"605",485.677932405567,574,69,562,551,664,138,109,470,247,356,390,546,253.5,494,308,556,477,127,627,629,403,512,289,558,503,416,471,579,599,583,541,363,442,509,329,585,437,225,38,326,90,77,57,573,253,355,30,42,325,241,318,55,582,430,60,669,590,397,162,412,245,97,368
"527",486.375745526839,629,219,274,220,336,32,658,226,132,641,67,110,321,29,173,339,87,60,365,100,57,383,10,195,126,524,241,111,56,513,31,36,679,87,116,148,422,7,56,19,34,107,283,21,658,67,137,36,60,35,269,649,372,43,589,46,684,541,47,48,24,41,470
"35",487.073558648111,203,213,122,142,321,105,56,68,253,401,26,128,662,88,281,178,504,588,155,176,461,8,379,295,313,82,438,266,214,501,508,92,553,245,508,348,251,64,154,418,312,71,81,604,23,623,299,493,49,469,239,481,200,420,672,679,603,375,693,68,349,379,41
"375",487.771371769384,433,402,365,521,388,394,421,199,580,385,302,444,431,467,318,459,168,377,442,586,221,443,123,398,516,436,470,597,384,416,191,506,468,628,336,522,410,404,326,152,534,362,389,347,230,488,600,160,198,153,480,199,434,522,235,334,195,199,529,206,215,238,211
"570",488.469184890656,134,49,452,270,188,348,83,165,167,216,42,94,47,362,84,351,501,27,397,43,562,211,620,168,271,659,480,256,274,627,610,81,229,241,628,420,157,271,564,548,51,112,135,663,579,311,376,540,71,326,377,607,451,482,623.5,213,554,500,475,366,520,255,284
"505",489.166998011928,480,443,372,280,472,236,276,450,529,388,243,544,286,397,256,398,450,535,506,344,262,546,520,275,414,490,283,571,422,296,303,548,129,299,495,418,452,467,372,246,478,503,360,376,387,562,213,219,343,155,403,420,295,259,384,222,244,162,349,489,595,428,504
"683",489.864811133201,419,70,270,365.5,289,80,506,403,520,231,202,248,467,393,68,335,176,123,300,525,351,513,279,494,153,522,167,466,612,69,310,404,78,60,111,581,140,164,39,175.5,186,474,255,119,578,456,124,446,630,405,468,203,509,113,261,579,516,545,81,383,523,51,261
"584",490.562624254473,1,294,42,688,4,362,424,545,429,35,347,426,652,212,409,689,517,69,36,419,547,696,548,319,614,691,32,694,13,663,381,11,402,687,642,702,685,295,489,625,342,606,356,29,598,686,259,580,416,573,16,580,31,641,75,530,4,667,6,93,677,690,669
"412",491.260437375746,228,18,68,114,46,142,264,47,84,391,160,193,354,148,233.5,44,344,243,129,352,373,65,364,154,117,210,14,390,197,131,32,441,18,267,189,153,60,187,104,36,181,481,173,66,617,132,225,615,77,661,113,71,214,380,648,677,379,467,69,317,355,132,659
"287",491.958250497018,232,339,131,182,496,552,538,654,424,436,387,620,152,491,371,559,223,42,16,200,386,569,423,509,343,100.5,430,317,52,601,297,253,250,648,239,550,407,216,505,368,148,438,124,83,274,118,573,431,660,58,61,264,485,140,204,377,227,663,104,595,644,316,48
"47",492.65606361829,87,363,144,332,290,187,370,266,350,438,310,338,191,89,291,86,210,249,185,253,238,177,200,462,142,521,210,529,402,553,249,193,344,200,359,180,309,415,160,412,360,217,315,192,201,252,456,484,144,412,254,502,364,480,236,513,226,419,278,419,352,183,317
"419",493.353876739563,105,286,82,135,44,214,207,270.5,288,355,88,40,23,337,65,229,8,104,44,96,321,163,337,6,354,40,81,656,137,552,44,459,188,117,44,267,388,247,303,147,640,411,563,316,95,574,3,283,333,284,340,380,18,452,124,490,280,256,466,297,222,27,283
"681",494.051689860835,406,540,10,496,599,574,501,647,603,564,594,586,368,550,365,534,298,279,55,567,327,487,335,554,459,482,520,397,89,119,105,526,356,620,431,187,558,265,314,203,589,414,606,294,142,306,511,152,206,318,495,80,65,101,411,353,78,253,8,288,232,250,490
"518",494.749502982107,369,105,250,264,93,376,309,41,176,165,76,132,120,215,197,429,59,347,244,67,353,318,211,111,86,532,54,97,189,320,79,112,33,440,63,259,192,141,81,254,214,209,643,87,209,263,165,501,92,216,161,539,161,131,578,215,517,459,524,417,279,534,580
"646",495.44731610338,622,260,252,9,358,67,696,194,55,237,74,21,125,668,194,154,608,319,204,250,630,88,608,602,275.5,599,582,147,24,32,404,359,19,335,548,466,214,372,650,599,359,533,354,621,46,642,209,365,647,682,10,134,28,628,350,140,460,641,14,620,18,674,30
"199",496.145129224652,614,421,496,473,490,606,385,395,491,405,460,468,310,624,375,515,304,644,481,489,589,489,418,317,551,344,277,485,386,150,527,482,541,507,354,350,344,287,494,645,227,226,117,574,226,109,438,439,359,616,392,599,307,243,573,227,400,176,248,587,578,610,300
"465",496.842942345924,148,116,196,157,218,153,216,323,151,311,264,367,666,42,110,384,66,179,418,269,41,403,29,184,292,116,63,204,389,71,368,245,116,379,122,233,185,74,49,605,87,288,644,514,606,229,364,109,128,353,179,170,401,297,445,164,48,104,183,410,427,430,526
"611",497.540755467197,83,312,690,146,41,675,690,667,405,123,687,3,90,205,386,668,408,548,387,128,436,386,554,560,251,194,503,139,20,629,494,476,659,423.5,183,485,678,692,116,656,110,506,232,114,451,246,108,378,28,575,230,615,100,633,21,15,38,482,100,95,35,637,627
"45",498.238568588469,239,683,449.5,376,395,78,206,368,399,290,321,668,690,201,681,389,548,217,369,245,519,429,376,681,388,205,250,363,527,528,476,455,625,417,461,437,433,150,433,449,288,498,268,537,75,290,471,383,405,336,621,243,453,381,108,634,348,517,642,158,169,118,430
"403",498.936381709742,623,678,30,662,33,614,332,216,700,161,12,32,236,190,319,457,616,621,37,184,679,275,689,98,377,601,623,14,32,666,661,453,473,506,665,452,226,368,641,439,86,650,111,139,9,107,676,40,639,687,12,561,135,31,688,136,15,670,639,353,95,589,5
"25",499.634194831014,205,237,317,398,390,636,225,236,329,287,107,373,274,591,246,202,693,253,154,214,594,346,637,257,342,641,525,348,409,63,513,216,665,406,669,450,247,682,579,58,184,631,669,224,597,664,35,472,479,500,616,64,329,165,465,271,65,659,330,580,60,35,557
"303",500.332007952286,225,518,608,90,136,155,237,591,457,678,284,686,363,349,384,56,276,311,492,159,277,125,160,362,296,366,139,631,193,362,216,200,396,135,361,222,525,389,279,186,602,280,543,418,245,390,530,197,287,210,420,195,589,464,332,586,135,286,543,253,183,197.5,142
"483",501.029821073559,588,584,605,527,512,543,550,428,555,640,449,593,632,564,336,477,460.5,246,575,464,483,544,438,594.5,566,378,637,459,583,635,581,578,211,638,517,630,523,540,390,525,443,181,287,449,473,122,62,88,524,272,614,212,12,467,324,457,312,144,602,600,568,278,169
"182",501.727634194831,330,601,689,477,694,24,540,346,434,22,565,184,557,690,628,36,12,646,456,21,16,676,527,507,575,51,80,19,455,103,93,456,169,503,2,701,670,377,586,629,567,692,50,238,103,579,694,408,79,651,496.5,58,694,653,217,545,300,423,19,20,8,576,488
"268",502.425447316103,238,179,287,24,34,35,123,84,14,322,124,315,111,35,22,75,679,171,225,197,545,344,475,28,173,141,484,237,180,632,534,272,40,404,144,205,77,108,503,575,29,85,23,641,82,30,120,554,613,527,46,644,172,95,534,14,671,47,160,105,400,437,590
"424",503.123260437376,126,13,46,150,66,243,321,31,396,214,125,210,224,344,19,303,420,459,45,675,516,435,547,208,61,19,20,8,420,193,337,68,480,233,536,38,372,644,515,50,35,94,181.5,588,628,160,219,478,15,45,36,652,194,612,593,34,685,604,635,73,40,128,445
"200",503.821073558648,297,174,140,389,392,111,188,380,251,194,106,175,228,238,199,318,55,508,210,86,84,424,369,95,96,154,46,403,175,125,18,114,145,398,26,128,117,88,107,461,685,114,225,208,688,120,169,67,110,89,85,552,654,109,699,69,410,373,696,409,96,435,568
"263",504.51888667992,74,65,240,283,147,207,689,108,267,209,256,427,146,312,70,107,439,463,256,114,127,42,24,253,21,160,388,61,328,177,402,354,456,350,560,72,423,217,115,512,289,614,691,138,499,607,173,489,475,626,83,595,406,325,551,162,427,627,670,522,354,411,77
"391",505.216699801193,354,317,279,542,565,324,405,642,468,639,418,379,429,118,626,698,381,165,675,440,411,698,372,621,511,42,69,558,686,179,66,669,154,695,92,20,662,56,171,561,49,55,77,174,569,166,119,503,640,31,243,562,153,108,390,135,688,613,107,361,463,392,566
"267",505.914512922465,613,346,674,423,396,691,329,657,97,212,186,385,133,692,372,80,20,695,402,305,26,671,497,641,74,257,655,153,492,393,255,673,400,16,312,54,494,582,424,296,376,311,198,388,292,578,686,173,392,248,270,6,6,27,331,352,273,494,404,83,26,503,8
"615",506.612326043738,6,686,2,693,7,700,678,17,92,695,112,671,700,303,174,390,694,565,65,680,540,84,81,129,14,35,557,675,442,220,626,484,141,699,489,285,657,62,132,27,681,210,619,522,35,701,448,393,605,72,93,434,24,314,620,83,661,43,179,682,593,36,46
"431",507.31013916501,479,382,611,617,548,456,510,405,614,548,505,521,582,338,435,478,387,432,564,518,490,508,491,564,603,494,406,600,515,287,321,412,457,360,497,541,629,387,436,314,433,463,270,548,438,323,460,96,438,300,217,318,502,607,379,482,330,495,503,239,306,533,449
"24",508.007952286282,615,53,106,407,467,57,310,38,51,354,7,697,288,173,88,51,70,39,254,211,54,188,21,229,87,145,3,102,685,26,472,322,17,470,459,179,419,625,17,482,327,106,610,108,488,638,256,593,459,37,273,648,462,28,24,672,408,377,684,110,43,482,68
"607",508.705765407555,106,12,230,21,97,116,52,230,23,109,39,38,122,28,13,234,456,162,74,127,503,305,424,4,70,159,307,57,38,152,600,179,68,167,563,109,324,24,571,674,26,36,65,515,659,33,29,371,396,524,53,590,48,305,482,170,550,540,218,451,566,605,523
"596",509.403578528827,632,10,694,702,209,628,26,145,240,15,172,688,669,678,252,199,492,116,61,683,401,144,381,117,139,22,53,438,485,476,372.5,684,645,170,173,688,667,674,138,661,701,632,613,561,536,237,379,476,650,679,667,156,268,256,514,280,674,490,681,613,557,87,668
"17",510.101391650099,365,353,453,434,619,537,418,364,515,219,458,451,556,361,542,586,105,547,401,480,196,605,105,520,311,654,178,601,539,459,167,615,649,546,524,542,574,393,280,322,291,590,484,234,237,608,519,212,452,558,514,643,168,158,458,389,463,273,237,527,402,170,340
"29",510.799204771372,213,161,273,266,315,256,172,44,239,321,79,677,61,617,244,395,28,215,251,299,90,290,375,658,381,204,43,359,243,128,58,204,529,403,129,442,333,160,159,478,32,627,284,40,505,292,242,120,61,42,183,433,341,296,500,200,472,615,685,356,55,114,478
"427",511.497017892644,235,89,326,153,143,30,77,211,31,351,305,116,154,84,338,69.5,481,297,67,215,347,133,222,432,111,177,205,149,159,375,260,163,381,173,101,229,84,85,129,488,154,96,94,61,490,164,491,517,672,202,94,230,456,346,355,29,266,476,491,485,530,494,111
"279",512.194831013917,471,649,554,535.5,686,624,664,668,696,517,312,669,692,424,669,560,162,318,552,666.5,180,543,156,648,418,541,320,530,604,538,386,557,44,588,271,531,552,171,491,170,126,477,654,558,416,102,547,54,197,56,691,246,525,665,503,282,58,185,393,160,173,212,450
"364",512.892644135189,593,520,659,655,668,583,639,645,630,634,643,509,578,542,603,651,34,404,424,463,333,517,299,635,491,346,83,486,68,253,273,656,198,259,326,566,607,297,396,199,642,172,69,426,25,544,18,97,239,203,522,603,693,690,159,385,120,75,461,491,20,10,90
"311",513.590457256461,404,61,147,180,56,457,433,555,50,509,520,83,38,374,135,57,466,93,215,38,509,34,313,524,164,506,154,260,129,368,503,264,305,152,268,101,35,312,126,641,483,73,399,462,132,396,138,65,429,331,88,65,342,75,684,534,433,269,260,536,333,110,328
"262",514.288270377734,192,204,77,242,174,209,254,201,266,170,316,92,266,227,311,222,97,530,482,153,402,293,451,278,317,49,318,422,361,540,467,99,74,283,447,388,352,628,465,500,290,152,347,131,521,194,462,465,145,394,255,428,454,406,480,570,450,437,273,423,93,436,96
"643",514.986083499006,95,163,139,268,284,601,670,184,179,142,47,150,297,592,39,684,643,252,428,230,691,665,669,69,85,537,671,374,235,503,685,32,700,426,674,11,104,37,677,457,231,176,224,696,572,146,424,635,402,399,648,426,369,306,645,285,524,372,253,598,447,50,454
"702",515.683896620278,72,403,202,439.5,294,408,319,185,345,416,101,68,434,332,462,519,672,408,104.5,481,668,264,679,136,108,426,679,271,272,174,684,418,587,290,677,407,540,168,675,329.5,146,345,455,504,234,211,592,264,460,239,306,146,170,191,622,518,612,564,172,438,624,304,315
"383",516.381709741551,449,278,506,353,98,284,413,486,198,372,293,397,155,298,487,440,512,202,338,336,500,415,504,118,43,602,305,491,115,200,424,241,517,101,490,532,136,573,447,257,651,273,180,597,459,404,421,274,553,168,173,431,365,494,184,342,548,479,385,262,212,291,338
"392",517.079522862823,512,372,159,491,349,447,610.5,7,689,541,634,645,507,13,588,509,26,438,641,650,278,505,254,382,626,422,317,4,285,256,117,569,162,33,414,672,694,332,323,323,632,471,435,445,390,483,644,458,278,14,324,600,344,551,98,351,301,337,614,486,258,223,11
"301",517.777335984095,152,380,169,174,165,679,680,534,11,268,540,679,26,319,32,493,539,667,516,507,14,40,236,503,112,690,552,142,146,407,123,82,575,148,18,303,36,232,76,547,105,674,13,109,16,116,665,514,356,609,596,503,45,32,524,523,533,334.5,221,47,685,363,577
"552",518.475149105368,58,178,184,424,263,630,84,375,355,452,290,324,276,245,671,414,514,495,302,203,473,267,365,285,333,557,243,663,452,556,398,282,460,464,464,224,444,142,438,80,357,585,243,81,413,651,161,515,621,620,645,474,639,83,71,632,580,82,167,369,597,123,545
"55",519.17296222664,49,652,9,97,16,232,45,64,227,442,10,695,658,689,108,672,249,331,141,218,308,193,128,167,162,235,323,688,476,374,264,9,423.5,410,277,4,470,250,308,118,570,284,577,380,101,313,506,305,380,315,607,377,540,544,254,426,165,324,531,135,149,20,163
"523",519.870775347913,662,397,205,154,71,671,482,398,506,34,500,281,374,211,433,43,278,414,403,30,416,204,311,348,144,269,197,413,325,105,139,215,268,258,294,99,537,585,213,235,344,398,346,261,79,299,623,92,409,124,322,393,251,655,121,549,252,142,229,21,336,471,255
"340",520.568588469185,118,146,309,177,183,96,222,228,208,338,294,213,177,239,129,402,423,141,375,133,270,363,392,120,297,389,251,242,303,226,270,295,378,412,94.5,245,303,308,214,311,363,440,271,408,184,121,336,448,261,460,344,382,438,298,317,172,419,401,441,196,412,592,477
"440",521.266401590457,444,489,47,410,9,361,500,427,493,672,407,170,682,140,539,191,409.5,222,174,684,198,208.5,56,455,435,115,126,52,545,255,142,474,313,56,8,17.5,40,487,180,631,521,250,637,361,7,468,94,579,389,226,238,660,86,177,523,462,335,189,103,584,240,483,219
"246",521.96421471173,110,276,112,239,180,610,127,210,270,227,209,217,93,263.5,326,179.5,65,108,345,205,73,168,44,269,348,138,226,155,366,143,445,225,49,483,78,321,276,166,51,400,270,575,379,92,427,634,176,485,455,487,205,454,374,102,422,569,428,470,245,408,335,452,119
"272",522.662027833002,99,172,124,73,206,406,394,235,328,654,145.5,106,206,48,447,33,641,635,193,461,617,203,594,38,115,583,551,590,319,246,556,70,501,599,553,98,201,284,619,551,530,393,141,675,687,382,303,338,332,505,421,381,151,311,48,355,693,612,189,637,415,23,355
"314",523.359840954274,405,376,623,631,574,417.5,477,529,631,283,473,592,437,637,557,605,107,145,416,532,265,648,244,488,448,404,163,577,578,218,98,651,306,629,405,666,406,512,316,324,542,546,605,452,182,370,624,123,443,142,506,312,579,468,147,561,117,134,506,51,117,479,225
"652",524.057654075547,16,155,142,61,42,49,218,101,309,122,678,323,178,267,651,163,76,105,291,196,349,68,417,189,693,89,288,195,475,30,376,661,120,195,185,235,476,159,48,83,56,625,624,501,587,99,260,522,468,50,75,437,193,168,32,167,670,88,195,542,631,459,457
"141",524.755467196819,650,37,405,171,385,607,40,178,43,246,138,85,40,317,266,276,54,490,64,33,492,66,470,661,140,519,228,361,103,75,488,464,446,31,165,163,154,130,170,90,25,148,329,189,513,302,272,649,394,26,139,175,441,138,369,670,356,606,38,571,646,431,122
"324",525.453280318091,381,289,497,508,572,539,619,590,629,573,570,613.5,627,418,257,533,242,245,596,613,208,398,133,209,665,246,255,535,586,197,247,561,257,610,254,523,518,328,185,409,574,282,451,317,334,532,478,481,384,218,352,213,486,457,56,207,85,153,578,182,224,309,301.5
"664",526.151093439364,244,3,461,279,129,2,75,687,324,327,228,289,51,65,30,669,391,493,360,26,642,229,648,77,121,92,543,48,178,41,615,109,134,165,623,49,130,94,531,519,321,69,9,531,574,8,16,647,531,546,180,673,375,18,363,201,505,679,21,455,643,694,487
"226",526.848906560636,432,470.5,229,395,529,334,173,562,516,476,241,487,357,358,527,25.5,93,97,577,535,298,338,106,426,555,579,303,285,577,275,290,180,280,372,163,214,598,504,399,123.5,328,223,590,241,382,674,252,445,99,136,256,397,26,366,585,533,97,37,453,492,587,447,341
"144",527.546719681909,157,106,222.5,212,262,184,171,190,143,222,114,185,173,244,463,256,437,166,203,177,371,295,77,185,204,173,157,244,339,97,422,251,243,368,123,270,279,178,158,455,246,153,132,72,456,111,265,562,214,423,125,366,538,129,513,163,443,511,124,414,209,221,448
"129",528.244532803181,66,414,643,216,345,137,555,551,675,92,583,507,410,628,438,329,179,349,164,387,311,690,293.5,480,529,473,379,173,143,117,96,218,360,40,248,683,554,577,209,355,623,312,536,242,264,490,615,166,185,166,462,10,73,271,34.5,229,150,315,215,106,348,260,248
"406",528.942345924453,521,268,172,101,329,604,154,63,528,117,691,575,642,37,169,401,690,20,572,47,350,582,682,346,640,275,685,507,480,317,22,505,67,589,689,241,686,485,685,243,348,677,635,18,665,112,220,642,322,421,6,423,565,260,23,191,546,40,661,545,652,40,331
"531",529.640159045726,303,673,259,191,32,125,41,174,693,270,242,233,298,254,254,31,689,627,661,24,631,150,602,216,53,125,591,124,450,598,619,460,609,47,638,88,143,642,686,657,702,613,326,39,41,679,697,694,692,391,674,638,166,21,685,587,669,96,277,428,532,418,410
"215",530.337972166998,5,436,92,240,687,469,681,689,440,697,680,325,423,30,456,16,441,67,323,433,374,14,237,350,505,288,482,693,36,458,263,670,215,696,105,15,4,275,9,526,391,263,123,117,158.5,680,654,690,388,5,599,657,185,697,662,691,269,420,595,487,87,679,409
"678",531.03578528827,388,93,332,111,159,171,125,70,150,386,31,23,80,462,510,85,177,332,258,225,235,194,173,421,176,477,107,170,216,411,50,139,375,242,416,48,61,356,293,221,639,680,513,428,165,560,243,79,204,229,542,104,548,668,95,543,294,205,30,252,172,248,321
"520",531.733598409543,570,389,533,605,652,373,543,536,544,625,618,437,590,463,445,608,239,407,663,469,143,550,266,456,537,254,271,629,620,208,110,601,362,586,279,655,652,488,190,168,374,402,498,384,244,503,551,141,295,250,586,201,414,378,473,310,142,276,490,129,207,143,147
"220",532.431411530815,526,314,502,584,536,318,406,601,538,468,601,448,453,439,379,617,288,397,520,496,254,634,300,572,499,133,257,628,579,272,322,507,90,621,20,573,600,479,192,212,682,571,488,630,84,268,489,687,260,540,505,307,484,25,689,423,699,215,52,123,132,137,131
"619",533.129224652087,35,57,306,139,23,134,86,179,101,91,136,195,290,150,86,91,543,214,248,240,372,302,80,70,233,121,364,396,107,628,425,93,497,150,202,130,205,188,117,676,244,78,26,187,549,185,72,392,629,43,92,445,379,124,471,22,544,583,83,597,419,401,502
"312",533.82703777336,27,619,386,50,426,156,15,675,365,663,236,674,3,354,624,93,121,372,83,692,272,61,95,541,35,262,436,176,40,323,280,702,629,229,428,62,31,436,188,202,69,310,556,676,354,527,558,320,166,338,372,186,496,201,382,525,553,280,664,230,131,187,237
"102",534.524850894632,2,5,29,401,6,10,50,1,56,82,36,125,10,326,8,274,434,66,82,699,121,663,28,267,686,175,15,291,182,523,343,26,125,206,21,79,15,109,106,662,257,678,264,35,61,297,104,404,697,548,107,90,130,59,606,89,606,555,65,479,73,628,464
"543",535.222664015905,424,610,577,644,671,483,427,585,494,602,405,581,633,560,625,542,264,369,558,456,222,647,117,604,676,447,125,588,546,470,231,644,410,666,237,607,639,510,202,117,585,308,538,185,331,538,524,259,222,111,326,319,546,585,318,493,182,140,540,254,15,156,171.5
"396",535.920477137177,549,455,526,668,424,578,545,484,605,583,598,172,560,458,138,238,457,109,23,651,636,102,84,562,599,610,619,444,160,684,519,10,604,3,182,680,7,508,537,702,240,220,325,661,81,682,441,106,250,550,359,28,690,240,454,119,425,407,322,697,78,96,38
"454",536.618290258449,656,474,119,462,12,172,291,691,47,10,700,372,355,679,419,415,225,383,368,687,306,691,227,414,536,449,183,151,46,262,299,24,436,25,73,663,663,583,217,223,684,649,82,463,102,309,291,180,365,133,569,352,641,615,268,550,210,217,473,125,195,166,74
"618",537.316103379722,54,135,247,43,199,133,177,177,42,318,354,242,660,41,198,216,637,95,103,131,612,269,623,169,150,132,529,290,258,140,638,126,438,151,565,59,302,666,615,660,40,139,15,649,608,91,39,495,507,36,60,137,182,62,564,216,663,585,108,481,561,499,106
"368",538.013916500994,453,365,552,522,547,390,496,487,627,423,504,606,575,442,428,630,186,359,601,490,216,644,186,596,605,60,176,531,551,309,163,503,245,527,303,619,502,572,329,209,15,697,504,562,168,423,626,556,259,465,441,404,609,146,701,369,613,322,701,292,150,229,367
"110",538.711729622266,682,458,26,340,697,17,69,65,436,71,696,277,12,90,247,341,246,298,693,325,292,219,94,634,260,157,113,82,387,417,228,680,27,450,250,386,698,341,236,116,652,617,552,60,280,672,617,89,272,62,484,269,505,66,614,417,421,139,680,241,136,251,130
"317",539.409542743539,484,625,201,503,339,521,182,110,317,376,315,267,81,607,437,145,421,604,388,296,645,223,550.5,372,172,98,465,528,211,550,613,231,613,77,601,501,67,490,446,489,252,601,579,655,341,349,54,293,382,665,561,425,517,437,185,226,643,131,152,229,640,441,92
"276",540.107355864811,249,77,105,295,223,186,73,162,86,326,86,228,143,130,97,157,559,578,273,192,607,86,583,444,293,323,580,141,334,636,522,128,264,248,678,368,234,151,581,475,212,190,247,352,647,413,105,236,308,188,291,125,75,209,256,312,444,508,171,533.5,265,58,554
"603",540.805168986084,219,102,54,5,285,229,134,27,7,367,45,146,303,200,67,120,606,637,147,10,675,139,681,59,23,74,641,180,161,86,682,343,29,419,651,129,445,97,660,396,108,531,254,642,668,624,115,39,515,496,695,444,278,310,31,60,13,552,673,559,85,662,496
"401",541.502982107356,625,680,89,148,418,136,54,140,129,83,52,402,135,336,697,30,52,72,104.5,97,97,162,129,125,403,180,602,323,396,240,109,76,651,147,16,402,159,251,80,250,576,131,55,249,221,585,275,688,1,55,406,40,675,677,694,291,258,34,373,669,654,147,148
"214",542.200795228628,137,134,437,223,89,53,306,651,286,226,171,243,141,646,121,204,319,241,272,276,410,77,16,42,189,586,236,88,96,115,444,665,644,35,112,219,480,212,441,585,38,175,130,191,477,265,60,487,464,363,49,525,83,336,650,178,61,421,122,675,83,375,573
"151",542.898608349901,286,383,592,421,608,329,404,445,478,458,469,515,591,262,408,463,73,312,573,293,147,471,402,215,517,438,208,433,589,161,364,534,448,550,298,384,512,524,332,304,413,229,575,288,210,277,662,232,346,299,414,321,616,499,73,264,342,246,445,268,271,102,196
"59",543.596421471173,434,505,537,633,571,302,607,517,586,535,579,530,603,566,185,627,156,394,545,571,169,551,317,579,633,291,213,437,600,399,80,539,205,568,284,658,611,519.5,99,166,510,478,462,358,235,462,531,114,67,75,563,353,596,475,170,303,196,233,585,213,223,179,229
"307",544.294234592445,691,43,219,23,682,652,43,104,59,33,339.5,1,208,626,666,48,232,31,79,23,346,186,167,101,104,394,644,224,432,211,359,150,412,188,434,14,21,604,191,213,406,648,491,300,185,662,429,174,211,309,323,270,497,582,189,344,1,74,106,23,384.5,294,351
"270",544.992047713718,30,50,125,124,30,19,286,129,44,62,166,112,234,49,320,111,383,44,241,91,397,170,20,669,107,518,47,239,98,44,411,35,30,348,34,169,176.5,148,74,521,650,52,234,91,669,273,150,108,485,27,207,435,402,207,649,652,640,447,232,511,28,56,431
"663",545.68986083499,459,30,18,700,480,634,334,20,93,38,128,9,214,697,652,468,227,294,14,671,223,682,12,702,426,497,383,673,153,335,179,13,642,702,423,695,484,606,275,332,628,342,568,278,278,363,574,310,155,323,11,217,222,600,248,190,302,90,432,197,161,318,135
"568",546.387673956262,22,676,479,7,304,246,34,183,374,96,72,148,698,7,676,34,112,301,480,259,330,30,228,194,702,305,420,241,150,420,475,667,447,462,429,408,9,449,395,220,480,338,553,335,107,379,567,213,151,276,584,105,481,455,123,33,79,141,500,298,7,310,336
"37",547.085487077535,569,572,606,587,655,423,521,563,566,581,511,493,622,503,467,306,240,693,658,542,211,530,585,357,623,263,300,587,642,349,486,559,210,626,595,564,570,533,85,624,491,119,98,292,348,15,164,172,344,54,187,621,648,228,78,332,111,692,251,427,651,107,584
"547",547.783300198807,311,20,102,269,112,622,292,284,360,200,231,329,239,162,207,443,72,54,243,246,131,406,406,213,79,195,346,194,356,605,357,211,56,487,143,293,311,131,96,462,100,530,678,599,542,281,63,693,424,482,249,655,115,317,679,92,607,617,368,493,562,593,567
"119",548.48111332008,539,640,374,444,513,502,414,400,417,297,374,283,612,590,440,475,163,291,610,334,193,639,126,200,600,431,321,319,320,434,161,541,253,288,323,600,507,354,344,242,432,495,475,273,148,588,344,349.5,139,242,513,259,385,456,227,246,126,236,452,209,180,195,272
"653",549.178926441352,124,2,195,11,29,16,267,202,38,345,44,88,314,77,4,65,521,469,76,286,522,262,477,8,123,149,458,89,80,575,559,165,15,186,500,73,160,226,440,597,89,37,133,652,544,22,152,117,539,530,23,118,157,61,100,27,605,622,33,45,409,678,562
"666",549.876739562624,356,26,231,13,401,210,314,335,245,110,212,160,668,233,132,267,649,13,331,268,595,16,664,286,349,661,613,197,148.5,122,660,169,696,265,614,119,54,30,560,70,222,92,164,525,36,97,234,454,469,638,638,512,54,408,563,257,647,542,22,34,672,671,639
"231",550.574552683897,161,437,55,393,407,451,96,681,346,501,683,331,94,316,514,114,429,424,247,157,451,255,197.5,684,160,451,119,343,120,167,114,550,618,276,269,249,240,414,16,247,267,381,300,413,255,385,457,321,65,401,577,295,487,284,243,42,432,258,166,273,203,571,466
"136",551.272365805169,338,302,425,385,446,438,379,388,524,538,427,341,382,342,396,618,83,368,391,282,138,469,100,425,406,458,112,502,437,500,48,454,281,516,191,317,471,425,156,148,473,568,402,253,369,301,555,354,269,293,520,333,405,531,449,517,375,274,392,218,192,371,382
"546",551.970178926441,175,432,524,460,359,346,327,671,389,352,448,401,356,647,327,497,114,524,395,152,400,595,284,412,400,185,308,643,79,537,133,629,490,334,283,618,284,463,472,127,584,255,572,478,420,461,393,110.5,305,467,360,173,353,577,376,204,96,445,227,498,157,42,174
"511",552.667992047714,223,456,298,664,334,249,697,683,188,646,672,197,138,673,212,677,670,492,269,181,558,216,540,528,18,83,676,24,690,512,681,683,540,698,652,1,105,116,678,467,178,670,186,523,662,37,221,655,588,49,214,697,678,49,567,293,359,640,307,691,454,487,6
"111",553.365805168986,97,101,53,162,5,678,215,11,90,659,135,77,13,350,172,59,270,277,469,701,236,15,96,128,169,427,156,658,30,360,324,671,297,386.5,372,476,680,261,345,271,512,449,541,372,252,482,483,284,150,214,332,311,133,583,262,379,282,127,601,280.5,284,227,269
"675",554.063618290258,217,120,300,185,301,466,202,394,77,215,532,154,492,268,450,529,493,152,101,116,627,532,543,146.5,213,186,513,503,281,613,617,316,602,111,541,385,262,486,547,299,194,494,471,670,496,341,407,272,601,660,656,253,114,110,608,126,564,86,250,574.5,669,651,541
"356",554.761431411531,39,347,22,42,266,615,22,23,312,125,15,261,702,79,163,188,438,40,681,11,112,655,499,407,364,14,234,100,293,43,439,34,14,14,564,70,11,624,164,598,129,113,112,566,646,259,69,561,477,68,79,89,187,82,440,286,374,391,41,574.5,449,100,586
"51",555.459244532803,509,457,571,641,573,427,471,425,628,350,527,584,559,524,392,577,191,364,622,608,197,594,221,482,598,400,440,536,549,266,265,479,309,630,387,588,440,517,349,171,586,468,535,299,213,517,599,211,224,122,457,244,314,571,196,605,136,220,388,154,233,234,195
"333",556.157057654076,181,192,175,115,54,428,297,459,215,128,557,524,57,160,214,264,489,178,392,104,424,108,445,417,193,52,130,198,343,108,449,212,379,63,364,174,224,381,328,308,319,444,311,539,494,610,168,604,98,555,252,473,162,185,314,474,537,547,421,518,345,635,604
"437",556.854870775348,191,75,120,417,154,182,124,233,386,63,204,162,216,120,217,345,316,130,188,267,391,322,19,683,252,192,66,203,423,604,39,300,62,429,59,394,359,20,105,459,349,484,368,137,530,625,205,440,39,91,122,172,118,302,522,298,648,473,94,377,339,389,444
"501",557.55268389662,525,342,678,504,274,509,631,399,613,6,575,655,129,642,596,596,650,594,568,601,693,611,680,571,667,301,675,648,667,141,676,678,351,691,639,27,577,695,669,692,620,664,33,405,30,79,320,64,686,8,37,101,134,671,611,266,340,647,606,111,543,480,641
"5",558.250497017893,342,256,167,346,113,23,694,275,69,647,693,37,98,17,220,115,68,521,80,660,105,678,421,41,67,96,225,146,276,660,384,687,669,123,537,44,41,50,445,454,140,225,52,518,54,12,216,473,422,684,250,47,358,150,405,121,64,433,97,335,457,645,59
"153",558.948310139165,454,322,278,375,449,305,541,315,333,381,378,404,384,260,423,458,202,342,153,563,276,354,277,581,420,229,369,296,440,146,437,410,189,239,352,405,506,526,250,421,489,343,518,377,328,409,360,178,412,432,390,99,511,390,222,350,333,232,487,162,288,438,275
"300",559.646123260437,537,483,601,634,584,430,492,511,573,181,393,560,621,630,406,616,267,376,160,588,244,630,273,300,624,213.5,182,594,269,494,369,366,148,584,260,592,601,451,307,54,587,419,500,473,246,586,350,157,216,64,471,457,569,580,219,532,80,222,502,370,278,319,314
"548",560.34393638171,409,694,559,603,115,461,587,404,583,487,391,643,445,521,301,606,146,64,608,536,332,583,326,145,451,314,534,649,666,561,225,580,693,609,247,565,618,471,203,35,442,4,10,289,362,507,568,466.5,265,235,534,288,542,9,15,28,174,302,312,219,247,173,218
"372",561.041749502982,194,130,222.5,299,278,42,112,126,361,368,237,198,672,146,269,366,80,457,380,248,130,332,383,130,143,529,60,365,412,175,68,258,498,433,72,288,395,174,453,503,318,146,340,180,71,200,430,435,386,71,84,160,259,247,466,269,534,430,377,52,70,77,498
"457",561.739562624255,534,536,581,615,579,357,539,597,510,599,566,590,509,553,502,410,217,258,515,449,291,585,264,492,493.5,283,94,591,297,259,236,626,292,544,231,586,631,395,145,191,320,532,509,302,158.5,402,645,281,306,223,535,254,21,436,34.5,488,232,413,371,108,325,276,105
"529",562.437375745527,514,539,591,520,598,291,584,594,610,620,590,625,436,506,431,23,115,274,20,590,149,520,315,638,453,457,584,576,1,80,294,630,692,539,264,651,535,516,199,266,608,432,417,472,393,542,96,151,6,201,278,313.5,602,561,271,88,236,290,401,127,16,175,342
"224",563.135188866799,580,491,662,596,642,556,446,515,663,274,478,622,625,499,411,600,537,1,5,364,4,464,370,548,655,285,287,452,113,250,3,617,365,530,23,511,526,302,495,7,522,298,14,431,265,29,8,191,501,205,493,656,16,557,202,685,72,362,398,304,694,92,516
"339",563.833001988072,45,618,118,455,542,530,396,567,680,651,625,652,656,403,598,541,40,302,450,652,315,591,298,568,584,582,640,604,668,409,89,628,311,694,276,612,474,581,343,109,554,316,487,166,98,241,630,177,361,138,135.5,284,700,512,194,451,167,24,533,166,42,176,139
"149",564.530815109344,208,263,103,261,187,208,232,127,152,146,451,357,412,284,187,137,683,634,135,399,72,197,670,478,196,662.5,692,156,194,436,652,296,598,238,662,320,301,654,661,346,551,379,219,15,616,82,184,528,582,354,317,334,449,318,33,112,12,22.5,51,310,423,568,691
"170",565.228628230616,196,291,83,59,272,20,141,220,52,230,455,120,65,501,107,42,426,496,209,141,506,58,397,64,179,122,145,337,219,144,266,326,409,138,102,118,127,249,429,342,169,170,293,685,285,412,534,30,449,633,578,106,269,76,5,535,581,15,577,39,252,326,170
"56",565.926441351889,617,229,370,369,437,619,156,117,344,269,118,50,243,277,292,228,364,556,137,310,439,334,187,266,338,45,657,423,327,658,11,277,107,393,493,207,329,558,276,515,223,160,689,489,495,559,657,323,23,298,148,13,148,558,156,54,115,8,310,12,662,22,1
"585",566.624254473161,64,211,701,233,450,458.5,691,339,116,683,689,44,584,6,643,473,360,543,668,614,52,104,359,211,620,43,306,376,702,72,72,478,471,319,155,10,1,47,120,533,418,8,699,161,34,629,682,12,673,17,35,46,119,624,26,602,112,72,1,38,505,47,35
"436",567.322067594433,551,574,572,208,609,449,620,442,465,553,615,536,484,21,391,29,183,554,700,649,20,554,147,340,515,673,95,320,55,659,394,620,166,602,62,693,446,266,8,387,123,197,508,605,233,553,406,702,364,545,384,15,231,44,14,376,434,575,10,27,175,443,628
"23",568.019880715706,476,221,341,249,326,359,364,518,229,185,467.5,429,85,471,210,235,204,546,543,182,358,253,373,107,210,417,18,546,347,304,317,406,260,168,126,357.5,340,492,168,612,185,505,301,127,682,128,537,289,136,296,459,241,239,440,512,636,542,203,433,386,270,269,91
"659",568.717693836978,373,608,403,612,493,590,435,568,464,479,624,654,501,454,575,484,308,114,634,448,173,465,40,630,622,238,598,18,540,270,242,586,157,536,400,433,522,385,317,122,463,315,458,239,152,694,655,170,223,105,413,50,620,581,149,673,124,66,405,37,314,528,144
"169",569.41550695825,586,266,645,611,508,550,354,602,641,471,621,549,543,612,629,495,265,322,679,606,312,507,118,594.5,648,343,576,492,688,446,135,634,386,129,114,606,28,544,204,320,537,17,494,389,372,509,309,198,376,316,580,344,599,685,174,169,303,208,610,265,14,190,80
"70",570.113320079523,285,253,135,374,298,28,80,94,330,295,105,156,269,132,642,451,29,107,214,254,74,459,38,695,294,531,219,372,348,545,78,342,45,488,86,246,391,647,70,93,367,158,395,80,500,217,267,332,419,418,286,568,332,216,103,279,370,349,665,398,116,84,540
"461",570.811133200795,473,85,435,33,169,48,153,133,332,503,119,273,547,166,416,282,229,181,110,353,368,161,455.5,529,278,564,459,154,221,483,484,384,631,102,485,190,203,331,222,126,332,127,357,308,426,435,356,598,342,119,65,550,208,373,175,631,223,46,190,289,563,629,233
"63",571.508946322068,28,451,162,200,376,217,425,106,234,159,370,464,58,188,647,47,560,665,68,204,648,180,649,404,181.5,682,664,113,65,623,665,423,660,172,462,156.5,369,683,565,560,180,626,540,632,333,336,580,488,108,692,221,345,216,398,584,439,144,59,309,631,346,559,630
"371",572.20675944334,341,64,389,105,213,631,93,150,284,418,144,133,77,632,115,174,53,537,446,658,132,364,503,665,336,631,22,322,350,169,459,422,122,212,97,106,211,208,575,601,680,179,352,563,20,636,56,47,20,582,43,57,387,355,586,188,350,95,76,78,444,544,608
"601",572.904572564612,245,588,313,67,228,473,375,314,439,510,369,90,399,428,188,315,484,429,580,46,456,442,607,116,439,511,630,185,357,191,596,213,492,357,82,353,613,457,584,174,581,502,469,218,266,392,126,192,25,362,502,356,33,388,247,348,625,230,379,266,238,477,234
"320",573.602385685885,149,643,114,365.5,378,226,268,193,170,309,474,305,435,309,524,340,23,70,431,210,396,445,213,527,384,197,165,183,496,39,399,261,578.5,423.5,198,314,376,491,294,177,258,624,481,275,450,453,425,452,519,526,469,614,424,618,508,641,299,71,485,453,635,409,438
"264",574.300198807157,396,464,481,448,456,279,387,603,416,524,440,169,306,423,623,536,413,251,532,301,472,476,363,330,347,316,359,416,176,475,391,370,388,493,436,505,561,579,462,108,615,429,442,438,431,555,608,270,352,117,588,468,302,281,327,308,393,351,416,519,307,194,361
"616",574.998011928429,200,274,277,163,324,47,129,253,106,404,263,344,164,151,223,132,475,244,434,174,444,181,405,104,330,542,325,283,341,199,492,259,58,370,201,265,319,688,413,401,313,108,209,499,493,85,346,99,390,330,185,604,432,263,402,132,395,422,353,465,442,387,453
"346",575.695825049702,377,595,246,321,310,585,349,234,307,302,175,203,78,476,515,355,174,299,306,500,195,238,165,693,416,399,158,384,360,295,239,279,275,344,168,329,261,403,224,194,501,424,534,258,211,479,532,227,251,148,445,257,573,485,129,364,88,214,501,185,184,210,221
"142",576.393638170974,447,344,430,675,678,594,537,560,682,20,636,121,597,614,597,20,261,631,13,402,25,660,124,361,484,625,93,699,85,480,73,20,235,293,625,699,674,304,474,179,172,695,653,229,89,342,687,60,615,9,127,169,37,698,538,554,37,504,643,657,146,136,386
"219",577.091451292247,276,122,17,189,35,175,36,350,39,180,301,309,95,39,698,326,348,135,158,247,116,388,43,258,49,44,265,6,391,159,47,27,34,75,106,124,62,222,12,534,330,276,207,120,589,615,70,681,530,47,265,593,245,277,439,603,418,395,184,504,605,70,70
"203",577.789264413519,375,644,550,384,501,280,390,416,441,466,631,637,373,528,98,485,64,259,322,388,194,215,122,226,438,245,579,65,678,337,13,535,698,635,419,643,586,244,193,115,495,421,531,446,138,455,475,217,156,21,409,401,513,576,136,319,118,317,563,270,213,233,268
"252",578.487077534791,324,513,295,337,341,528,376,361,622,485,342,355,324,405,509,320,452,523,619,377,450,271,478,526,243,354,180,349,346,204,405,531,433,397,430,274,351,538,404,356,155,476,416,582,358,318,487,309,220,441,450,458,223,326,421,425,446,444,593,362,418,546,312
"417",579.184890656064,119,280,234,194,92,632,660,196,68,346,308,297,217,665,694,161,678,481,265,89,687,106,652,659,120,76,661,67,236,36,695,485,636,437,664,172,131,48,670,79,218,520,244,58,558,42,342,115,94,451,175,642,337,610,597,315,66,97,211,627,414,563,576
"627",579.882703777336,141,133,177.5,41,141,122,548,88,17,463,423,48,118,81,369,210,601,180,186,92,474,114,202,35,122,330,302,163,252,372,552,147,128,154,110,309,155,49,500,644,11,257,43,607,557,17,89,255,505,672,131,293,112,36,386,58,571,626,381,440,257,623,613
"668",580.580516898608,278,698,474.5,198,50,649,159,74,407,298,224,229,252,649,644,423,485,660,294,354,44,241,390,296,434,162,487,445,453,499,10,483,47,517,594,63,326,554,553,3,170,253,147,51,6,633,292,35,628,490,692,19,36,89,517,193,42,697,653,74,125,570,235
"657",581.278330019881,322,78,39,158,125,640,164,34,94,437,66,418,289,241,5,437,306,47,119,312,229,239,304,37,102,695,581,115,35,267,268,120,467,105,4,102,439,612,625,63,248,95,459,576,100,293,418,48,624,695,328,683,58,58,695,508,672,100,276,109,486,235,100
"369",581.976143141153,48,160,314,58,360,247,272,696,105,206,676,311,223,122,113,226,546,224,310,257,65,152,70,166,27,505,41,221,266,620,60,335,84,93,180,57,233,91,163,440,66,204,280,136,552,179,231,596,583,407.5,126,558,246,161,496,574,461,416,286,376,590,144,610
"621",582.673956262425,52,124,91,203,267,206,55,58,85,316,43,219,205,359,691,301,586,596,201,155,609,257,58,203,270,79,304,40,493,533,585,222,104,54,65,414,447,182,542,554,677,584,218,580,417,675,194,374,417,547,90,450,147,72,432,224,22,126,60,621,23,453,544
"574",583.371769383698,686,549,432,464,246,83,9,75,34,13,56,459,44,603,520,251,498,636,30,320,468,195,531,394,109,686,496,114,514,657,81,377,677,343,562,462,222,324,25,26,380,43,700,293,434,93,238,695,36,78,364,149,89,692,604,77.5,324,56,158,99,680,381,273
"602",584.06958250497,372,615,414,209,557,562,119,593,507,521,605,5,640,341,607,611,230,280,635,499,445,602,336,633,618,486,620,453,657,423,318,614,76,381,365,671,664,245,33,8,540,454,404,458,110,63,488,251,331,30,385,360,698,506,312,699,274,272,15,150,296,345,128
"251",584.767395626243,627,647,299,245,121,680,295,243,264,115,198,30,42,226,695,300,700,186,465,324,621,69,568,174,64,699,408,84,172,495,605,449,142,215,620,145,76,680,556,537,171,607,639,616,463,49,59,661,116,514,657,140,145,648,40,141,21,14,315,607,550,634,495
"398",585.465208747515,351,292,431,425,432,285,419,410,448,433,365,443,595,265,275,540,289,230,537,370,247,399,246,312,466,296,91,489,588,356,121,414,150,504,133,500,531,334,281,399,411,412,460,198,388,294,374,257,292,65,282,438,450,345,345,240,327,196,366,146,292,285,397
"78",586.163021868787,687,162,97,687,291,637,653,116,209,99,142,701,326,701,325,278,280,360,457,124,288,39,226,547,242,478,103,669,517,225,128,205,358,34,223,108,458,276,112,325,625,375,565,397,349,518,620,278,252,99,558,265,503,598,321,556,240,291,580,257,147,301,227
"566",586.86083499006,9,386,212,355.5,37,316,470,305,517,49,207,52,487,648,599,492,214,351,6,619,309,617,259,584,523,356,118,35,569,248,155,75,249,528,341,667,487,262,242,237.5,599,428,588,324,300,403,579,186,367,194,367,276,475,523,277,461,187,283,556,121,242,168,271
"10",587.558648111332,129,21,268,70,2,245,133,670,25,277,361,111,199,129,152,84,332,63,436,103,95,174,75,649,110,70,61,39,22,526,377,101,114,194,199,236,101,77,146,507,133,269,641,99,446,138,80,451,476,680,660,430,68,354,99,219,633,466,390,405,477,684,421
"464",588.256461232604,408,410,500,600,527,493,511,502.5,504,546,517,579,530,653,461,592,22,34,7,367,33,578,25,569,550,88,13,543,691,596,42,597,7,569,38,645,625,221,37,639,165,83,391,505,457,255,385,518,82,343,21,479,56,70,595,4,381,29,129,560,528,426,459
"259",588.954274353877,184,200,262,303,335,191,275,299,274,284,661,376,212,203,321,291,45,138,216.5,327,68,284,76,653,350,152,68,196,388,525,84,260,63,456,74,327,282,186,52,458,274,487,616,130,425,276,244,550,112,328,213,627,440,148,537,217,510,343,247,429,113,454,434
"524",589.652087475149,552,452,631,571.5,484,446,378,556,455,486,420,610,580,364,361,629,15,265,559,403,35,3,161,333,452,371,546,524,611,471,108,549,658,490,306,537,640,424,393,134,498,406,525,459,312,569,484,282,263,289,540,339,534,446,155,341,248,262,586,122,389,296,151
"183",590.349900596422,647,387,16,494,81,507,46,605,420,54,436,541,456,375,191,503,157,313,605,373,176,565,149,597,532,319,439,509,548,292,151,666,377,510,267,593,513,450,240,164,465,325,465,318,178,581,539,234,234,149,423,207,521,474,212,48,127,180,486,156,168,206,184
"135",591.047713717694,642,689,260,121,271,258,58,180,335,111,230,312,687,133,176,365,292,5,487,261,296,230,323,153,690,454,596,148,413,215,91,232,323,320,378,458,89,597,324,364,590,352,4,439,405,380,410,205,7,164,400,622,15,3,231,403,83,655,561,528,5,182,390
"637",591.745526838966,33,209,57,99,414,84,146,113,45,36,205,144,82,145,18,105,471,45,653,5,517,94,490,255,411,539,352,330,302,521,523,323,57,98,539,367,86,4,504,427,215,581,215,600,656,46,203,486,593,659,669,133,88,656,655,37,495,109,317,422,642,572,618
"494",592.443339960239,340,325,238,412,337,313,626,629,423,403,569,449,623,134,297,214,470,577,485,122,300,436,353,402,539,264,450,214,571,554,319,391,359,308,349,311,572,337,455,293,414,313,426,509,94,326,375,233,291,220,447,216,436,402,340.5,428,283,182,399,305,274,217,378
"248",593.141153081511,367,255,227,178,212,149,165,99,83,328,59,173,451,366,21,198,411,443,412,366,584,224,528,43,207,359,378,93,234,406,414,186,361,164,331,206,273,466,557,583,150,121,97,513,611,84,318,399,330,386,81,523,384,396,400,176,555,379,182,454,202,299,319
"257",593.838966202783,103,150,186,159,151,94,136,97,149,276,287,279,56,61,85,159,195,119,351,186,55,158,452,146.5,247,120,149,191,156,148,406,141,108,193,119,291,231,469,69,428,211,222,373,168,296,119,196,381,421,170,141,495,371,154,66,223,579,396,287,544,522,337,376
"131",594.536779324056,8,239,1,4,73,3,25,79,120,60,215,257,317,599,14,104,591,522,52,222,650,169,603,34,19,23,604,32,100,1,627,113,66,80,480,422,286,78,634,643,232,218,11,540,449,114,269,453,51,347,215,510,330,332,495,122,55,106,118,521,623,608,500
"583",595.234592445328,587,564,602,466,399,568,411,453,554,575,627,472,527,304,465,655,572,192,31,513,470,580,239,435,631,660,232,447,246,468,427,309,221,636,417,632,501,192,322,647,242,335,306,594,447,400,235,286,427,306,473,332,373,232,164,675,18,295,173,337,39,618,97
"382",595.9324055666,102,476,191,258,234,440,57,303,263,192,111,127,420,59,394,168,557,567,60,323,622,166,629,81,167,517,614,299,83,254,616,235,610,84,554.5,328,126,180,585,380,145,268,222,622,632,167,257,491,661,580,397,447,461,221,253,446,382,150,130,333,331,633,623
"227",596.630218687873,70,72,59,134,211,135,243,52,279,150,40,165,218,237,165,116,393,82,270,178,405,75,49,138,129,64,78,253,206,17,395,324,37,131,148,142,149,135,412,87,250,535,253,46,602,280,212,670,104,621,193,506,317,348,413,300,658,451,265,374,446,80,79
"93",597.328031809145,609,576,655,396,431,379,444,464,230,281,222,189,215,488,282,243,95,239,419,171,49,222,111,197,267,369,160,314,317,187,215,471,119,445,192,247,293,509,403,153,428,537,297,95,309,543,428,90,176,477,419,100,601,308,221,478,179,402,285,138,397,303,161
"442",598.025844930418,412,345,641,582,614,518,517,496,604,577,568,531,529,434,418,408,143,193,539,468,144,547,174,497,560,411,472,443,636,361,288,655,363,351,432,569,527,438,144,182,535,355,489,364,163,451,455,185,235,261,483,177,396,423,72,497,175,137,588,227,377,189,292
"242",598.72365805169,265,42,419,79,261,61,60,55,63,141,543,538,285,430,11,206,5,3,91,35,1,208.5,229,78,125,295,426,179,378,2,577,78,1,149,1,46,171,18,680,31,39,59,121,2,376,514,522,405,64,507,644,340,409,252,630,540,646,392,73,220,281,524,299
"88",599.421471172962,14,238,368,176,102,625,661,680,99,307,673,251,161,622,298,45,293,282,664,213,158,32,318,196,312,434,155,226,457,242,250,660,287,270,401,313,317,445,304,141,502.5,309,456,252,191.5,59,622,133,184,211.5,455,394,315,488,239,421,153,248,513,269,163,302,43
"649",600.119284294235,333,17,391,416,325,621,666,293,314,191,94,290,97,292,259,171,361,139,349,331,53,288,82,123,277,633,9,186,299,621,34,246,32,473,118,312,210,200,128,658,337,247,172,194,482,213,278,685,573,73,169,117,389,338,587,130,467,378,175,572,555,68,525
"507",600.817097415507,84,275,418,32,155,7,51,659,248,53,357,413,43,219,224,24,357,124,85,34,128,100,352,143,186,215,448,73,304,546,69,149,576,438,50,280,655,68,102,452,54,145,393,85,586,251,134,415,58,520,635,129,255,181,102,287,459,359,187,437,105,449,535
"295",601.514910536779,131,7,190,255,107,183,88,32,147,87,249,49,107,112,149,309,362,43,118,36,114,185,7,74,30,648,39,272,279,600,67,446,21,330,28,66,99,66,31,393,292,551,374,23,629,274,75,359,483,497,637,613,241,353,617,633,558,605,231,483,56,492,658
"365",602.212723658052,206,356,346,288,651,570,487,366,169,384,191,582,571,335,590,41,31,639,386,637,266,378,223,377,185,488,295,382,373,358,205,297,241,355,351,23.5,164,363,72,339,688.5,592,486,16,683,438,338,155,347,177,337,367,113,122,68,321,10,245,90,278,313,193,684
"363",602.910536779324,457,551,646,646,569,367,448,18,486,571,441,626,653,453,602,564,213,418,645,429,252,529,269,551,582,463,199,549,447,347,190,502,348,494,214,475,534,277,356,136,438,453,412,355,91.5,575,625,201,321,104,548,304,606,587,292,361,70,301,573,202,295,362,384
"539",603.608349900596,416,79,123,576,87,350,457,489,476,186,77,36,395,440,131,370,553,190,353,398,408,350,496,428,127,358,418,108,198,107,469,60,133,485,551,162,95,155,549,618,545,142,503,330,250.5,47,197,468,533,340,199,449,140,85,215,414,637,441,137,556,235,412,47
"178",604.306163021869,188,127,375,207,444,270,342,658,343,393,656,96,280,305,235,181,626,56,437,333,129,87,63,643,429,584,270,297,483,602,21,465,440,479,643,194,296,701,71,405,233,525,324,50,607,698,141,646,141,551,22,21,205,144,52,671,23,684,96,329,674,632,20
"101",605.003976143141,247,99,14,671,647,608,8,286,110,670,688,673,6,620,52,702,454,566,92,322,111,680,253,1,332,184,424,685,181,397,143,18,663,688,591,670,397,320,4,305,673,686,60,113,118,700,672,15,201,589,13,551,669,617,28,604,49,633,169,8,21,4,375
"321",605.701789264413,227,622,490,132,137,513,294,502.5,46,586,503,618,341,346,324,142,424,659,285,138,448,156,360,411,390,418,454,210,401,539,578,278,416,208,270,193,85,594,534,361,317,168,421,393,492,324,245,362,415,240,314,398,393,593,541,571,139,682,499,413,441,440,370
"258",606.399602385686,199,132,67,294,303,108,214,495,379,149,266,258,148,153,519,89,75,73,81,165,231,146,519,441,417,100.5,490,257,394,311,375,61,505,217,47,375,257,90,121,270,197,262,318,179,189,212,554,506,43,263,564,271,437,120,494,129,562,519.5,324,499,506,541,472
"489",607.097415506958,428,433,568,483,443,384,377,363,456,282,328,388,463,522,470,486,133,483,111,365,360,292,316,472,449,459,193,440,233,334,170,486,383,202,193,395,490,452,407,289,592,518,438,481,314,419,341,129,371,257,464,390,559,206,76,400,318,529,598,368,481,245,81
"697",607.795228628231,176,571,340,578,593,511,527,521,563,507,523,523,576,490,581,555,224,363,505,642,166,477,296,552,549,351,117,585,560,428,165,517,187,522,415,613,529,409,318,294,523,497,555,464,218,417,647,135,244,398,531,297,530,454,192,367,295,243,591,263,123,208,224
"250",608.493041749503,150,218,383,319,138,665,44,308,268,414,219,354,69,282,140,182,532,381.5,43,224,428,207,345,205,258,241,601,110,209,28,28,190,549,51,526,230,156,600,167,343,340,466,554,448,120,11,2,421,194,295,361,235,619,6,18,44,94,522,546,5,394,488,401
"521",609.190854870775,281,67,35,53,333,63,672,257,27,430,265,244,144,216,64,170,322,23,250,130,435,414,371,39,209,535,55,275,183,497,358,48,38,685,130,198.5,434,117,162,390,93,256,91,128,77,61,50,578,564,392,39,549,110,147,603,86,584,510,213,385,332,652,439
"540",609.888667992048,262,234,149,244,322,230,230,212,238,235,259,387,316,165,221,312,67,196,195,162,177,323,54,152,340,99,36,276,454,413,366,121,109,409,85,352,331,137,65,588,392,188,441,243,126,343,145,425,318,446,327,555,413,239,153,241,416,429,346,543,190,81,332
"89",610.58648111332,327,502,134,515,24,433,469,482,606,537,462,598,499,495,362,347,152,336,555,491,256,136,136,390,569,630,403,613,567,315,138,108,516,634,344,443,555,432,245,216,139,390,410,86,263,577,496,645,275,643,541,233,444,367,642,563,271,169,383,203,91,334,181
"426",611.284294234592,288,144,334,263,468,97,211,192,290,169,326,278,271,121,100,239,630,447,309,221,532,374,422,91,244,222,329,446,461,508,515,374,75,332,492,133,342,649,451,518,117,133,40,73,503,115,409,432,489,332,206,507,381,417,492,99,513,455,235,520,102,145,415
"11",611.982107355865,483,550,610,568,495,475,583,441,670,616,589,473,505,670,582,570,241,423,2,544,320,470,257,466,663,487,128,607,21,244,306,543,259,641,11,556,636,495,196,307,629,547,548,348,298,312,635,167,175,307,602,336,480,650,307,511,109,257,505,114,253,349,36
"572",612.679920477137,140,112,303,130,318,114,151,374,175,296,268,80,583,209,114,279,547,371,165,349,515,339,338,135,152,118,431,248,329,133,396,357,209,439,272,164,363,191,423,516,143,246,92,554,193,34,189,313,462,273,225,610,286,439,543,68,499,194,519,381,598,164,417
"332",613.37773359841,254,666,226,195,85,684,685,666,349,24,87,667,36,250,201,144,562,475,483,85,577,28,526,94,118,303,531,20,680,7,620,28,95,46,694,250,102,89,653,690,471,296,93,268,418,165,308,317,76,182,312,66,90,568,139,689,264.5,506,596,28,682,72,543
"36",614.075546719682,256,329,315,312,362,303,580,170,383,549,331,496,237,273,293,177,326,427,488,607,495,212,434,334,282,130,342,305,307,251,285,328,267,452,522,299,137,552,351,470,364,266,397,319,520,359,317,250,142,237,301,153,169,275,282,205,46,544,220,255,359,378,164
"145",614.773359840954,658,94,288,202,283,215,253,290,172,253,147,205,273,110,123,311,382,59,421,358,83,220,344,82.5,245,570,261,116,385,192,447,210,35,256,154,341,346,41,114,602,111,544,88,129,605,92,247,455,491,48,633,524,306,231,526,273,402,355,128,96,67,532,660
"273",615.471172962227,309,475,269,65,140,161,271,435,180,124,139,108,262,116,241,219,228,552,373,65,493,110,208,446,197,360,120,209,251,126,433,187,318,211,471,86,274,203,419,255,205,286,131,216,42,43,248,587,63,286,363,587,446,350,532,143,528,563,497,463,376,536,358
"700",616.168986083499,581,428,587,575,585,392,491,508,533,247,572,268,594,525,564,270,199,557,318,477,420,600,234,352,612,649,428,608,502,665,412,552,572,541,61,315,361,417,141,595,427,376,485,118,667,96,204,499,550,325,151,130,459,248,568,329,586,314,40,387,501,542,214
"645",616.866799204771,25,40.5,330,44,104,88,114,61,161,90,182,264,210,177,181,166,24,71,280,189,359,191,72,30,161,135,12,60,91,54,409,91,450,291,41,84,323,215,55,636,144,630,351,529,421,127,40,480,120,574,50,121,141,187,509,159,687,93,336,490,647,560,491
"12",617.564612326044,236,152,128,290,391,192,106,276,142,312,270,299,263,228,491,357,392,571,206,198,482,501,541,477,352,328,259,332,404,299,462,100,298,557,301,296,259,365,468,218,315,290,217,583,479,226,295,492,74,199,158,582,407,342,623.5,117,530,474,347,372,196,89,509
"469",618.262425447316,159,217,325,383,344,655,223,264,390,366,269,222,293,595,658,438,32,229,334,355,413,366,482,243,323,28,351,344,444,667,473,409,180,361,32,417,366,63,612,65,674,659,702,52,702,100,458,698,447,601,109,572,660,7,550,35,638,638,74,689,584,88,670
"358",618.960238568588,325,128,193,357,394,633,246,359,76,330,229,10,168,156,143,73,567,512,385,48,608,343,643,131,66,664,635,655,449,496,566,263,475,112,558,149,270,11,562,59,127,619,309,181,600,98,200,525,634,439,659,419,345,327,425,256,594,672,29,448,422,539,87
"210",619.658051689861,305,140,445,317,281,179,175,301,369,357,299,374,84,164,288,172,677,203,347,275,513,113,358,252,255,568,514,71,524,149,595,291,451,443,84,268,250,140,434,668,162,259.5,230,37,519,198,100,353,127,358,152,451,460,87,406,336,441,50,369,478,357,103,418
"330",620.355864811133,182,131,378,354,402,460,200,334,425,554,167,539,450,380,124,377,310,170,339,529,120,420,597,82.5,339,91,425,309,511,89,466,184,322,209,650,590,254,416,607,596,678,306,248,379,37,529,339,410,118,81,145,147,303,282,266,144,352,112,380,251,388,129,513
"560",621.053677932406,230,212,667,257,70,147,89,204,72,648,176,33,101,651,33,125,535,549,125,70,646,17,409,7,97,201,634,246,340,670,647,685,701,19,621,177,402,227,591,680,23,208,5,606,541,81,215,620,551,518,651,531,52,134,511,30,457,600,67,585,609,655,121
"52",621.751491053678,117,210,38,439.5,14,642,39,182,177,221,95,249,34,206,240,192,154,304,330,255,261,95,188,132,60,339,147,651,486,279,101,53,335,139,385,94,53,259,355,110,33,457,429,411,243,652,581,171,257,11,418,287,488,684,333,388,285,247,632,155,208,172,4
"100",622.44930417495,370,282,23,447,117,588,365,588.5,509,68,329,432,462,321,90,601,552,677,422.5,628,592,482,567,114,573,555,605,690,463,405,611,46,350,612,413,278,536,402,621,388,168,369,337,328,640,58,279,276,675,599,688,472,661,369,653,416,186,653,436,334,263,647,674
"271",623.147117296223,115,701,682,698,465,381,701,701,154,359,698,13,688,676,693,692,14,14,15,1,458,351,350,222,9,9,10,695,5,84,46,271,673,89,657,698,689,163,509,4,24,691,627,45,686,267,151,41,490,700,137,429,687,611,342,55,477,569,682,16,632,641.5,94
"140",623.844930417495,654,696,700,247,84,638,92,697,219,14,35,12,16,256,295,258,350,487,656,139,404,673,41,672,215,549,474,676.5,81,70,17,693,506,99,66,456,675,185,439,667,656,696,658,101,691,626,666,603,641,618,677,560,95,664,659,637,16,658,44,311,667,660,616
"342",624.542743538767,507,123,355,127,379,76,228,250,155,188,300,102,491,143,47,201,612,618,177,432,682,228,696,240,130,102,698,189,238,21,693,379,674,157,699,136,225,378,692,301,193,87,31,89,508,68,166,400,103,570,106,152,271,309,391,658,575,457,319,500,491,474,493
"576",625.24055666004,154,84,85,205,410,692,347,669,190,17,271,681,49,598,692,62,113,17,406,690,118,200,212,686,299,392,638,175,532,457,339,129,694,169,610,669,23,317,1,195,626,655,661,177,383,352,25,8,296,125,330,214,250,694,46,638,251,381,430,136,59,446,425
"580",625.938369781312,358,279,693,363,157,157,695,702,182,77,697,415,689,702,156,417,417,702,695,2,71,23,250,68,5,697,507,700,127,166,621,325,22,369,631,112,45,542,470,5,690,688,622,62,258,688,702,77,335,625,288,59,14,203,619,693,576,31,318,699,152,3,550
"644",626.636182902585,44,506,699,692,641,252,115,3,402,702,49,285,439,295,164,675,85,681,688,506,538,81,577,573,501,559,377,678,505,639,45,250,2,36,634,82,34,22,588,28,27,99,626,658,550,221,653,24,13,677,51,116,240,143,12,197,39,85,679,618,676,373,99
"240",627.333996023857,145,515,49,399,455,697,702,50,431,8,54,275,322,667,508,686,9,48,259,669,432,107,191,550,73,73,138,666,315,401,20,399,515,29,659,697,682,313,45,33,115,612,102,68,17,4,102,80,22,568,33,34,20,212,565,516,57,623,249,9,13,638,3
"108",628.031809145129,344,177,275,351,365,163,256,83,316,310,199,361,283,198,236,397,341,648,278,338,11,444,114,178,303,25,597,394,363,661,238,154,536,396,48,211,152,547,456,302,645,12,3,1,304,683,673,686,5,173,27,18,671,699,696,59,20,643,564,164,10,13,534
"468",628.729622266402,275,24,285,46,139,119,463,693,146,95,476,214,422,94,58,152,588,532,71,497,618,202,578,210,295,566,559,261,273,656,557,178,364,463,582,76,236,657,544,576,112,91,64,635.5,472,52,95,333,695,181,111,391,308,411,627,165,385,533,80,579,384.5,82,531
"355",629.427435387674,4,692,304,380,256,694,59,367,699,684,653,678,30,299,160,21,702,600,393,173,2,123,690,19,701,553,530,425,95,61,651,415,26,100,619,393,204,27,671,25,175,687,349,9,685,9,76,355,547,39,619,119,190,670,63,347,621,108,177,62,630,656,685
"425",630.125248508946,266,423,547,347,488,282,484,537,404,457,401,171,535,343,549,632,620,688,321,646,666,368,595,433,508,203,393,284,683,415,630,638,195,619,587,455,624,92,611,41,636,11,529,550,661,361,149,349.5,590,211.5,140,98,180,68,539,322,140,292,342,667,262,597,688
"456",630.823061630219,51,52,180,184,251,151,331,685,24,286,185,97,201,163,93,265,587,328,202,52,606,149,599,48,106,341.5,609,383,45,82,628,174,391,222,483,65,176.5,40,631,610,52,124,155,419,203,191,106,343,538,348,425,285,359,93,535,151,354,281,87,248,507,551,588
"58",631.520874751491,596,300,600,532,663,586,586,595,548,591,544,519,515,516,506,557,159,389,616,644,191,542,98,490,543,370,100,533,656,310,279,603,414,531,396,543,528,390.5,263,167,479,328,425,332,174,424,609,188,182,112,537,251,523,518,160,505,137,156,418,169,228,209,189
"687",632.218687872763,250,38,257,72,91,204,674,662,138,119,372,685,691,325,685,472,688,502,459,51,641,45,678,26,401,585,498,25,301,565,673,345,690,680,655,23.5,64,698,603,402,322,491,162,65,63,62,199,119,474,564,167,150,248,333,340.5,185,680,102,120,634,305,120,58
"122",632.916500994036,171,205,316,248,163,158,137,103,70,66,513,382,232,105,204,259,581,395,229,106,651,266,650,62,198,588,545,427,275,671,487,185,190,275,661,380,283,530,639,374,439,187,480,32,12,646,43,665,625,357,628,96,680,666,176,564,176,425,406,168,470,232,343
"593",633.614314115308,481,511,535,557,586,536,495,505,546,565,512,501,519,448,393,566,150,329,598,592,214,557,158,623,473,318,101,552,625,378,219,573,346,601,225,549,519,589,253,172,528,323,510,381,181,500,561.5,244,231,158,474,234,501,510,201,370,166,187,532,152,165,224,215
"343",634.312127236581,255,97,321,144,204,126,688,652,125,243,164,166,264,91,302,467,61,237,344,273,434,337,539,57,249,86,16,286,158,50,40,131,52,460,203,481,373,75,174,420,91,161,321,578,436,236,186,127,147,375,177,180,183,241,493,578,59,440,660,50,101,497,101
"7",635.009940357853,332,83,206,14,164,686,316,71,236,86,27,55,50,328,28,97,49,28,166,685,598,237,461,5,17,8,216,169,66,4,555,135,135,120,667,182,341,294,41,682,239,556,188,591,64,346,192,84,66,671,379,682,294,616,656,500,701,454,161,659,391,154,65
"432",635.707753479125,158,677,692,307,86,128,684,69,5,314,272,702,75,583,278,694,371,12,163,318,319,685,205,16,301,489,618,668,73,233,443,417,208,511,366,284,475,567,286,143,548,25,84,313,150,350.5,17,196,4,6,376,102,646,2,83,26,307,213,621,698,9,586,399
"233",636.405566600398,641,6,115,38,320,646,219,653,102,112,226,307,134,333,27,143,696,507,88,314,681,281,656,33,405,609,668,232,67,139,670,321,560,43,660,134,381,115,673,552,672,589,231,644,680,13,93,632,595,471,683,29,46,657,633,64,471,614,675,319,62,669,617
"155",637.10337972167,385,558,499,418,666,478,462,632,447,652,464,254,390,523,609,50,21,103,583,655,337,7,507,534,460,105,413,474,669,51,517,530,421,674,9,560,602,158,492,44,641,539,105,209,695,689,12,50,683,23,20,467,22,17,692,503,34,414,583,85,571,613,29
"283",637.801192842942,366,504,622,657,644,581,383,397,650,612,613,597,401,556,627,517,299,378,638,527,106,556,292,473,465,439,92,450,630,348,293,546.5,426,570,242,570,521,412,348,352,504,447,444,357,329,327,521,269,158,195,374,263,604,471,137,544,69,67,515,183,141,171,357
"50",638.499005964215,274,620,459,438,445,577,409,324,336,409,267,628,255,269,612,490,222,144,417,600,299,393,322,339,385,321,262,345,291,265,234,490,271,327,392,345,432,373,363,276,529,543,520,496,145,537,526,66,113,63,298,532,555,257,354,278,281,367,228,468,77,368,114
"694",639.196819085487,684,121,686,51,701,412,1,572,421,675,8,240,566,313,215,207,388,232,72,616,339,112,389,264,519,53,483,674,692,633,71,39,681,113,509,140,700,65,463,429,524,618,623,183,538,209,468,669,132,646,643,33,657,674,57,274,7,499,677,472,516,648,420
"484",639.89463220676,462,151,308,531,533,269,280,433,387,563,351,269,329,412,161,646,425,464,425,665,549,625,523,149,402,158,669,282,358,380,565,381,504,595,533,516,641,364,550,175.5,157,321,420,560,392,216,453,676,470,324,604,45,132,88,580,309,323,328,291,360,181,601,155
"118",640.592445328032,591,334,296,621,643,283,312,382,395,392,210,129,370,581,632,140,351,422,161,670,181,311,275,606,472,144,463,298,118,382,153,443,288,42,398,467,398,588,206,513,502.5,259.5,286,469,454,474,365,105,363,452,467,109,630,428,88,247,211,133,269,403,119,493,259
"113",641.290258449304,413,350,642,506,672,555,571,584,679,21,576,591,413,370,630,502,353,520,644,574,497,581,120,408,468,164,522,451,663,132,283,622,71,654,297,16,565,532,576,349,21,492,20,633,343,521,656,113,328,641,412,701,3,194,67,656,695,636,699,662,613,44,61
"480",641.988071570576,487,639,400,236,384,429,604,109,443,319,324,366,598,416,350,330,486,41,411,537,313,679,306,525,337,289,98,76,92,285,461,444,237,314,131,557,382,105,389,395,481,67,292,88,476,303,345,73,313,253,128,563,80,227,334,292,347,595,362,313,214,258,223
"393",642.685884691849,640,641,44,334,8,50,197,112,187,57,23,18,83,33,20,460,662,38,73,132,678,155,660,73,136,11,566,29,308,516,583,314,624,86,684,71,197,10,681,466,692,103,75,74,660,650,452,34,18,635,285,513,252,673,74,20,11,357,689,2,88,458,633
"238",643.383697813121,621,645,302,147,171,690,148,154,294,74,437,504,179,441,460,224,136,398,299,68,304,93,179,495,170,294,77,117,205,377,185,181,420,204,125,100,74,513,347,97,423,501,308,322.5,99,478,229,214,255,106,567,93,656,534,412,267,206,80,590,79,452,330,290
"177",644.081510934394,321,40.5,27,211,270,442,149,443,222,420,247,53,405,414,94,67,294,330,84,223,498,141,33,124,84,635.5,239,233,257,104,256,160,494,244,43,192,277,339,545,487,303,331,478,331,284,72,569,628,700,664,485,386,367,323,575,407,289,120,188,567,573,641.5,625
"475",644.779324055666,698,401,74,292,433,620,656,128,271,39,652,8,330,636,232,372,132,442,48,300,150,85,286,650,698,281,615,158,31,203,112,305.5,691,73,240,37,339,615,233,149,402,610,418,356,146,584,382,207,283,319,576,236,605,96,335,694,106,91,597,188,420,91,335
"329",645.477137176938,185,555,348,355.5,486,297,630,624,637,415,490,568,340,507,473,314,478,50,18,526,565,217,464,600,649,534,328,366,241,489,446,511,508,496,221,340,658,519.5,386,40,368,644,625,64,87,647,383,614,406,268,565,331,225,33,416,415,180,384,55,610,327,558,374
"530",646.174950298211,306,523,312,54,94,353,438,499,543,120,626,574,469,433,373,693,502,687,497,626,422,687,329,342,684,386,115,17,544,53,111,659,334,13,422,509,511,388,596,181,451,404,273,485,127,371,658,7,349,246,415,43,670,449,226,492,14,619,615,4,692,2,316
"538",646.872763419483,599,427,3,650,621,281,441,437,643,686,580,66,657,500,251,576,247,426,287.5,410,61,528,137,465,591,30,674,553,641,340,301,697,163,118,245,506,615,254,140,333,440,426,560,245,407,603,614,19,11,321,453,349,544,24,297,676,152,249,510,178,4,358,385
"350",647.570576540755,504,332,565,689,627,565,606,539,571,9,482,660,540,687,574,27,379,169,40,416,376,668,6,464,475,29,361,672,18,582,36,38,474,514,10,251,38,361,46,15,99,279,166,107,666,168,78,401,680,420,174,666,293,429,478,146,563,582,297,411,489,65,15
"578",648.268389662028,542,493,593,685,461,576,597,573,601,618,492,640,332,589,454.5,670,349,542,508,389,136,214,151,536,671,383,392,68,321,363,94,262,449,301,228,641,299,584,458,386,395,485,338,455,143,407,497,102,191,1,507,36,10,642,140,519,74,428,471,462,309,158,177
"698",648.9662027833,317,490,221,362,452,670,7,295,140,143,62,358,361,52,434,412,200,270,198,362,122,250,333,615,327,693,170,362,390,464,115,421,417,49,251,40,394,267,379,157,580,629,595,36,256,348,598,33,337,579,408,219,515,689,39,381,380,330,649,291,155,157,310
"367",649.664015904573,320,320,596,613,375,424,348,692,66,406,417,363,108,481,339,266,611,620,633,474,576,199,590,322,205.5,167,588,51,342,594,674,657,140,96,586,401,47,366,340,697,16,68,12,611,56,137,128,341,656,443,73,630,543,142,168,63,547,660,45,639,539,577,297
"90",650.361829025845,414,107,594,397,441,202,265,188,261,396,398,191,496,139,334,162,468,568,271,237,518,335,420,232,346,388,293,424,263,178,518,315,493,130,439,166,129,346,282,563,435,370,236,447,151,206,435,231,91,189,389,298,490,443,272,106,197,496,267,446,545,445,333
"82",651.059642147117,339,117,394,453,568,683,217,160,406,662,692,698,114,573,16,76,188,191,10,695,201,509,9,97,695,481,339,11,695,391,129,589.5,622,294,437,660,22,549,394,120,539,401,526,410,310,381,499,161,379,282,393,8,504,562,263,660,110,255,603,115,492,33,306
"514",651.75745526839,128,243,336,17,49,92,76,269,398,687,110,131,86,25,688,25.5,656.5,641,685,251,557,24,659,700,410,543.5,636,75,64,120,691,452,86,465,581,68,132,152,694,514,276,109,282,43,657,60,437,653,47,673,220,461,69,86,663,682,626,514,101,53,659,643,645
"124",652.455268389662,572,548,449.5,661,447,439,474,583,582,199,507,550,608,497,600,610,161,87,453,552,178,526,262,331,404,273,327,602,638,451,160,451,431,495,343,439,515,431,208,272,582,293,466,232,194,429,619,169,276,146,525,268,331,533,301,452,163,303,460,208,356,281,266
"624",653.153081510934,287,92,104,305,172,43,78,176,183,183,163,14,89,101,63,331,396,183,343,107,423,372,367,126,41,514,57,404,359,90,479,267,88,407,89,212,312,86,54,422,245,550,170,110,637,51,258,118,648,350,258,443,254,385,572,648,383,493,241,100,363,545,441
"499",653.850894632207,211,100,37,175,317,358,160,205,353,408,278,84,119,394,128,195,430,454,138,289,255,60,384,436,181.5,94,313,144,174,25,53,546.5,310,273,503,74,118,369,257,248,287,123,165,303,373,110,286,622,668,445,511,309,397,364,536,409,593,649,59,530,179,308,246
"146",654.548707753479,669,668,233,117,287,651,337,40,158,201,30,194,32,656,660,54,233,441,109,61,282,130,302,175,75,412,595,243,71,650,312,136,591,388,262,120,88,315,177,347,401,420,557,306,119,162,604,143,207,252,383,348,2,597,117,10,91,267,616,260,142,54,25
"85",655.246520874751,368,605,635,524,491,557,483,402,662,578,516,636,457,395,593,518,300,292,628,621,243,462,101,335,652,271,202,646,622,336,182,645,158,38,215,609,504,472,14,208,603,460,449,471,302,321,571,10,72,204,356,200,325,595,310,562,228,123,572,128,118,356,303
"159",655.944333996024,68,82,258,141,244,658,87,80,210,210,679,302,100,174,75,81,443,129,100,27,375,192,62,685,184,46,447,56,225,91,435,206,588,453,67,434,207,697,460,431,209,272,151,30,48,23,191,577,453,481,164,653,236,321,548,156,578,9,640,655,53,598,429
"503",656.642147117296,541,301,266,55,346,198,238,254,435,459,600,642,581,280,562,254,256,605,603,666.5,486,331,501,231,679,93,441,504,516,403,157,83,54,108,355,333,426,241,513,313,444,552,59,124,335,576,232,662,192,493,95,602,468,211,13,235,623,411,671,258,450,272,241
"614",657.339960238569,313,323,86,66,297,255,31,357,194,522,60,349,638,301,380,38,215,365,56,453,544,382,606,585,361,37,109,687,280,384,633,516,252,223,649,575,78,33,582,529,476,615,453,79,652,443,195,565,581,159,544,78,178,316,546,243,535,630,62,336,586,49,403
"137",658.037773359841,295,138,423,381,470,40,142,81,202,132,654,356,292,609,255,304,433,225,667,109,555,324,437,697,298,208,294,250,495,42,575,331,31,322,156,346,186,659,525,637,301,231,235,589,415,644,285,571,32,455,311,413,191,234,70,568,436,610,49,554,478,79,553
"147",658.735586481113,96,699,66,432,205,603,49,100,57,197,90,75,166,66,659,7,119,317,93,40,301,700,171,646,78,325,673,671,417,426,184,144,435,701,282,694,699,476,194,206,375,314,501,350,231,684,528,176,159,156,551,226,592,479,195,93,149,130,508,201,206,279,124
"198",659.433399602386,193,16,200,391,316,618,282,252,223,138,69,390,222,181,51,52,110,269,182,342,297,78,26,190,321,653,11,661,294,332,332,477,106,317,311,135,332,507,377,319,324,164,598,178,351,591,500,75,345,652,600,215,226,319,485,445,698,332,138,180,230,347,34
"39",660.131212723658,501,412,520,667,638,389,623,439,644,636,371,450,452,279,555,527,109,255,377,547,257,622,210,542,578,446,387,592,575,350,92,574,317,512,210,517,411,256,297,129,532,267,401,503,191.5,431,432,146,196,221,494,290,285,599,289,553,76,79,592,130,201,292,433
"535",660.82902584493,391,469,310,328,478,688,38,14,281,402,140,445,39,657,415,363,71,374,175,523,43,304,178,115,145,502,524,167,616.5,176,137,401,319,500,443,325,420,527,187,397,549,358,114,334,154,458,193,319,277,126,211,178,679,647,309,469,173,30,395,309,153,286,149
"533",661.526838966203,3,264,99,238,430,5,66,248,217,26,211,675,187,658,106,255,465,201,171,42,494,260,143,65,37,665,553,236,28,94,553,431,661,67,604,22,73,273,79,683,1,34,299,651,286,676,111,675,26,335,56,20,27,64,661,232,53,674,695,515,6,680,12
"631",662.224652087475,531,497,519,648,606,448,590,478,599,407,562,554,532,586,457,508,211,344,609,517,207,604,91,388,567,347,334,264,498,354,241,472,277,622,421,574,455,375,292,165,507,330,377,394,293,557,467,190,177,183,428,281,495,553,180,429,164,242,411,275,225,322,134
"95",662.922465208748,179,27,672,31,286,44,4,33,4,85,22,304,25,355,170,68,39,326,452,691,137,116,166,24,224,471,195,386,519,452,131,290,406,44,390,25,92,616,212,140,601,19,432,353,368,571,640,277,247,288,348,395,507,559,234,380,105,282,512,296,127,17,2
"46",663.62027833002,168,167,108,98,194,101,161,138,118,160,252,117,181,223,178,79,122,388,200,415,362,137,321,307,156,340,229,199,240,477,202,228,316,189,334,186,267,521,342,68,410,329,370,223,156,446,507,367,301,364,583,296,574,592,315,622,334,446,374,240,133,369,323
"164",664.318091451292,461,685,609,623,635,409,493,519,661,608,452,534,414,437,34,582,212,324,509,470,253,615,93,90,650,470,260,458,593,237,223,595,168,651,328,507,619,433,254,173,533,361,522,254,208,505,566,258,205,132,482,346,61,495,213,237,171,229,536,216,227,343,217
"449",665.015904572565,257,537,614,625,408,497,561,614,674,595,584,571,516,600,554,633,155,207,536,576,289,596,248,577,487,333,179,431,163,195,230,265,341,627,391,258,621,555,269,139,415,433,562,311,172,459,449,202,253,87,529,187,273,489,424,383,121,204,498,354,148,216,320
"208",665.713717693837,702,187,384,408,460,112,335,352,377,645,145.5,99,55,613,287,338,651,51,89,142,611,201,618,657,32,624,578,181,534,622,636,65,699,692,451,661,436,172,523,92,698,682,694,512,512,124,44,63,100,666,202,663,207,418,351,665,2,543,17,426,498,627,587
"691",666.411530815109,624,418,691,106,11,580,361,393,673,116,431,483,396,302,489,354,367,613,639,573,356,21,355,505,674,428,171,512,564,236,181,7,258,502,335,210,16,239,476,297,494,51,408,195,2,580,163,398,270,645,545,9,32,1,697,470,198,597,442,505,318.5,689,193
"699",667.109343936382,246,103,248,358,210,643,239,91,265,175,173,306,109,176,310,343,37,80,221,201,63,278,374,204,146,525,21,227,312,551,340,317,131,326,100,306,170,60,89,532,128,169,259,156,52,163,182,610.5,472,61,281,154,234,341,479,66,454,468,114,591,537,462,634
"665",667.807157057654,566,557,13,482,590,566,687,57,126,4,685,518,697,520,545,637,575,36,528,641,340,627,64,632,31,12,204,358,595,9,592,582,646,579,646,496,497,281,21,688,176,89,614,507,32,6,334,441,557,483,4,163,702,20,651,527,631,677,91,13,37,630,694
"290",668.504970178926,468,316,516,475,314,443,432,452,366,373,402,250,458,465,417,470,134,444,319,530,281,143,172,326,467,243,166,477,168,269,196,577,338,563,285,453,478,464,251,138,383,372,375,287,271,378,589,148,173,118,559,144,232,524,134,171,138,219,551,393,443,146,337
"410",669.202783300199,359,159,666,405,31,268,333,72,122,144,46,64,31,353,92,160,473,128,213,188,384,44,558,289,147,170,419,49,39,88,350,33,89,389,466,478,656,52,635,39,94,594,58,126,18,665,389,638,520,397,681,38,125,376,359,36,551,548,240,32,47,683,648
"662",669.900596421471,231,258,245,28,101,117,278,169,41,70,91,141,59,56,29,55,281,421,274,350,184,47,140,666,261,415,541,364,270,456,275,159,429,114,238,105,75,401,371,335,553,302,584,460,250.5,471,503,158,341,231,592,250,621,566,200,438,192,152,550,285,66,329,365
"186",670.598409542744,492,465,528,658,594,441,565,543,651,371,541,612,531,606,453,652,172,401,468,455,280,499,157,471,581,299,111,548,375,383,169,538,227,673,304,602,492,347,131,95,456,555,190,282,270,552,586,187,193,367,373,179,218,591,144,404,286,244,408,137,158,149,256
"20",671.296222664016,316,214,328,415,398,145,258,332,373,451,235,246,348,137,253,671,312,209,486,208,355,662,348,656,419,223,322,381,488,160,420,438,155,489,197,381,467,634,136,53,370,243,274,225,70,599,472,85,404,82,649,242,455,425,91,582,62,124,314,157,106,469,446
"344",671.994035785288,670,667,420,87,332,264,622,355,382,51,78,602,41,510,464,148,315,2,262,409,3,563,357,302,29,507,670,428,140,567,7,674,101,359,350,8,208,301,604,56,660,346,108,190,355,357,171,17,317,472,479,351,334,224,42,499,213,3,316,365,548,549,655
"592",672.691848906561,80,9,65,348,47,216,191,655,184,80,156,153,132,114,73,681,343,113,400,341,47,654,378,676,100,66,316,223,53,64,417,19,97,68,91,468,174,5,59,541,8,496,269,103,506,196,97,456,445,376,272,597,238,37,467,192,386,648,37,340,534,508,530
"341",673.389662027833,659,265,676,1,693,595,231,345,469,202,526,412,426,102,405,546,89,199,612,137,39,418,53,409,289,189,40,701,17,555,82,699,146,1,36,572,387,672,91,479,307,287,238,157,80,201,319,86,632,387,629,132,117,235,54,56,438,634,140,523,567,640,570
"353",674.087475149105,310,90,294,133,275,166,274,309,259,315,343,272,302,58,228,272,444,612,146,99,534,356,492,220,309,225,278,238,268,558,539,268,667,364,502,131,253,176,499,406,80,82,79,497,565,183,253,490,446,556,292,496,318,399,559,133.5,31,562,134,617,406,130,585
"411",674.785288270378,603,354,214,451,623,294,535,456,519,513,475,460,464,610,573,435,617,470,544,514,620,593,609,293,509,372,539,87,109,498,570,155,55,94,399,686,510,149,592,510,116,233,99,526,419,344,427,475,620,515,172,221,129,403,515,187,650,639,387,497,565,335,461
"38",675.48310139165,345,573,480,276,371,160,221,579,474,440,292,423,646,276,444,474,158,250,472,239,125,221,88,443,608,228,461,211,557,404,353,152,147,556,475,371,175,405,157,269,417,326,313,285,166,598,146.5,100,442,96,394,278,464,375,87,161,391,334.5,628,525,459,25,171.5
"413",676.180914512923,556,373,434,378,597,393,367,279,466,555,411,247,586,185,424,461,307,381.5,381,465,316,620,303,387,470,467,427,436,419,466,274,372,204,558,236,490,443,498,408,133,568,435,312,508,273,384,426,331,339,207,538,192,562,564,240,375,316,383,522,457,275,160,329
"337",676.878727634195,387,479,627,656,516,425,417,633,619,529,409,457,461,533,402,648,101,411,513,580,28,490,134,628,444,461,501,476,587,429,326,579,160,606,337,595,633,599,22,219,468,292,407,233,140,405,633,239,202,176,572,329,474,492,146,507,230,294,426,133,246,163,132
"534",677.576540755467,499,535,656,471,549,463,617,648,497,658,488,647,116,660,533,385,309,602,655,412,185,240,268,591,480,362,389,573,526,490,127,600,307,366,402,91,542,299,400,201,436,322,72,474,307,377,24,95,355,109,319,14,626,693,207,1,326,221,386,24,461,320,152
"453",678.274353876739,144,170,319,217,28,648,245,272,159,140,183,663,291,635,112,155,622,158,389,146,591,57,586,25,392,577,603,45,499,106,625,400,537,279,641,103,239,175,546,103,82,654,227,213,74,177,369,668,399,594,253,541,266,370,612,299,445,369,113,609,608,450,83
"692",678.972166998012,291,36,19,20,38,95,3,240,342,248,367,177,678,631,265,246,699,671,127,702,669,286,433,55,345,683,662,312,139,487,649,396,634,18,603,424,401,81,662,689,5,29,148,646,55,145,461,76,693,592,305,639,292,414,570,611,691,374,263,622,364,448,636
"107",679.669980119284,314,246,333,550,296,639,560,619,249,610,286,348,198,221.5,307,334,181,315,443,674,233,135,189,191,370,232,519,411,522,422,208,219,254,57,393,435,165,358,220,144,256,587,339,283,241,541,297,168,326,668,597,266,283,427,260,495,659,331,53,65,159,306,52
"594",680.367793240557,421,395,652,597,657,277,588,635,681,467,459,583,605,574,504,623,106,420,522,363,81,468,243,306,525,646,162,511,584,319,168,642,53,667,230,548,568,386,410,370,260,577,544,102,83,436,490,363,203,606,446,2,585,416,530,477,700,264,678,14,1,243,40
"671",681.065606361829,20,51,69,271,393,4,147,268,137,279,203,321,175,261,137,187,554,53,28,151,447,450,469,157,357,253,335,43,29,52,491,98,255,253,39,431,147,29,449,481,621,324,612,454,515,78,21,335,135,209,8,676,196,52,576,557,202,18,555,392,551,510,53
"117",681.763419483101,560,544,590,565,677,356,266,552,587,25,645,605,477,570,426,647,166,26,611,512,19,599,242,467,678,425,245,565,592,607,296,567,301,492,318,487,498,336,382,13,566,409,411,259,346,335,7,242,16,102,553,368,5,466,107,701,162,424,530,163,277,7,265
"139",682.461232604374,472,444,557,538,640,343,593,514,496,568,596,564,411,429,558,558,118,220,542,539,119,514,142,540,545,348,394,496,644,282,173,520,225,305,142,558,493,263,296,119,457,374,583,402,242,430,440,184,271,185,560,151,211,538,232,202,231,195,575,181,324,197.5,250
"288",683.159045725646,298,114,267,100,215,62,72,105,107,208,84,179,279,95,83,69.5,407,106,148,212,117,160,55,415,272,136,31,278,338,571,408,124,48,174,117,158,173,96,100,411,107,46,32,305,581,54,57,391,458,291,41,342,221,218,69,340,456,528,79,616,527,98,475
"647",683.856858846918,299,485,416,213,197,401,468,493,145,73,363,138,546,67,196,376,491,335,255,78,596,484,596,393,58,317,386,136,61,642.5,607,234,203,199,597,252,148,496,551,403,251,275,183,639,313,406,116,583,566,308,135.5,324,105,54,643,77.5,549,593,61,315,429,407,595
"450",684.554671968191,637,653,170,30,471,200,662,59,30,52,187,2,339,645,700,1,701,685,245,678,685,4,677,280,212,688,700,252,230,95,699,318,8,70,687,21,26,678,684,477,81,264,1,38,40,617,659,534,542,702,17,669,663,26,10,666,56,571,32,671,681,672,9
"239",685.252485089463,543,388,664,647,618,244,287,620,479,195,602,630,614,159,333,327,248,536,286,340,469,307,261,347,625,607,231,516,254,563,192,647,332,401,256,649,308,112,370,543,546,317,440,56,614,264,276,544,563,395,165,412,257,141,300,113,183,60,27,308,46,57,497
"92",685.950298210736,198,68,70,76,134,11,179,223,13,76,34,95,158,286,10,194,676,120,449,81,481,210,630,61,48,191,499,654,77,673,431,116,43,66,685,75,169,323,595,21,137,248,214,123,674,699,230,340,682,669,2,77,35,186,423,111,526,685,31,90,44,677,24
"14",686.648111332008,162,197,111,411,198,673,302,340,321,443,285,282,195,300,274,367,147,452,246,379,160,440,127,228,423,414,268,455,451,395,132,288,427,341.5,233,279,229,353,247,142,466,445,403,371,111,481,607,145,161,198,491,422,518,572,128,314,156,138,481,143,304,274,138
"133",687.34592445328,147,182,251,186,142,27,198,181,232,256,220,226,249,189,190,164,63,146,183,145,110,189,484,202,88,304,152,306,298,286,370,172,568,297,120,77,93,134,94,573,325,191,62,112,462,178,224,541,221,269,460,245,392,237,250,138,480,352,412,461,493,467,486
"423",688.043737574553,268,156,155,78,61,189,324,259,306,299,155,45,304,585,26,94,663,485,432,283,640,282,633,32,223,626,583,392.5,324,5,645,420,85,110,673,319,355.5,686,567,37,249,228,245,163,22,19,9,658,603,59,57,108,701,300,85,148,363,61,165,686,575,675,700
"281",688.741550695825,583,593,525,548,546,397,575,420,462,453,628,619,592,530,595,554,257,264,646,486.5,305,483,110,546,619,605,116,626,613,367,292,519,398,567,322,615,637,536,221,29,564,628,599,270,206,561,480,591,246,498,343,456,618,407,690,552,276,277,438,330,130,222,210
"641",689.439363817098,197,129,209,40,128,15,85,263,15,94,291,322,278,51,6,284,675,52,184,94,659,234,636,86,42,501,654,152,311,676,669,192,528,119,679,146,55,21,643,566,55,16,63,612,623,104,277,407,688,417,144,70,120,343,491,25,679,376,112,430,68,468,598
"176",690.13717693837,263,415,551,313,525,454,557,465,500,148,552,319.5,403,541,536,444,148,458,517,394,251,567,199,469,604,337,150,307,207,257,166,195,326,581,412,460,628,546,262,197,454,239,496,325,139,452,632,327,217,145,501,111,588,542,86,354,234,111,607,165,134,159,289
"562",690.834990059642,397,309,695,651,27,476,184,342,487,528,314,578,404,504,610,507,219,412,657,653,328,455,89,496,450,455,131,517,3,364,210,137,265,367,317,657,354,410,175,281,593,307,574,373,377,310,505,248,238,283,466,261,578,574,294,465,160,271,427,118,290,273,207
"397",691.532803180914,536,580,663,632,646,538,628,483,498.5,12,453.5,559,609,136,544,664,36,276,8,622,139,658,241,403,477,391,207,481,697,351,106,646,206,20,54,692,684,593,271,283,351,15,443,256,356,473,646,230,439,130,536,237,551,472,326,486,270,114,417,26,229,202,304
"225",692.230616302187,121,149,282,18,245,14,19,132,153,294,190,664,667,20,35,103,483,75,308,8,392,53,471,680,280,169,340,64,465,57,525,175,10,22,211,151,33,73,68,81,151,596,617,571,62,24,304,430,24,426,646,123,82,301,115,76,40,13,216,80,618,658,442
"617",692.928429423459,557,119,650,635,514,319,551,565,655,621,587,576,548,484,410,520,571,164,587,382,32,472,1,625,645,190,371,632,572,100,8,542,228,561,463,653,654,119,7,484,662,661,54,44,13,681,49,413,696,510,69,620,127,163,675,62,668,54,56,563,515,397,84
"163",693.626242544732,634,629,570,39,338,380,145,576,686,649,614,661,473,638,568,350,258,339,637,498,314,681,332,313,685,445,209,541,4,419,120,641,432,678,246,191,237,246,201,273,404,657,439,479,116,667,636,312,377,230,582,403,637,588,293,483,306,197,620,174.5,128,185,160
"172",694.324055666004,443,343,573,577,454,464,227,419,594.5,323,364,452,466,513,348,526,320,184,491,566,155,448,216,590,534,258,273,487,618,427,224,536,390,454,244,594,221,443,265,169,547,395,533,267,272,389,525,104,358,374,411,228,340,507,264,558,253,49,435,82,485,247,113
"688",695.021868787276,639,287,476,287,343,25,189,688,432,334,669,256,257,293,105,361,94,672,496,71,427,62,86,15,202,569,330,201,473,701,329,402,226,45,22,355,230,617,532.5,665,225,7,34,575,412,131,689,597,633,566,381,37,652,631,545,38,190,184,584,658,701,30,575
"655",695.719681908549,608,565,597,481,544,306,601,607,676,543,403,482,400,387,537,547,464,61,588,372,583,474,425,391,669,15,443,555,650,10,528,528,656,603,465,568,505,658,421,550,101,186,392,545,65,291,465,538,78,623,157,421,215,29,398,123,464,599,35,605,482,115,89
"79",696.417495029821,439,509.5,373,433,299,261,226,377,221,266,168,241,312,330,530,71,250,472,239,380,101,312,230,611,236,249,475,370,426,284,304,395,357,219,368,243,408,392,211,188,558,386,400,231,128,394,627,460,299,225,355,205,347,387,182,244,185,178,514,159,393,205,232
"610",697.115308151093,32,261,457,429,477,617,663,37,428,50,332,406,665,308,148,96,654,4,178,360,574,46,571,9,10,575,684,202,681,24,535,352,697,83,70,152,676,329,66,43,596,105,159,595,4,254,14,14,34,678,634,22,53,640,602,91,572,78,394,56,696,74,37
"61",697.813121272366,146,672,156,326,135,203,229,239,319,285,296,182,46,255,657,271,334,533,311,270,335,145,27,139,178,202,375,187,144,569,26,426,592,285,209,461,389,664,78,685,659,572,38,212,433,207,447,560,685,85,663,679,354,304,484,242,608,410,655,434.5,58,595,671
"304",698.510934393638,114,158,236,371,257,82,318,281,340,364,666,403,353,192,270,299,47,163,303,202,69,348,48,179,391,147,30,294,468,81,86,151,59,427,135,471,403,211,97,603,278,486,298,148,53,287,366,388,397,46,201,475,650,276,104,198,372,436,233,432,114,85,512
"473",699.208747514911,407,394,428,564,406,317,455,317,615,525,483,556,521,449,367,569,127,235,594,478,161,606.5,153,365,572,259,220,564,646,346,156,572,165,346,273,534,632,462,216,275,544,459,294,360,289,414,576,162,304,247,488,267,558,505,303,481,181,135,547,222,226,236,242
"106",699.906560636183,23,87,31,315,65,656,682,690,418,72,14,666,246,50,663,8,129,591,187,3,190,18,11,66,396,395,647,657,136,441,315,330,632,6,218,301,12,465,381,34,419,344,593,309,404,391,678,2,360,270,593,534,514,11,475,128,123,527,478,404,570,105,287
"651",700.604373757455,651,11,208,322,282,205,11,6,6,676,61,25,5,356,49,277,448,668,25,25,38,63,525,270,6,621,173,34,188,8,314,398,83,48,588,482,701,535,626,542,36,23,608,511,501,103,82,330,27,90,280,128,62,222,105,524,539,353,254,400,50,95,583
"559",701.302186878728,292,454,32,302,126,682,700,336,419,674,655,680,233,314,54,5,631,479,680,329,649,13,653,133,33,562,672,26,684,543,667,676,499,684,590,67,491,177,664,604,236,100,210,664,672,253,170,625,572,435,163,86,204,200,93,74,639,661,289,466,84,594,572
"291",702,506,594,429,573,681,515,598,625,690,424,620,629,647,483,40,609,244,290,578,531,363,70,104,619,375,430,434,234,563,472,309,558,199,661,259,552,581,478,178,358,469,441,512,326,391,533,650,22,267,180,429,225,103,596,17,153,207.5,260,565,151,326,55,295
